benchmark_environment,benchmark_source,trial_json,scenario,planner,method,success,execution_time_s,controller_action_time_s,physical_settle_time_s,traveled_distance_m,final_position_error_m,final_yaw_error_rad,mean_cross_track_error_m,max_cross_track_error_m,tracking_rmse_m,tracking_max_error_m,collision_monitor_interventions,planned_footprint_collision_sample_count,raw_path_sha256,selected_path_sha256
open_arena,2026-08-03 four-planner matrix,results/pstmo_execution_full_20260803/open_arena/center_block_detour_navfnastar_raw.json,center_block_detour,NavFnAStar,raw,True,33.273,32.019000000000005,1.2539999999999978,4.253885466939894,0.06998573104945456,0.07289782342884897,,,0.02501592088979548,0.04989385397995953,0,0,0cb59d1376a6add4171f20e3846f48ea526ca4782c0d1bdc9972a591f5eb39ed,0cb59d1376a6add4171f20e3846f48ea526ca4782c0d1bdc9972a591f5eb39ed
open_arena,2026-08-03 four-planner matrix,results/pstmo_execution_full_20260803/open_arena/center_block_detour_navfnastar_simple.json,center_block_detour,NavFnAStar,simple,True,31.623,30.372000000000003,1.2509999999999977,4.220677716564223,0.0827507357129554,0.06931026268636913,,,0.03146086673347508,0.061431754532167177,0,0,0cb59d1376a6add4171f20e3846f48ea526ca4782c0d1bdc9972a591f5eb39ed,28ff349d855238c7f4fb38bfa026f480fe6996b83fa37783b2e0050d28e148f4
open_arena,2026-08-03 four-planner matrix,results/pstmo_execution_full_20260803/open_arena/center_block_detour_navfnastar_savitzky_golay.json,center_block_detour,NavFnAStar,savitzky_golay,True,32.823,31.500000000000004,1.3229999999999968,4.23797556689781,0.07896468335629121,0.0946552891412169,,,0.02953854349223774,0.06095005962889777,0,0,0cb59d1376a6add4171f20e3846f48ea526ca4782c0d1bdc9972a591f5eb39ed,64a869e39b9fed3417c13ef220d8ce7b7598c6bd1694e10daba460fcfd46b598
open_arena,2026-08-03 four-planner matrix,results/pstmo_execution_full_20260803/open_arena/center_block_detour_navfnastar_constrained.json,center_block_detour,NavFnAStar,constrained,True,33.588,32.298,1.2899999999999991,4.2548560191014335,0.08048201428912806,0.08378584912283718,,,0.028501572115190194,0.05960333797184388,0,0,0cb59d1376a6add4171f20e3846f48ea526ca4782c0d1bdc9972a591f5eb39ed,caa66a0bd984883a974d13e3e485443ed1b79435a275f910c48e692a7e63faa3
open_arena,2026-08-03 four-planner matrix,results/pstmo_execution_full_20260803/open_arena/center_block_detour_navfnastar_pstmo.json,center_block_detour,NavFnAStar,pstmo,True,30.396,29.040000000000003,1.355999999999998,4.217193230954022,0.08638444522872171,0.09792713264781716,,,0.025369299106818642,0.045484627218950024,0,0,0cb59d1376a6add4171f20e3846f48ea526ca4782c0d1bdc9972a591f5eb39ed,886bb130889f7c864a85bbb06eb6202ffd5427734544e16cba7b54ed7df06c8f
open_arena,2026-08-03 four-planner matrix,results/pstmo_execution_full_20260803/open_arena/center_block_detour_navfndijkstra_raw.json,center_block_detour,NavFnDijkstra,raw,True,32.331,31.005000000000003,1.3260000000000005,4.258766130771375,0.08339942380953734,0.08902400049824857,,,0.01797306859326795,0.0507746209697018,0,0,3c98b58fe10472057e68d9a360ef7e6c8952010048f5cd80fc0cd4b0a2dfe292,3c98b58fe10472057e68d9a360ef7e6c8952010048f5cd80fc0cd4b0a2dfe292
open_arena,2026-08-03 four-planner matrix,results/pstmo_execution_full_20260803/open_arena/center_block_detour_navfndijkstra_simple.json,center_block_detour,NavFnDijkstra,simple,True,31.794,30.393,1.4009999999999998,4.2447345935024146,0.08144529837062074,0.09737311880886518,,,0.016924889000896472,0.03848688395276797,0,0,3c98b58fe10472057e68d9a360ef7e6c8952010048f5cd80fc0cd4b0a2dfe292,a9f2fd62243fc9daff68c2f7699a54ef93449b26ef0cba145c842c73c996f6ec
open_arena,2026-08-03 four-planner matrix,results/pstmo_execution_full_20260803/open_arena/center_block_detour_navfndijkstra_savitzky_golay.json,center_block_detour,NavFnDijkstra,savitzky_golay,True,32.421,31.116000000000003,1.3049999999999962,4.250924444255428,0.07769723009433613,0.08550704790791908,,,0.018545443555652616,0.04416398643260276,0,0,3c98b58fe10472057e68d9a360ef7e6c8952010048f5cd80fc0cd4b0a2dfe292,68f6bb9b621e9e24d3df1d12b973b04b604709050297136d02e5a5f6cedc54ac
open_arena,2026-08-03 four-planner matrix,results/pstmo_execution_full_20260803/open_arena/center_block_detour_navfndijkstra_constrained.json,center_block_detour,NavFnDijkstra,constrained,True,32.514,31.257,1.2570000000000014,4.250688578643583,0.07337394590953902,0.07006692852394969,,,0.015793825903674584,0.036458812030386575,0,0,3c98b58fe10472057e68d9a360ef7e6c8952010048f5cd80fc0cd4b0a2dfe292,a6619a2f56fdb7286620f9909637e4a30fe2d7bc70f699e471e45d957cededb0
open_arena,2026-08-03 four-planner matrix,results/pstmo_execution_full_20260803/open_arena/center_block_detour_navfndijkstra_pstmo.json,center_block_detour,NavFnDijkstra,pstmo,True,29.787000000000003,28.497000000000003,1.2899999999999991,4.165914494818257,0.08099681504097316,0.08920885798588422,,,0.01619762046339365,0.039676137481405985,0,0,3c98b58fe10472057e68d9a360ef7e6c8952010048f5cd80fc0cd4b0a2dfe292,dc6b228600a3828739e2bafe0bac9fe37d8e67db8143bf878ad7849491492a8b
open_arena,2026-08-02 ThetaStar matrix,results/pstmo_execution_theta_star_20260802/pilot_open_arena/center_block_detour_raw.json,center_block_detour,ThetaStar,raw,True,40.161,38.871,1.2899999999999991,4.207659412415179,0.019677148442183445,0.07312022411494985,,,0.03178832071471541,0.06627391214066146,0,0,d337f4e7fc04f25a60747d51155f1743db6eda91445ea3b7de1fde54e6473d30,d337f4e7fc04f25a60747d51155f1743db6eda91445ea3b7de1fde54e6473d30
open_arena,2026-08-02 ThetaStar matrix,results/pstmo_execution_theta_star_20260802/pilot_open_arena/center_block_detour_simple.json,center_block_detour,ThetaStar,simple,True,36.93,35.595,1.3350000000000009,4.146717814877761,0.024407876646339144,0.0768442310140645,,,0.04083456691352642,0.07110105862985183,0,0,d337f4e7fc04f25a60747d51155f1743db6eda91445ea3b7de1fde54e6473d30,dc0fdf9f2e4d0edd0015d9168351719cf7e63ae21c3e56ea460579b5952e0570
open_arena,2026-08-02 ThetaStar matrix,results/pstmo_execution_theta_star_20260802/pilot_open_arena/center_block_detour_savitzky_golay.json,center_block_detour,ThetaStar,savitzky_golay,True,39.666000000000004,38.325,1.341000000000001,4.194596531394757,0.028878550662269596,0.08528083328496473,,,0.03269824267876845,0.06717089495464244,0,0,d337f4e7fc04f25a60747d51155f1743db6eda91445ea3b7de1fde54e6473d30,f04a950230ed6713b8a0e86b9c79280dcda452e26419a3a6644bdb423a6d7510
open_arena,2026-08-02 ThetaStar matrix,results/pstmo_execution_theta_star_20260802/pilot_open_arena/center_block_detour_constrained.json,center_block_detour,ThetaStar,constrained,True,41.736000000000004,40.365,1.3710000000000022,4.2173799196654596,0.026889803738111565,0.07429890819728548,,,0.03689358305138426,0.06538919686586371,0,0,d337f4e7fc04f25a60747d51155f1743db6eda91445ea3b7de1fde54e6473d30,16ac79545a0c7d2c677649afa39510a3341e6e96e363a8b14c80a794b855143a
open_arena,2026-08-02 ThetaStar matrix,results/pstmo_execution_theta_star_20260802/pilot_open_arena/center_block_detour_pstmo.json,center_block_detour,ThetaStar,pstmo,True,36.354,34.95,1.4039999999999964,4.090233584345521,0.02584855518178697,0.08889227043594244,,,0.04130171595617472,0.07425850853323174,0,0,d337f4e7fc04f25a60747d51155f1743db6eda91445ea3b7de1fde54e6473d30,f04d2838c4070ba38db527bcdc4aee9743c268aa2a116be8319c02e2aec3a6d1
open_arena,2026-08-03 four-planner matrix,results/pstmo_execution_full_20260803/open_arena/center_block_detour_smac2d_raw.json,center_block_detour,Smac2D,raw,True,30.468000000000004,29.127000000000002,1.341000000000001,4.158233269418941,0.09272809258788627,0.09486590382549664,,,0.021846414662002833,0.04360413058481916,0,0,3f4d12b59fd93cf6646587e7e5577184cdd7328b41967c339c2721362924e531,3f4d12b59fd93cf6646587e7e5577184cdd7328b41967c339c2721362924e531
open_arena,2026-08-03 four-planner matrix,results/pstmo_execution_full_20260803/open_arena/center_block_detour_smac2d_simple.json,center_block_detour,Smac2D,simple,True,29.385,28.023000000000003,1.3619999999999983,4.145656018122002,0.08749217253302045,0.09390440703365832,,,0.018933475525739738,0.037838579016766745,0,0,3f4d12b59fd93cf6646587e7e5577184cdd7328b41967c339c2721362924e531,111affc8ec884a63248ca586ad6012de2d9b4e1321b700d2f0749594d1be4371
open_arena,2026-08-03 four-planner matrix,results/pstmo_execution_full_20260803/open_arena/center_block_detour_smac2d_savitzky_golay.json,center_block_detour,Smac2D,savitzky_golay,True,30.504,29.124000000000002,1.379999999999999,4.175273829170664,0.0812144756564802,0.09344357766826313,,,0.018810270055743407,0.037185471383562665,0,0,3f4d12b59fd93cf6646587e7e5577184cdd7328b41967c339c2721362924e531,5b938bec878e8515a2dcf07d99d87521a27f5eca4fdaf1d56c968fcd93233f8b
open_arena,2026-08-03 four-planner matrix,results/pstmo_execution_full_20260803/open_arena/center_block_detour_smac2d_constrained.json,center_block_detour,Smac2D,constrained,True,31.995,30.723000000000003,1.2719999999999985,4.225511532456276,0.08915000973863424,0.07894123648405724,,,0.015149320469539623,0.03251197961775432,0,0,3f4d12b59fd93cf6646587e7e5577184cdd7328b41967c339c2721362924e531,d80ecf3f735f28e0fcfbea631eb459f7c0566b89ddb4933b7c798bb356437906
open_arena,2026-08-03 four-planner matrix,results/pstmo_execution_full_20260803/open_arena/center_block_detour_smac2d_pstmo.json,center_block_detour,Smac2D,pstmo,True,28.629,27.375,1.2540000000000013,4.069434956617647,0.09165271408483333,0.0872076130096228,,,0.01834322828073615,0.047371578548281744,0,0,3f4d12b59fd93cf6646587e7e5577184cdd7328b41967c339c2721362924e531,35cb79556cd19df20478d1aca4d414eced985e99ba372ecf5d5af6306f404c5b
open_arena,2026-08-03 four-planner matrix,results/pstmo_execution_full_20260803/open_arena/center_block_detour_smachybrid_raw.json,center_block_detour,SmacHybrid,raw,True,29.349,28.020000000000003,1.328999999999997,4.196819105686917,0.07863110356669716,0.08560157497568034,,,0.03860645923566657,0.1242544011071021,0,0,c700d5269078b836743d799daaeece7817b72b7adc232b751db52c665a342f51,c700d5269078b836743d799daaeece7817b72b7adc232b751db52c665a342f51
open_arena,2026-08-03 four-planner matrix,results/pstmo_execution_full_20260803/open_arena/center_block_detour_smachybrid_simple.json,center_block_detour,SmacHybrid,simple,True,28.197000000000003,26.832,1.365000000000002,4.1445975831135105,0.07699627798878575,0.0892255072330987,,,0.03132825346342961,0.08343456269931133,0,0,c700d5269078b836743d799daaeece7817b72b7adc232b751db52c665a342f51,68acd648a10a4feed4d6e58cd24e0ec464a9c2fe9ba6ee8292e82417a2d33d43
open_arena,2026-08-03 four-planner matrix,results/pstmo_execution_full_20260803/open_arena/center_block_detour_smachybrid_savitzky_golay.json,center_block_detour,SmacHybrid,savitzky_golay,True,29.715000000000003,28.422,1.2930000000000028,4.197972330749113,0.06888034900105214,0.08760980617219098,,,0.03533129647928601,0.10832066179827286,0,0,c700d5269078b836743d799daaeece7817b72b7adc232b751db52c665a342f51,a98ec9b93b65a82e7eb065311b1429f072ffd2e731e4ce2cae41bd64b87389b2
open_arena,2026-08-03 four-planner matrix,results/pstmo_execution_full_20260803/open_arena/center_block_detour_smachybrid_constrained.json,center_block_detour,SmacHybrid,constrained,True,30.924000000000003,29.628,1.296000000000003,4.235275965292467,0.07531500607796324,0.08671162159417364,,,0.039195380964280484,0.1194019757287918,0,0,c700d5269078b836743d799daaeece7817b72b7adc232b751db52c665a342f51,3e1ee4e062189faf445a0f2f15c507990a958e8357cfa7b227b74e3998dbad34
open_arena,2026-08-03 four-planner matrix,results/pstmo_execution_full_20260803/open_arena/center_block_detour_smachybrid_pstmo.json,center_block_detour,SmacHybrid,pstmo,True,28.098000000000003,26.775000000000002,1.3230000000000004,4.099906264343289,0.06706346034584956,0.09556116881179845,,,0.026069444551259285,0.06786477163435332,0,0,c700d5269078b836743d799daaeece7817b72b7adc232b751db52c665a342f51,693c8564391f3c8c3d1fdb59062ed1d2cac12ab732d1cb37fd04c2d34854763d
research_warehouse,2026-08-03 four-planner matrix,results/pstmo_execution_full_20260803/research_warehouse/lower_left_diagonal_navfnastar_raw.json,lower_left_diagonal,NavFnAStar,raw,True,31.911,30.648000000000003,1.2629999999999981,4.5366874446292496,0.013996646355376856,0.06393502702025722,,,0.022097136628486037,0.03997353388090908,0,0,4d96504468a8722e25b5fafb64052d0a20aa44ba80d8b1cec6cf6d246ce64662,4d96504468a8722e25b5fafb64052d0a20aa44ba80d8b1cec6cf6d246ce64662
research_warehouse,2026-08-03 four-planner matrix,results/pstmo_execution_full_20260803/research_warehouse/lower_left_diagonal_navfnastar_simple.json,lower_left_diagonal,NavFnAStar,simple,True,31.194000000000003,29.952,1.2420000000000009,4.5192781354654485,0.012126016431118743,0.06699784440776202,,,0.024576355923769683,0.04517572637300637,0,0,4d96504468a8722e25b5fafb64052d0a20aa44ba80d8b1cec6cf6d246ce64662,c4fbbcf76e122e8244b465f0b5a18ae9a25a7c3b0792c53c03624e0d6c46044b
research_warehouse,2026-08-03 four-planner matrix,results/pstmo_execution_full_20260803/research_warehouse/lower_left_diagonal_navfnastar_savitzky_golay.json,lower_left_diagonal,NavFnAStar,savitzky_golay,True,31.839000000000002,30.441000000000003,1.3979999999999997,4.530700491063666,0.01299471857146563,0.09673664169959473,,,0.021953690094118877,0.044063661807510736,0,0,4d96504468a8722e25b5fafb64052d0a20aa44ba80d8b1cec6cf6d246ce64662,a3561c0c8c2b3ed1cadf7a4d6259115b06401aef0973cb3eeaffc1bc4691150b
research_warehouse,2026-08-03 four-planner matrix,results/pstmo_execution_full_20260803/research_warehouse/lower_left_diagonal_navfnastar_constrained.json,lower_left_diagonal,NavFnAStar,constrained,True,31.674000000000003,30.375000000000004,1.2989999999999995,4.546645586097258,0.009020456036842086,0.08428890883662765,,,0.021275874726862435,0.03995149216849703,0,0,4d96504468a8722e25b5fafb64052d0a20aa44ba80d8b1cec6cf6d246ce64662,efc6a2c1ea653bc1eb2d4cf4eec272a0166a64b7451685ab1e515f43eb44396a
research_warehouse,2026-08-03 four-planner matrix,results/pstmo_execution_full_20260803/research_warehouse/lower_left_diagonal_navfnastar_pstmo.json,lower_left_diagonal,NavFnAStar,pstmo,True,31.416,30.123,1.2929999999999993,4.5169210709870224,0.019642655898696997,0.0725013805153526,,,0.015192512638494063,0.04642701160595714,0,0,4d96504468a8722e25b5fafb64052d0a20aa44ba80d8b1cec6cf6d246ce64662,a2e18c3e4a379c09e18fe25eb09d8a552121b70393ed045261ac1f37834b51cb
research_warehouse,2026-08-03 four-planner matrix,results/pstmo_execution_full_20260803/research_warehouse/lower_left_diagonal_navfndijkstra_raw.json,lower_left_diagonal,NavFnDijkstra,raw,True,31.788,30.432000000000002,1.355999999999998,4.530734582385715,0.011072466645498534,0.08530857421450588,,,0.0212063225711138,0.047624684120642975,0,0,47b605bd3c3765b687d374607c75f17709d99ce1f3037f23f75285bb22d5107f,47b605bd3c3765b687d374607c75f17709d99ce1f3037f23f75285bb22d5107f
research_warehouse,2026-08-03 four-planner matrix,results/pstmo_execution_full_20260803/research_warehouse/lower_left_diagonal_navfndijkstra_simple.json,lower_left_diagonal,NavFnDijkstra,simple,True,30.78,29.535,1.245000000000001,4.513744256195762,0.02551847886153765,0.0667345944961878,,,0.019883766347375566,0.04323231262998529,0,0,47b605bd3c3765b687d374607c75f17709d99ce1f3037f23f75285bb22d5107f,589277865bda89d06f9d7567e3961de7b9f39a28fd11fce02a6a8d88989e35df
research_warehouse,2026-08-03 four-planner matrix,results/pstmo_execution_full_20260803/research_warehouse/lower_left_diagonal_navfndijkstra_savitzky_golay.json,lower_left_diagonal,NavFnDijkstra,savitzky_golay,True,31.035000000000004,29.751,1.2840000000000025,4.51282337971779,0.025123048926841782,0.07482317858215548,,,0.022106936584007208,0.05113072646078633,0,0,47b605bd3c3765b687d374607c75f17709d99ce1f3037f23f75285bb22d5107f,a317f17a037878e2e7d6d9cbefac18e61e400d0a44a364d95127b3d77240128a
research_warehouse,2026-08-03 four-planner matrix,results/pstmo_execution_full_20260803/research_warehouse/lower_left_diagonal_navfndijkstra_constrained.json,lower_left_diagonal,NavFnDijkstra,constrained,True,31.542,30.228,1.314,4.525159394700908,0.014643976884057573,0.07571682212598596,,,0.020044450507386333,0.04928107906273594,0,0,47b605bd3c3765b687d374607c75f17709d99ce1f3037f23f75285bb22d5107f,1225ab2e153d3dd2bfd0276ceab1a9a9e8dab091af973e30f7680a4ba2901629
research_warehouse,2026-08-03 four-planner matrix,results/pstmo_execution_full_20260803/research_warehouse/lower_left_diagonal_navfndijkstra_pstmo.json,lower_left_diagonal,NavFnDijkstra,pstmo,True,32.052,30.804000000000002,1.2479999999999976,4.514621673989359,0.017514847525028906,0.06787990681823641,,,0.015218603934418986,0.04387130672294885,0,0,47b605bd3c3765b687d374607c75f17709d99ce1f3037f23f75285bb22d5107f,caa0202f5e63f28c4fd6b8208c26cdfe6291acbd5edf7bb3f9ea0545cc73204a
research_warehouse,2026-08-02 ThetaStar matrix,results/pstmo_execution_theta_star_20260802/research_warehouse/lower_left_diagonal_raw.json,lower_left_diagonal,ThetaStar,raw,True,34.572,33.168,1.4040000000000035,4.5217066145452876,0.011789109400027864,0.08559783622149508,,,0.01804637031947857,0.04684334792783968,0,0,afca76601c5a42470af345ecd2ed233d5391b840f6762d0e59208d5e4b3a3f8f,afca76601c5a42470af345ecd2ed233d5391b840f6762d0e59208d5e4b3a3f8f
research_warehouse,2026-08-02 ThetaStar matrix,results/pstmo_execution_theta_star_20260802/research_warehouse/lower_left_diagonal_simple.json,lower_left_diagonal,ThetaStar,simple,True,32.526,31.152,1.3740000000000023,4.461321801979153,0.019377724120592445,0.0769167638575351,,,0.022032388809787428,0.04481061318806677,0,0,afca76601c5a42470af345ecd2ed233d5391b840f6762d0e59208d5e4b3a3f8f,8081dc7c6d3a068117166d5baff7b0631a29e31c70230113a8815ae88cc76371
research_warehouse,2026-08-02 ThetaStar matrix,results/pstmo_execution_theta_star_20260802/research_warehouse/lower_left_diagonal_savitzky_golay.json,lower_left_diagonal,ThetaStar,savitzky_golay,True,34.326,32.976,1.3500000000000014,4.503423352306941,0.017313851268735685,0.08390252403043141,,,0.020347823951425058,0.05297344685993029,0,0,afca76601c5a42470af345ecd2ed233d5391b840f6762d0e59208d5e4b3a3f8f,dc8c006bb6ae4594903568b69f3d2f3a7e398cf4f9dcf49dae6e17b2ac1081e0
research_warehouse,2026-08-02 ThetaStar matrix,results/pstmo_execution_theta_star_20260802/research_warehouse/lower_left_diagonal_constrained.json,lower_left_diagonal,ThetaStar,constrained,True,33.975,32.67,1.3049999999999997,4.510688469013774,0.019551554786872344,0.07899179900395446,,,0.02408076756387214,0.057787952641295465,0,0,afca76601c5a42470af345ecd2ed233d5391b840f6762d0e59208d5e4b3a3f8f,e9ccc569a1027052994030d2f2e4883d05feadee1439baaef4df0f7282571385
research_warehouse,2026-08-02 ThetaStar matrix,results/pstmo_execution_theta_star_20260802/research_warehouse/lower_left_diagonal_pstmo.json,lower_left_diagonal,ThetaStar,pstmo,True,33.915,32.517,1.3979999999999961,4.496205579880744,0.02516219450441846,0.09623082856302334,,,0.018279917779459347,0.04349002789177987,0,0,afca76601c5a42470af345ecd2ed233d5391b840f6762d0e59208d5e4b3a3f8f,2056316bf6691d5e56cc0bf07d3c615f06b7a575a1a84341815b2ccfaa0dc630
research_warehouse,2026-08-03 four-planner matrix,results/pstmo_execution_full_20260803/research_warehouse/lower_left_diagonal_smac2d_raw.json,lower_left_diagonal,Smac2D,raw,True,32.493,31.197000000000003,1.2959999999999994,4.445332698571801,0.018550431271463535,0.0860849607113231,,,0.027679207572573784,0.06142775948234757,0,0,96c5596bf3743553ab28ba4f152755896532c820b0c3d035c0b75ee41c6445b8,96c5596bf3743553ab28ba4f152755896532c820b0c3d035c0b75ee41c6445b8
research_warehouse,2026-08-03 four-planner matrix,results/pstmo_execution_full_20260803/research_warehouse/lower_left_diagonal_smac2d_simple.json,lower_left_diagonal,Smac2D,simple,True,31.713,30.378000000000004,1.3349999999999973,4.417453053553366,0.015798677651175354,0.08328709413299218,,,0.029264803904499308,0.06594270332955363,0,0,96c5596bf3743553ab28ba4f152755896532c820b0c3d035c0b75ee41c6445b8,f42e340d3bfb126f014589cb97285bf4ad0764b973ac81326cd6236100e18efd
research_warehouse,2026-08-03 four-planner matrix,results/pstmo_execution_full_20260803/research_warehouse/lower_left_diagonal_smac2d_savitzky_golay.json,lower_left_diagonal,Smac2D,savitzky_golay,True,32.616,31.311000000000003,1.3049999999999962,4.451597337683023,0.008297000326575904,0.08240200404590847,,,0.02871350066944125,0.05989929960465424,0,0,96c5596bf3743553ab28ba4f152755896532c820b0c3d035c0b75ee41c6445b8,6db841856aad206950caef0b1df8bfa221036d41eb9ca2e758265b0081a4243e
research_warehouse,2026-08-03 four-planner matrix,results/pstmo_execution_full_20260803/research_warehouse/lower_left_diagonal_smac2d_constrained.json,lower_left_diagonal,Smac2D,constrained,True,32.727000000000004,31.425,1.3020000000000032,4.468640855386372,0.02081375668456964,0.08615063446269633,,,0.026891002170667172,0.06034888045648308,0,0,96c5596bf3743553ab28ba4f152755896532c820b0c3d035c0b75ee41c6445b8,c0ac59d6d826c0e11dc70e1fcfcdf7dd76a7fd95f2936fcd7b47459212b2f2ae
research_warehouse,2026-08-03 four-planner matrix,results/pstmo_execution_full_20260803/research_warehouse/lower_left_diagonal_smac2d_pstmo.json,lower_left_diagonal,Smac2D,pstmo,True,31.833000000000002,30.504,1.3290000000000006,4.419860217651881,0.017489972311612076,0.09199036204902178,,,0.01884408503406375,0.04590489210347775,0,0,96c5596bf3743553ab28ba4f152755896532c820b0c3d035c0b75ee41c6445b8,0447033ad3be20f8731126179f61792cb93de952f83d461130ed5e1a1fb6f1ff
research_warehouse,2026-08-03 four-planner matrix,results/pstmo_execution_full_20260803/research_warehouse/lower_left_diagonal_smachybrid_raw.json,lower_left_diagonal,SmacHybrid,raw,True,29.241000000000003,27.939,1.3020000000000032,4.551098167047524,0.01956658497980146,0.09130770373399699,,,0.02879433796230908,0.06695940573642717,0,0,57478dc275b32d211a9f6c085410e875a1826515caad9a7d65512c86b66c200c,57478dc275b32d211a9f6c085410e875a1826515caad9a7d65512c86b66c200c
research_warehouse,2026-08-03 four-planner matrix,results/pstmo_execution_full_20260803/research_warehouse/lower_left_diagonal_smachybrid_simple.json,lower_left_diagonal,SmacHybrid,simple,True,28.689,27.408,1.2809999999999988,4.535077111773427,0.02051770557287406,0.08666516546773673,,,0.022103138268795324,0.04658943322126594,0,0,57478dc275b32d211a9f6c085410e875a1826515caad9a7d65512c86b66c200c,5fd045fcda3175cd31fdcbef0ef60811ade4c6226aab0be67d5ce070b3ef7d54
research_warehouse,2026-08-03 four-planner matrix,results/pstmo_execution_full_20260803/research_warehouse/lower_left_diagonal_smachybrid_savitzky_golay.json,lower_left_diagonal,SmacHybrid,savitzky_golay,True,29.199,27.876,1.3230000000000004,4.551636830092331,0.024512428819415778,0.07969245420709536,,,0.027940643613794846,0.06518238253516993,0,0,57478dc275b32d211a9f6c085410e875a1826515caad9a7d65512c86b66c200c,b391cac5e9ebffb5269ef9478d9ff7d88c012e3c30d33cef3c528d228f687027
research_warehouse,2026-08-03 four-planner matrix,results/pstmo_execution_full_20260803/research_warehouse/lower_left_diagonal_smachybrid_constrained.json,lower_left_diagonal,SmacHybrid,constrained,True,29.28,27.975,1.3049999999999997,4.561243528324828,0.026731254277040404,0.07930481428689216,,,0.02700573251269686,0.07251308797241277,0,0,57478dc275b32d211a9f6c085410e875a1826515caad9a7d65512c86b66c200c,20c520222bff0b137db5b79cbe5195543efab14e34f2f1167d09fc5928b87a5a
research_warehouse,2026-08-03 four-planner matrix,results/pstmo_execution_full_20260803/research_warehouse/lower_left_diagonal_smachybrid_pstmo.json,lower_left_diagonal,SmacHybrid,pstmo,True,29.427000000000003,28.137,1.2900000000000027,4.480596614987969,0.021900674595902277,0.07079535137748094,,,0.026034908789326048,0.04850123618673633,0,0,57478dc275b32d211a9f6c085410e875a1826515caad9a7d65512c86b66c200c,ef11a7822051b7c42e74ac694782070e7449dbfb8bec3d59e8fa4e5d10c4c214
narrow_aisles,2026-08-03 four-planner matrix,results/pstmo_execution_full_20260803/narrow_aisles/southwest_northeast_weave_navfnastar_raw.json,southwest_northeast_weave,NavFnAStar,raw,True,76.37100000000001,75.006,1.365000000000009,14.281182903358863,0.03478710422922672,0.08113255200556635,,,0.02717748200338641,0.07543961504884773,0,0,54f0e297b75fefc5fda788a06a865b413c06d35c25e149531638dd1af60c953e,54f0e297b75fefc5fda788a06a865b413c06d35c25e149531638dd1af60c953e
narrow_aisles,2026-08-03 four-planner matrix,results/pstmo_execution_full_20260803/narrow_aisles/southwest_northeast_weave_navfnastar_simple.json,southwest_northeast_weave,NavFnAStar,simple,True,72.81,71.562,1.2480000000000047,14.245141508668794,0.051514438735400556,0.06433923338179248,,,0.02873582178599279,0.08436405663126308,0,0,54f0e297b75fefc5fda788a06a865b413c06d35c25e149531638dd1af60c953e,be04384958d153fac47ea8564b0f92883f7d82efc62eaf7f5c5ba398848db0b1
narrow_aisles,2026-08-03 four-planner matrix,results/pstmo_execution_full_20260803/narrow_aisles/southwest_northeast_weave_navfnastar_savitzky_golay.json,southwest_northeast_weave,NavFnAStar,savitzky_golay,True,79.34700000000001,78.003,1.3440000000000083,14.308848984640486,0.037139664336220395,0.08872382078204888,,,0.02881437771682419,0.08224257024019488,0,0,54f0e297b75fefc5fda788a06a865b413c06d35c25e149531638dd1af60c953e,457c0b0a8cb4c64114c7b921d556173799b756c0d8904f91c049db9a029df957
narrow_aisles,2026-08-03 four-planner matrix,results/pstmo_execution_full_20260803/narrow_aisles/southwest_northeast_weave_navfnastar_constrained.json,southwest_northeast_weave,NavFnAStar,constrained,True,77.238,75.918,1.3199999999999932,14.33341600281702,0.04581729622769166,0.08024564838680394,,,0.02733298904437486,0.07790295893323636,0,0,54f0e297b75fefc5fda788a06a865b413c06d35c25e149531638dd1af60c953e,691efef2d5b24a4d4b837c3abd8c5695777e50e4f2438d16329f64c22fc1f14a
narrow_aisles,2026-08-03 four-planner matrix,results/pstmo_execution_full_20260803/narrow_aisles/southwest_northeast_weave_navfnastar_pstmo.json,southwest_northeast_weave,NavFnAStar,pstmo,True,70.494,69.24000000000001,1.2539999999999907,14.166761947661255,0.042545908322954955,0.07934900085398532,,,0.026203455936930752,0.07652961525650166,0,0,54f0e297b75fefc5fda788a06a865b413c06d35c25e149531638dd1af60c953e,63d664522c3130766636897663cee5692c1468167fac930b5ffe03b30d689be9
narrow_aisles,2026-08-03 four-planner matrix,results/pstmo_execution_full_20260803/narrow_aisles/southwest_northeast_weave_navfndijkstra_raw.json,southwest_northeast_weave,NavFnDijkstra,raw,True,69.792,68.51100000000001,1.2809999999999917,14.138197660683847,0.03955699593699394,0.07289015254359621,,,0.02449124339488438,0.0633877507807648,0,0,e30d968aa220e217e36151f98a35c57ea4dfbef5efee5a4b34cf07383b972337,e30d968aa220e217e36151f98a35c57ea4dfbef5efee5a4b34cf07383b972337
narrow_aisles,2026-08-03 four-planner matrix,results/pstmo_execution_full_20260803/narrow_aisles/southwest_northeast_weave_navfndijkstra_simple.json,southwest_northeast_weave,NavFnDijkstra,simple,True,67.92,66.699,1.2210000000000036,14.122054885515713,0.03984660708243757,0.054348433761231774,,,0.025075384651142087,0.062339949046782576,0,0,e30d968aa220e217e36151f98a35c57ea4dfbef5efee5a4b34cf07383b972337,95124b187648f18a6f6b0f2d4b7ddfaa6c1045e16257153699bff2ff3ab0e70e
narrow_aisles,2026-08-03 four-planner matrix,results/pstmo_execution_full_20260803/narrow_aisles/southwest_northeast_weave_navfndijkstra_savitzky_golay.json,southwest_northeast_weave,NavFnDijkstra,savitzky_golay,True,69.093,67.77000000000001,1.3229999999999933,14.12200133755504,0.04975597927862193,0.0818033175820776,,,0.02373593424678293,0.06041592938885609,0,0,e30d968aa220e217e36151f98a35c57ea4dfbef5efee5a4b34cf07383b972337,94050d1c7be21484b44ae93f553e17881bcc41f4f9e3934f97a3720f7c11d4e1
narrow_aisles,2026-08-03 four-planner matrix,results/pstmo_execution_full_20260803/narrow_aisles/southwest_northeast_weave_navfndijkstra_constrained.json,southwest_northeast_weave,NavFnDijkstra,constrained,True,69.483,68.202,1.281000000000006,14.138644738842107,0.04034119330069432,0.07923227804414712,,,0.024632998202424983,0.06490790749893545,0,0,e30d968aa220e217e36151f98a35c57ea4dfbef5efee5a4b34cf07383b972337,d90cfbfda6c1f5ebb6d3267a5aabe6c1e4622315f3d02baf58bb019f0a8b3c52
narrow_aisles,2026-08-03 four-planner matrix,results/pstmo_execution_full_20260803/narrow_aisles/southwest_northeast_weave_navfndijkstra_pstmo.json,southwest_northeast_weave,NavFnDijkstra,pstmo,True,65.058,63.657000000000004,1.4010000000000034,13.997995747115423,0.04896874596413449,0.10258448956240385,,,0.02802829446716368,0.06888718029535046,0,0,e30d968aa220e217e36151f98a35c57ea4dfbef5efee5a4b34cf07383b972337,53f278cbeb7b6db45061bd21d596ff7f47d0a91a34c016b0dc96ae905b83bc42
narrow_aisles,2026-08-02 ThetaStar matrix,results/pstmo_execution_theta_star_20260802/narrow_aisles/southwest_northeast_weave_raw.json,southwest_northeast_weave,ThetaStar,raw,True,69.366,68.436,0.9299999999999926,14.016378760894868,0.032659540835379315,0.004149733435984016,,,0.03245354502628855,0.08046792542915204,0,0,c43474303408407dc14f1f754b0202543c51744c234848de10d70d816f0f643c,c43474303408407dc14f1f754b0202543c51744c234848de10d70d816f0f643c
narrow_aisles,2026-08-02 ThetaStar matrix,results/pstmo_execution_theta_star_20260802/narrow_aisles/southwest_northeast_weave_simple.json,southwest_northeast_weave,ThetaStar,simple,True,66.39,65.172,1.2180000000000035,13.96486309198303,0.027984217609417536,0.049512925716146516,,,0.03269117409497295,0.06548325352646171,0,0,c43474303408407dc14f1f754b0202543c51744c234848de10d70d816f0f643c,2263387477f4068d7f068dbb2fca6772a61fed5d6d92991eb821c0c9b033c55e
narrow_aisles,2026-08-02 ThetaStar matrix,results/pstmo_execution_theta_star_20260802/narrow_aisles/southwest_northeast_weave_savitzky_golay.json,southwest_northeast_weave,ThetaStar,savitzky_golay,True,69.20700000000001,67.866,1.3410000000000082,14.003212900767982,0.04111516871570755,0.09001280713712867,,,0.031433101714753664,0.07574028719105703,0,0,c43474303408407dc14f1f754b0202543c51744c234848de10d70d816f0f643c,80183215c103e1cbe0b6156a0d3eb14094000393072827b86819708a74136658
narrow_aisles,2026-08-02 ThetaStar matrix,results/pstmo_execution_theta_star_20260802/narrow_aisles/southwest_northeast_weave_constrained.json,southwest_northeast_weave,ThetaStar,constrained,True,68.388,67.146,1.2420000000000044,14.027491160473858,0.0309789388751896,0.06265759170406549,,,0.031643093969577374,0.06778708649870312,0,0,c43474303408407dc14f1f754b0202543c51744c234848de10d70d816f0f643c,78d5c5feefb070ab7d1be14d2fa123b8e7874c1cc56857fd4a66ff289360b646
narrow_aisles,2026-08-02 ThetaStar matrix,results/pstmo_execution_theta_star_20260802/narrow_aisles/southwest_northeast_weave_pstmo.json,southwest_northeast_weave,ThetaStar,pstmo,True,66.543,65.238,1.3050000000000068,13.91464935819685,0.04180329922472214,0.07912672852333369,,,0.029776117684524858,0.05411267088695189,0,0,c43474303408407dc14f1f754b0202543c51744c234848de10d70d816f0f643c,eb536f5ee529dfd41df49aacd6184649dedd76a701ba16174c046a60cb18de39
narrow_aisles,2026-08-03 four-planner matrix,results/pstmo_execution_full_20260803/narrow_aisles/southwest_northeast_weave_smac2d_raw.json,southwest_northeast_weave,Smac2D,raw,True,71.89200000000001,70.524,1.3680000000000092,14.208885079772388,0.03952986087893008,0.10130437312752483,,,0.027839586713103267,0.08487053342814092,0,0,d05e4c46b3105eee9503e2302070d8bbe213137980bdeb488be4e91ca8662964,d05e4c46b3105eee9503e2302070d8bbe213137980bdeb488be4e91ca8662964
narrow_aisles,2026-08-03 four-planner matrix,results/pstmo_execution_full_20260803/narrow_aisles/southwest_northeast_weave_smac2d_simple.json,southwest_northeast_weave,Smac2D,simple,True,68.562,67.224,1.3379999999999939,14.113490680979632,0.044553859973968456,0.0869405474397712,,,0.031884393325203,0.08840253596210162,0,0,d05e4c46b3105eee9503e2302070d8bbe213137980bdeb488be4e91ca8662964,6a5a0e5f6c77f2cbd4146a25f9d69849c6b5eeeff9d7e1ae253905157e20b243
narrow_aisles,2026-08-03 four-planner matrix,results/pstmo_execution_full_20260803/narrow_aisles/southwest_northeast_weave_smac2d_savitzky_golay.json,southwest_northeast_weave,Smac2D,savitzky_golay,True,71.16900000000001,69.822,1.3470000000000084,14.185982781984652,0.03708000135083045,0.07897001441425655,,,0.028984086162910865,0.08860399811248068,0,0,d05e4c46b3105eee9503e2302070d8bbe213137980bdeb488be4e91ca8662964,96e4732212637c85772b2d82c3a184a564b3afac3d3e00dd3d9216134b15ae2d
narrow_aisles,2026-08-03 four-planner matrix,results/pstmo_execution_full_20260803/narrow_aisles/southwest_northeast_weave_smac2d_constrained.json,southwest_northeast_weave,Smac2D,constrained,True,72.96300000000001,71.673,1.2900000000000063,14.263288817815058,0.04217325416805884,0.08763027948843938,,,0.03164505508317954,0.07616469801022885,0,0,d05e4c46b3105eee9503e2302070d8bbe213137980bdeb488be4e91ca8662964,44ad1ff1c080af8d82da6b706d3e0f77812859b596eab3919f0f395a0ff1627a
narrow_aisles,2026-08-03 four-planner matrix,results/pstmo_execution_full_20260803/narrow_aisles/southwest_northeast_weave_smac2d_pstmo.json,southwest_northeast_weave,Smac2D,pstmo,True,65.409,64.188,1.2210000000000036,13.978767441648277,0.04562466234904076,0.07734035128690031,,,0.029122766431644072,0.09069692861128198,0,0,d05e4c46b3105eee9503e2302070d8bbe213137980bdeb488be4e91ca8662964,936cd1f115e2800296b5ac4ab96117185f36c2f9d25ec75bb06e6bfd7bcf197e
narrow_aisles,2026-08-03 four-planner matrix,results/pstmo_execution_full_20260803/narrow_aisles/southwest_northeast_weave_smachybrid_raw.json,southwest_northeast_weave,SmacHybrid,raw,True,64.69500000000001,63.288000000000004,1.4070000000000036,14.133046506890437,0.027692562255958987,0.09825458730059378,,,0.03156171082163092,0.06921528973855816,0,0,2935e40286c2913e62c311916250c1dd57b3b932cb39b6585aa12f5842eecad4,2935e40286c2913e62c311916250c1dd57b3b932cb39b6585aa12f5842eecad4
narrow_aisles,2026-08-03 four-planner matrix,results/pstmo_execution_full_20260803/narrow_aisles/southwest_northeast_weave_smachybrid_simple.json,southwest_northeast_weave,SmacHybrid,simple,True,61.617000000000004,60.294000000000004,1.3230000000000004,14.033011046969678,0.03663687604157852,0.07424478286658343,,,0.029786149259397775,0.06159680746113541,0,0,2935e40286c2913e62c311916250c1dd57b3b932cb39b6585aa12f5842eecad4,023419d191c082004261418c4531cd6cf4f73bc3fa7dcf5431f187bb8f4e4257
narrow_aisles,2026-08-03 four-planner matrix,results/pstmo_execution_full_20260803/narrow_aisles/southwest_northeast_weave_smachybrid_savitzky_golay.json,southwest_northeast_weave,SmacHybrid,savitzky_golay,True,63.504000000000005,62.24100000000001,1.2629999999999981,14.116625077366674,0.03612735793606994,0.07604869609192688,,,0.03259497143203524,0.06951916109094977,0,0,2935e40286c2913e62c311916250c1dd57b3b932cb39b6585aa12f5842eecad4,e7fa67532d726bc479bd476163b18b72dfee89d263d76a3e482d775d01d025c9
narrow_aisles,2026-08-03 four-planner matrix,results/pstmo_execution_full_20260803/narrow_aisles/southwest_northeast_weave_smachybrid_constrained.json,southwest_northeast_weave,SmacHybrid,constrained,True,63.816,62.484,1.3320000000000007,14.133808265000077,0.046491783838218684,0.0867919580214972,,,0.032692171312862665,0.06266276434669392,0,0,2935e40286c2913e62c311916250c1dd57b3b932cb39b6585aa12f5842eecad4,49ec01b38458c6993ff16d6af0929e8fa0eaa9fd4b58a90711c7c3fd5abb4ef2
narrow_aisles,2026-08-03 four-planner matrix,results/pstmo_execution_full_20260803/narrow_aisles/southwest_northeast_weave_smachybrid_pstmo.json,southwest_northeast_weave,SmacHybrid,pstmo,True,62.154,60.834,1.3200000000000003,14.064970448305226,0.0230647089069528,0.07661950501561798,,,0.030355442667902462,0.07813023636546386,0,0,2935e40286c2913e62c311916250c1dd57b3b932cb39b6585aa12f5842eecad4,a484831beb20d6e340fbd27f9543f033508df10c69db456f923e52383b6d913c
office_maze,2026-08-03 four-planner matrix,results/pstmo_execution_full_20260803/office_maze/office_long_diagonal_navfnastar_raw.json,office_long_diagonal,NavFnAStar,raw,True,72.96300000000001,71.628,1.335000000000008,12.718892855551427,0.04699482500681444,0.08820681666931762,,,0.01784815752215916,0.07826259999423767,0,0,261ccf8b856830e0a249f29461cda04be828c06ac0280aa14d945fa39e0684d9,261ccf8b856830e0a249f29461cda04be828c06ac0280aa14d945fa39e0684d9
office_maze,2026-08-03 four-planner matrix,results/pstmo_execution_full_20260803/office_maze/office_long_diagonal_navfnastar_simple.json,office_long_diagonal,NavFnAStar,simple,True,69.381,68.08200000000001,1.2989999999999924,12.689202936306776,0.04717556726804096,0.07503736307348341,,,0.01824025434827892,0.056054344375371774,0,0,261ccf8b856830e0a249f29461cda04be828c06ac0280aa14d945fa39e0684d9,1b88cbe7d025cf6b0d23a0de8dc32af3cc172bee28340e945ef81ab6bd599837
office_maze,2026-08-03 four-planner matrix,results/pstmo_execution_full_20260803/office_maze/office_long_diagonal_navfnastar_savitzky_golay.json,office_long_diagonal,NavFnAStar,savitzky_golay,True,72.561,71.271,1.2900000000000063,12.729604351329979,0.04858004429117323,0.06522794010664135,,,0.017911062435219206,0.06950491111633765,0,0,261ccf8b856830e0a249f29461cda04be828c06ac0280aa14d945fa39e0684d9,5e793667e98519ef28b287ec0c76af37090302ac74d1dd67a271f156d9d13103
office_maze,2026-08-03 four-planner matrix,results/pstmo_execution_full_20260803/office_maze/office_long_diagonal_navfnastar_constrained.json,office_long_diagonal,NavFnAStar,constrained,True,74.46600000000001,73.203,1.2630000000000052,12.709560150847933,0.050759374254423395,0.07324350104169552,,,0.01963412221801591,0.08044502811047168,0,0,261ccf8b856830e0a249f29461cda04be828c06ac0280aa14d945fa39e0684d9,ff4e3b47e1bfb2bbc006f77d5c9af58143773498974bfeabbd0f939cda1e451d
office_maze,2026-08-03 four-planner matrix,results/pstmo_execution_full_20260803/office_maze/office_long_diagonal_navfnastar_pstmo.json,office_long_diagonal,NavFnAStar,pstmo,True,60.993,59.745000000000005,1.2479999999999976,12.615471550488566,0.05255570000196047,0.07155946889110021,,,0.021196426732938527,0.057742606016135796,0,0,261ccf8b856830e0a249f29461cda04be828c06ac0280aa14d945fa39e0684d9,235d3b077e3c56e094fe9db9a243573bbba0d70fff6b0b31708acfd7747ab7d1
office_maze,2026-08-03 four-planner matrix,results/pstmo_execution_full_20260803/office_maze/office_long_diagonal_navfndijkstra_raw.json,office_long_diagonal,NavFnDijkstra,raw,True,69.20700000000001,67.866,1.3410000000000082,12.602068762222894,0.05422078191269299,0.07066036566232359,,,0.02127240061600713,0.08433800244414767,0,0,1ed3cfb73065490cb0278004c5bde5f64f7e0200e050b823b2622b178836137a,1ed3cfb73065490cb0278004c5bde5f64f7e0200e050b823b2622b178836137a
office_maze,2026-08-03 four-planner matrix,results/pstmo_execution_full_20260803/office_maze/office_long_diagonal_navfndijkstra_simple.json,office_long_diagonal,NavFnDijkstra,simple,True,69.51,68.253,1.257000000000005,12.600740650107198,0.04857151640119408,0.07030617286269669,,,0.01916866715016888,0.07549592221073208,0,0,1ed3cfb73065490cb0278004c5bde5f64f7e0200e050b823b2622b178836137a,9265ddd97db775da8fb2bf26e8a9c7841aff8edf6fee90588f472d04f13fd164
office_maze,2026-08-03 four-planner matrix,results/pstmo_execution_full_20260803/office_maze/office_long_diagonal_navfndijkstra_savitzky_golay.json,office_long_diagonal,NavFnDijkstra,savitzky_golay,True,70.974,69.65400000000001,1.3199999999999932,12.603562779751583,0.05092367188270236,0.08474323775406967,,,0.019866869557011866,0.08236486777099482,0,0,1ed3cfb73065490cb0278004c5bde5f64f7e0200e050b823b2622b178836137a,30557fd79f1c80b9b48a7c68dc629d66dc23a9af5fec76cd04fc3dbc7f5a9344
office_maze,2026-08-03 four-planner matrix,results/pstmo_execution_full_20260803/office_maze/office_long_diagonal_navfndijkstra_constrained.json,office_long_diagonal,NavFnDijkstra,constrained,True,69.156,67.971,1.1850000000000023,12.595829758460777,0.05169941117810085,0.06363284417215731,,,0.023425601163057086,0.08111145947566603,0,0,1ed3cfb73065490cb0278004c5bde5f64f7e0200e050b823b2622b178836137a,984a3bdb08cd7fe0bc9fa7a5ec639c964eb172f8463379a4353ac40b3455e2d4
office_maze,2026-08-03 four-planner matrix,results/pstmo_execution_full_20260803/office_maze/office_long_diagonal_navfndijkstra_pstmo.json,office_long_diagonal,NavFnDijkstra,pstmo,True,62.106,60.792,1.314,12.530416244220987,0.0495842780444393,0.0737994415915243,,,0.02072318245861887,0.058148421257792106,0,0,1ed3cfb73065490cb0278004c5bde5f64f7e0200e050b823b2622b178836137a,2ae314609a638c489b5c20d29c84b3535029d609789501cc717d45894179fd4c
office_maze,2026-08-02 ThetaStar matrix,results/pstmo_execution_theta_star_20260802/office_maze/office_long_diagonal_raw.json,office_long_diagonal,ThetaStar,raw,True,73.608,72.24300000000001,1.3649999999999949,12.584485353920321,0.04058848569022098,0.08433889708245002,,,0.013772285906486856,0.05644810452110695,0,0,81a14af9baf7bd0a3c4abfece2dbcb96533e499289224970d2a7d079f59adf32,81a14af9baf7bd0a3c4abfece2dbcb96533e499289224970d2a7d079f59adf32
office_maze,2026-08-02 ThetaStar matrix,results/pstmo_execution_theta_star_20260802/office_maze/office_long_diagonal_simple.json,office_long_diagonal,ThetaStar,simple,True,61.386,60.027,1.3590000000000018,12.51232276643962,0.0523535914219249,0.09276293744543929,,,0.015095124641509972,0.041944240720293985,0,0,81a14af9baf7bd0a3c4abfece2dbcb96533e499289224970d2a7d079f59adf32,4de285d11a5a8f7253250bb43b7095ffc825f23fae9f2892b15d20bc1007b4e9
office_maze,2026-08-02 ThetaStar matrix,results/pstmo_execution_theta_star_20260802/office_maze/office_long_diagonal_savitzky_golay.json,office_long_diagonal,ThetaStar,savitzky_golay,True,70.605,69.22800000000001,1.3769999999999953,12.575286875400693,0.042459411060148486,0.08754051520979089,,,0.016162962883614476,0.04266928565084787,0,0,81a14af9baf7bd0a3c4abfece2dbcb96533e499289224970d2a7d079f59adf32,7fff9bd253840bbbc855af5d8ab2f93f727798800edfce20617c030969c69dec
office_maze,2026-08-02 ThetaStar matrix,results/pstmo_execution_theta_star_20260802/office_maze/office_long_diagonal_constrained.json,office_long_diagonal,ThetaStar,constrained,True,76.479,75.105,1.3739999999999952,12.601649395155304,0.0429978942169728,0.09279951660260499,,,0.015455723751955697,0.06947194490004846,0,0,81a14af9baf7bd0a3c4abfece2dbcb96533e499289224970d2a7d079f59adf32,5385fb1903e4fa96356104c5a6460a67f7440c12005ee66ed73645f45c7bd4f1
office_maze,2026-08-02 ThetaStar matrix,results/pstmo_execution_theta_star_20260802/office_maze/office_long_diagonal_pstmo.json,office_long_diagonal,ThetaStar,pstmo,True,64.146,62.751000000000005,1.394999999999996,12.521395159271997,0.04962631433626231,0.07983751491435576,,,0.011782867676062578,0.03627425315263765,0,0,81a14af9baf7bd0a3c4abfece2dbcb96533e499289224970d2a7d079f59adf32,c75c09f1ecebe5b292311260f4914d26473b924b989ebec90b32b2b0809a343b
office_maze,2026-08-03 four-planner matrix,results/pstmo_execution_full_20260803/office_maze/office_long_diagonal_smac2d_raw.json,office_long_diagonal,Smac2D,raw,True,68.37,67.119,1.2510000000000048,12.682808365853928,0.036444609714590445,0.07320860118461225,,,0.01965949630039424,0.05978853182096291,0,0,a2168dc7abd265f02f2eebbd43c4ee9ddbca09ae59ec570861cdc5aaab58c13a,a2168dc7abd265f02f2eebbd43c4ee9ddbca09ae59ec570861cdc5aaab58c13a
office_maze,2026-08-03 four-planner matrix,results/pstmo_execution_full_20260803/office_maze/office_long_diagonal_smac2d_simple.json,office_long_diagonal,Smac2D,simple,True,63.408,62.115,1.2929999999999993,12.597863702730352,0.05050671167955891,0.06850088824208067,,,0.024399639457912695,0.07266806827123296,0,0,a2168dc7abd265f02f2eebbd43c4ee9ddbca09ae59ec570861cdc5aaab58c13a,4b776837a668961d60b8db6bd6c73962b30f42abfea625cf7d29408b306fcdf2
office_maze,2026-08-03 four-planner matrix,results/pstmo_execution_full_20260803/office_maze/office_long_diagonal_smac2d_savitzky_golay.json,office_long_diagonal,Smac2D,savitzky_golay,True,67.17,65.90700000000001,1.262999999999991,12.693039425681782,0.0460635577863708,0.07001305647506928,,,0.021053697048153307,0.07005308886162423,0,0,a2168dc7abd265f02f2eebbd43c4ee9ddbca09ae59ec570861cdc5aaab58c13a,3fc8df21ba9f21f9556fde6e3d7281f21b0bb180d75f334a93ce675dd0538650
office_maze,2026-08-03 four-planner matrix,results/pstmo_execution_full_20260803/office_maze/office_long_diagonal_smac2d_constrained.json,office_long_diagonal,Smac2D,constrained,True,70.59,69.29400000000001,1.2959999999999923,12.759012497803399,0.03975196333021183,0.06581024965954851,,,0.020695076316143382,0.05582910559053208,0,0,a2168dc7abd265f02f2eebbd43c4ee9ddbca09ae59ec570861cdc5aaab58c13a,778dc8a9eac4029ba43faccc1bc0e63fc1f4392cc455e0a4315fec5816e260bb
office_maze,2026-08-03 four-planner matrix,results/pstmo_execution_full_20260803/office_maze/office_long_diagonal_smac2d_pstmo.json,office_long_diagonal,Smac2D,pstmo,True,56.559000000000005,55.176,1.3830000000000027,12.499156192611379,0.04660920990512648,0.07796459671480116,,,0.020914944715534543,0.053769274512950264,0,0,a2168dc7abd265f02f2eebbd43c4ee9ddbca09ae59ec570861cdc5aaab58c13a,5930af5f169487f52f0595dab1bec2462068a78022ac6cf69488eca2bd890771
office_maze,2026-08-03 four-planner matrix,results/pstmo_execution_full_20260803/office_maze/office_long_diagonal_smachybrid_raw.json,office_long_diagonal,SmacHybrid,raw,True,66.447,65.058,1.3889999999999958,12.592479485050879,0.03579929844553624,0.08883009923379692,,,0.024157247984028175,0.07155834570974116,0,0,137dc417d3d3d2c68f99748beed91c75997fe46681988227499aa9abaf76b26f,137dc417d3d3d2c68f99748beed91c75997fe46681988227499aa9abaf76b26f
office_maze,2026-08-03 four-planner matrix,results/pstmo_execution_full_20260803/office_maze/office_long_diagonal_smachybrid_simple.json,office_long_diagonal,SmacHybrid,simple,True,57.192,55.896,1.2959999999999994,12.489815094922971,0.04251470848424782,0.07217562198020011,,,0.021433824915580234,0.048686929002859224,0,0,137dc417d3d3d2c68f99748beed91c75997fe46681988227499aa9abaf76b26f,ba23ab191544ceec4c5031c19c43768e66a5e2e3820970e6b4c6e06a9c1d1ead
office_maze,2026-08-03 four-planner matrix,results/pstmo_execution_full_20260803/office_maze/office_long_diagonal_smachybrid_savitzky_golay.json,office_long_diagonal,SmacHybrid,savitzky_golay,True,62.853,61.542,1.311,12.572033683815866,0.03170547468279883,0.07916146348258801,,,0.024839695809016155,0.06370337628129856,0,0,137dc417d3d3d2c68f99748beed91c75997fe46681988227499aa9abaf76b26f,170fb3857e5b8429cc4f7d100d180acbaf49ec49bab22a4290e1e2b4d2758390
office_maze,2026-08-03 four-planner matrix,results/pstmo_execution_full_20260803/office_maze/office_long_diagonal_smachybrid_constrained.json,office_long_diagonal,SmacHybrid,constrained,True,64.962,63.702000000000005,1.259999999999998,12.607641490823857,0.02218788768636099,0.06778493920755246,,,0.02338481123114649,0.07465469833433691,0,0,137dc417d3d3d2c68f99748beed91c75997fe46681988227499aa9abaf76b26f,349244738a69c341a2138e5064e8b99fd786c183cb9cf79fb1625d5226517803
office_maze,2026-08-03 four-planner matrix,results/pstmo_execution_full_20260803/office_maze/office_long_diagonal_smachybrid_pstmo.json,office_long_diagonal,SmacHybrid,pstmo,True,59.532000000000004,58.242000000000004,1.2899999999999991,12.487271792774312,0.041517154177160634,0.07328726720315404,,,0.016866763790697827,0.03570759796625691,0,0,137dc417d3d3d2c68f99748beed91c75997fe46681988227499aa9abaf76b26f,8ba167b9c9755ecd81360c077059f0b12756de6ac317714c08c3d40b9c57064d
warehouse_cross_aisles,2026-08-03 four-planner matrix,results/pstmo_execution_full_20260803/warehouse_cross_aisles/cross_aisle_transfer_navfnastar_raw.json,cross_aisle_transfer,NavFnAStar,raw,True,45.159000000000006,43.794000000000004,1.365000000000002,7.664373584360093,0.040987482865763855,0.0983542041512484,,,0.03184386737011228,0.10281243972941197,0,0,05afec10d3c2ff3c78196a7bbc648e441c0f6c4b10ab67aea805f3e435f73f22,05afec10d3c2ff3c78196a7bbc648e441c0f6c4b10ab67aea805f3e435f73f22
warehouse_cross_aisles,2026-08-03 four-planner matrix,results/pstmo_execution_full_20260803/warehouse_cross_aisles/cross_aisle_transfer_navfnastar_simple.json,cross_aisle_transfer,NavFnAStar,simple,True,43.536,42.24,1.2959999999999994,7.646926051416533,0.03604833067368873,0.08400061176361029,,,0.029938771421762395,0.09609129859248136,0,0,05afec10d3c2ff3c78196a7bbc648e441c0f6c4b10ab67aea805f3e435f73f22,5e06220c8fce9e263a03d5ce5d6ed09d355bd7bcce5f048884a22584edd307be
warehouse_cross_aisles,2026-08-03 four-planner matrix,results/pstmo_execution_full_20260803/warehouse_cross_aisles/cross_aisle_transfer_navfnastar_savitzky_golay.json,cross_aisle_transfer,NavFnAStar,savitzky_golay,True,44.856,43.482,1.3740000000000023,7.668078369507729,0.03138313674252397,0.08780522633761023,,,0.03494846638615405,0.10773881183875575,0,0,05afec10d3c2ff3c78196a7bbc648e441c0f6c4b10ab67aea805f3e435f73f22,7b89ac287460b6c0addd02e0848a1ab94476db9b488016e324239a29bc3e1b86
warehouse_cross_aisles,2026-08-03 four-planner matrix,results/pstmo_execution_full_20260803/warehouse_cross_aisles/cross_aisle_transfer_navfnastar_constrained.json,cross_aisle_transfer,NavFnAStar,constrained,True,44.091,42.771,1.3200000000000003,7.660540578347182,0.02531211318941724,0.06945853719824813,,,0.03564784130200582,0.11492095238278668,0,0,05afec10d3c2ff3c78196a7bbc648e441c0f6c4b10ab67aea805f3e435f73f22,b282403e44244cdb8b39ad7523f6564fa58d7d13ab6c8d4d6e8fc04c27edf1c5
warehouse_cross_aisles,2026-08-03 four-planner matrix,results/pstmo_execution_full_20260803/warehouse_cross_aisles/cross_aisle_transfer_navfnastar_pstmo.json,cross_aisle_transfer,NavFnAStar,pstmo,True,41.307,40.071000000000005,1.235999999999997,7.600720991308071,0.02837178538903874,0.07834654509198336,,,0.027089902113130542,0.08070251133656994,0,0,05afec10d3c2ff3c78196a7bbc648e441c0f6c4b10ab67aea805f3e435f73f22,8c60b6cfb3c26eedd8687e6d6c799502f6037ceac893b736137075c80d1b73c5
warehouse_cross_aisles,2026-08-03 four-planner matrix,results/pstmo_execution_full_20260803/warehouse_cross_aisles/cross_aisle_transfer_navfndijkstra_raw.json,cross_aisle_transfer,NavFnDijkstra,raw,True,43.689,42.381,1.3079999999999998,7.507412912370708,0.03345744401480232,0.08279595785513662,,,0.019475607517302176,0.0646144842474868,0,0,5c3c27c882642aa407d8b0c199a5609a6f0426a36597bd477de1765e5c78afb1,5c3c27c882642aa407d8b0c199a5609a6f0426a36597bd477de1765e5c78afb1
warehouse_cross_aisles,2026-08-03 four-planner matrix,results/pstmo_execution_full_20260803/warehouse_cross_aisles/cross_aisle_transfer_navfndijkstra_simple.json,cross_aisle_transfer,NavFnDijkstra,simple,True,42.642,41.28,1.3620000000000019,7.488753804719777,0.03086625935466571,0.09085489045644535,,,0.02318997538628942,0.05059754586213216,0,0,5c3c27c882642aa407d8b0c199a5609a6f0426a36597bd477de1765e5c78afb1,1e4987d2352731ff398594809fd293d22a5a006922a797b0e8d6f88b6c7b2c0b
warehouse_cross_aisles,2026-08-03 four-planner matrix,results/pstmo_execution_full_20260803/warehouse_cross_aisles/cross_aisle_transfer_navfndijkstra_savitzky_golay.json,cross_aisle_transfer,NavFnDijkstra,savitzky_golay,True,43.002,41.652,1.3500000000000014,7.510432878032666,0.03270333922002,0.08289229510412721,,,0.022095672758356343,0.04542878517101498,0,0,5c3c27c882642aa407d8b0c199a5609a6f0426a36597bd477de1765e5c78afb1,21ba3e644fd6352036f94ca77ca04f3eb92e626457b8bc087fc3e19bb075b4cf
warehouse_cross_aisles,2026-08-03 four-planner matrix,results/pstmo_execution_full_20260803/warehouse_cross_aisles/cross_aisle_transfer_navfndijkstra_constrained.json,cross_aisle_transfer,NavFnDijkstra,constrained,True,43.671,42.411,1.259999999999998,7.502923412625731,0.0413254573337191,0.07152796312819687,,,0.02113698818490226,0.04887454637021745,0,0,5c3c27c882642aa407d8b0c199a5609a6f0426a36597bd477de1765e5c78afb1,61957268e24a970fa1f77f6ae7c6a2cbf54d499893021aeb94aa2c8fb864d538
warehouse_cross_aisles,2026-08-03 four-planner matrix,results/pstmo_execution_full_20260803/warehouse_cross_aisles/cross_aisle_transfer_navfndijkstra_pstmo.json,cross_aisle_transfer,NavFnDijkstra,pstmo,True,39.069,37.719,1.3500000000000014,7.40886303331014,0.02898538754416145,0.07313846739483543,,,0.018232536034244136,0.03653104997812927,0,0,5c3c27c882642aa407d8b0c199a5609a6f0426a36597bd477de1765e5c78afb1,09f6f8f4c79be95645bcea09e4163200f82ec225ac884f751236bb496ae74b77
warehouse_cross_aisles,2026-08-02 ThetaStar matrix,results/pstmo_execution_theta_star_20260802/warehouse_cross_aisles/cross_aisle_transfer_raw.json,cross_aisle_transfer,ThetaStar,raw,True,44.292,42.969,1.3230000000000004,7.480692493387332,0.029075462407459018,0.08145191861117508,,,0.016779785802084234,0.03825996677889222,0,0,86c0fec4036278df23f064844c1f0f7af6c0b0c992699d18869cf0c976ddbf72,86c0fec4036278df23f064844c1f0f7af6c0b0c992699d18869cf0c976ddbf72
warehouse_cross_aisles,2026-08-02 ThetaStar matrix,results/pstmo_execution_theta_star_20260802/warehouse_cross_aisles/cross_aisle_transfer_simple.json,cross_aisle_transfer,ThetaStar,simple,True,39.969,38.601,1.368000000000002,7.4333915475551775,0.03403456223226571,0.09574461249622757,,,0.017359768435279716,0.036525612370758666,0,0,86c0fec4036278df23f064844c1f0f7af6c0b0c992699d18869cf0c976ddbf72,cc771855c4d69ab9f35540d75e47a340385fc412bfdaa6002048ecf3da687c37
warehouse_cross_aisles,2026-08-02 ThetaStar matrix,results/pstmo_execution_theta_star_20260802/warehouse_cross_aisles/cross_aisle_transfer_savitzky_golay.json,cross_aisle_transfer,ThetaStar,savitzky_golay,True,43.236000000000004,41.871,1.365000000000002,7.474317595647692,0.03957820389495437,0.09154431689582454,,,0.019189761460373905,0.040118854886906384,0,0,86c0fec4036278df23f064844c1f0f7af6c0b0c992699d18869cf0c976ddbf72,af55e2446c891b331b1ae0f2d638e4d6b87715d9f82be0120bb55d3037089bbd
warehouse_cross_aisles,2026-08-02 ThetaStar matrix,results/pstmo_execution_theta_star_20260802/warehouse_cross_aisles/cross_aisle_transfer_constrained.json,cross_aisle_transfer,ThetaStar,constrained,True,43.89,42.456,1.4339999999999975,7.4770487408899555,0.03768887259388075,0.10857475796429628,,,0.017449544493903145,0.05127969566183099,0,0,86c0fec4036278df23f064844c1f0f7af6c0b0c992699d18869cf0c976ddbf72,da7acf4afab6dcf49bf1444e62b0834f6b26529f2bb478ce8f27117a33eab5c1
warehouse_cross_aisles,2026-08-02 ThetaStar matrix,results/pstmo_execution_theta_star_20260802/warehouse_cross_aisles/cross_aisle_transfer_pstmo.json,cross_aisle_transfer,ThetaStar,pstmo,True,38.538000000000004,37.143,1.3950000000000031,7.360876154268425,0.03529315975050134,0.09101068052762573,,,0.019315308225106992,0.03738748052394556,0,0,86c0fec4036278df23f064844c1f0f7af6c0b0c992699d18869cf0c976ddbf72,94f14a61e17fb7e05606155d6db97b479c414d2c0b045f46d9f010f791c2eb6e
warehouse_cross_aisles,2026-08-03 four-planner matrix,results/pstmo_execution_full_20260803/warehouse_cross_aisles/cross_aisle_transfer_smac2d_raw.json,cross_aisle_transfer,Smac2D,raw,True,43.287000000000006,42.159000000000006,1.1280000000000001,7.5422418945795044,0.042038191352548646,0.036457428191067794,,,0.026915848864557695,0.06099085472148409,0,0,cc0ecf0017a72da480d65110187e446c0d92de60b1d659107dd78c8d29474526,cc0ecf0017a72da480d65110187e446c0d92de60b1d659107dd78c8d29474526
warehouse_cross_aisles,2026-08-03 four-planner matrix,results/pstmo_execution_full_20260803/warehouse_cross_aisles/cross_aisle_transfer_smac2d_simple.json,cross_aisle_transfer,Smac2D,simple,True,42.237,40.977000000000004,1.259999999999998,7.5134042685486,0.04114502549459778,0.06941363295345382,,,0.023123665763656757,0.05873066182355233,0,0,cc0ecf0017a72da480d65110187e446c0d92de60b1d659107dd78c8d29474526,e56e55df712a253adb2ec28319f54f37cb0d6fe9c23e26f5a728ef542b23c494
warehouse_cross_aisles,2026-08-03 four-planner matrix,results/pstmo_execution_full_20260803/warehouse_cross_aisles/cross_aisle_transfer_smac2d_savitzky_golay.json,cross_aisle_transfer,Smac2D,savitzky_golay,True,43.053000000000004,42.033,1.0200000000000031,7.547981211235341,0.037348373292871134,0.015129569304120682,,,0.026451481441505196,0.059056907668208904,0,0,cc0ecf0017a72da480d65110187e446c0d92de60b1d659107dd78c8d29474526,5f85fd793387eea026960c50c43ba5ac54695970b5e380c86e9596df78d1ad58
warehouse_cross_aisles,2026-08-03 four-planner matrix,results/pstmo_execution_full_20260803/warehouse_cross_aisles/cross_aisle_transfer_smac2d_constrained.json,cross_aisle_transfer,Smac2D,constrained,True,44.145,42.975,1.1700000000000017,7.58548173182918,0.03289503792472138,0.050073530854621635,,,0.026340774581729648,0.07202723595915252,0,0,cc0ecf0017a72da480d65110187e446c0d92de60b1d659107dd78c8d29474526,6a28d0901276707f6cd457b7c807725cb382fe6812113ef99a60d81dbb2c3014
warehouse_cross_aisles,2026-08-03 four-planner matrix,results/pstmo_execution_full_20260803/warehouse_cross_aisles/cross_aisle_transfer_smac2d_pstmo.json,cross_aisle_transfer,Smac2D,pstmo,True,40.659000000000006,39.336000000000006,1.3230000000000004,7.437494751094238,0.03247422647854713,0.08182302566634081,,,0.022822389717801365,0.05685892080150737,0,0,cc0ecf0017a72da480d65110187e446c0d92de60b1d659107dd78c8d29474526,09c0edd772a62f96e77c00a79816c76816d22b11d905d487928329531f6a8c48
warehouse_cross_aisles,2026-08-03 four-planner matrix,results/pstmo_execution_full_20260803/warehouse_cross_aisles/cross_aisle_transfer_smachybrid_raw.json,cross_aisle_transfer,SmacHybrid,raw,True,41.091,39.720000000000006,1.3709999999999951,7.635248773824961,0.033067780771042186,0.07825325021531182,,,0.018281533225123332,0.047362255545738995,0,0,e7949e24ca771d34c2ad531e06ebf5afcfd4d59fde6fa9b73b33fb952479fc10,e7949e24ca771d34c2ad531e06ebf5afcfd4d59fde6fa9b73b33fb952479fc10
warehouse_cross_aisles,2026-08-03 four-planner matrix,results/pstmo_execution_full_20260803/warehouse_cross_aisles/cross_aisle_transfer_smachybrid_simple.json,cross_aisle_transfer,SmacHybrid,simple,True,39.057,37.755,1.3019999999999996,7.5498957963469016,0.03832899167007853,0.07470809864148664,,,0.022578564999154234,0.04482597174681487,0,0,e7949e24ca771d34c2ad531e06ebf5afcfd4d59fde6fa9b73b33fb952479fc10,1e48b6540ab3ff6cfd040c7f3800e5f82910e2d7245dcffaaeaff9bb79dd7d58
warehouse_cross_aisles,2026-08-03 four-planner matrix,results/pstmo_execution_full_20260803/warehouse_cross_aisles/cross_aisle_transfer_smachybrid_savitzky_golay.json,cross_aisle_transfer,SmacHybrid,savitzky_golay,True,40.239000000000004,38.901,1.338000000000001,7.592630900194071,0.04413496885316446,0.08386088022195592,,,0.023764398724910835,0.06317215808230676,0,0,e7949e24ca771d34c2ad531e06ebf5afcfd4d59fde6fa9b73b33fb952479fc10,7cd212d8210fb8c4856cbaf051d60d299489e98117b196fa182e75c084e9a96d
warehouse_cross_aisles,2026-08-03 four-planner matrix,results/pstmo_execution_full_20260803/warehouse_cross_aisles/cross_aisle_transfer_smachybrid_constrained.json,cross_aisle_transfer,SmacHybrid,constrained,True,40.257000000000005,38.892,1.365000000000002,7.622188210491324,0.030715834768483108,0.08068961429396715,,,0.021309690113462024,0.053721309698760364,0,0,e7949e24ca771d34c2ad531e06ebf5afcfd4d59fde6fa9b73b33fb952479fc10,d2caedb0dbe49095455b9b5138808169f278b70695b1fa4589cd3ced7eb5f52e
warehouse_cross_aisles,2026-08-03 four-planner matrix,results/pstmo_execution_full_20260803/warehouse_cross_aisles/cross_aisle_transfer_smachybrid_pstmo.json,cross_aisle_transfer,SmacHybrid,pstmo,True,39.117000000000004,37.827000000000005,1.2899999999999991,7.510369457794231,0.03716321551828794,0.07037011022603545,,,0.022284300877518513,0.05480424064830804,0,0,e7949e24ca771d34c2ad531e06ebf5afcfd4d59fde6fa9b73b33fb952479fc10,b54e8be31d3a772c6a875bd238a9a6a641e92e09147f5e876f389565cdfde58d
warehouse_dispatch,2026-08-03 four-planner matrix,results/pstmo_execution_full_20260803/warehouse_dispatch/full_replenishment_navfnastar_raw.json,full_replenishment,NavFnAStar,raw,True,88.42200000000001,87.19500000000001,1.2270000000000039,15.257785960334168,0.059257625990674044,0.0541850090021756,,,0.04193642186321196,0.16377482618385697,0,0,22c4ad9aa80f49520358143cd588c4f3b9a06fb7fc1fa8325dd2bbccb6f3fad5,22c4ad9aa80f49520358143cd588c4f3b9a06fb7fc1fa8325dd2bbccb6f3fad5
warehouse_dispatch,2026-08-03 four-planner matrix,results/pstmo_execution_full_20260803/warehouse_dispatch/full_replenishment_navfnastar_simple.json,full_replenishment,NavFnAStar,simple,True,84.825,83.592,1.233000000000004,15.208091632164452,0.06992866687938781,0.0713530756098909,,,0.04459522789612837,0.1524010859447447,0,0,22c4ad9aa80f49520358143cd588c4f3b9a06fb7fc1fa8325dd2bbccb6f3fad5,dfa53dbc40ca1768c463b5a558465e0327841a498ee5816d6289207af8d309e6
warehouse_dispatch,2026-08-03 four-planner matrix,results/pstmo_execution_full_20260803/warehouse_dispatch/full_replenishment_navfnastar_savitzky_golay.json,full_replenishment,NavFnAStar,savitzky_golay,True,88.37100000000001,87.06,1.311000000000007,15.276241107237599,0.062388719232184524,0.07174357517066143,,,0.042972083725306025,0.16419966588270807,0,0,22c4ad9aa80f49520358143cd588c4f3b9a06fb7fc1fa8325dd2bbccb6f3fad5,fb5b10aea0ffc7789e48b0e9fbe8fa498368aec9c8c9502901461e28da891dcf
warehouse_dispatch,2026-08-03 four-planner matrix,results/pstmo_execution_full_20260803/warehouse_dispatch/full_replenishment_navfnastar_constrained.json,full_replenishment,NavFnAStar,constrained,True,85.455,84.29100000000001,1.1639999999999873,15.270717388699703,0.05814433201097684,0.04105361129032492,,,0.039092146033083086,0.16385261566889495,0,0,22c4ad9aa80f49520358143cd588c4f3b9a06fb7fc1fa8325dd2bbccb6f3fad5,c7919a94e6f1e8f0795dbea321ee56229f12639a3b856d112aad9284219a0ed8
warehouse_dispatch,2026-08-03 four-planner matrix,results/pstmo_execution_full_20260803/warehouse_dispatch/full_replenishment_navfnastar_pstmo.json,full_replenishment,NavFnAStar,pstmo,True,84.26700000000001,83.01,1.257000000000005,15.230688629380122,0.05306732484092862,0.07133137857076977,,,0.04242495269397647,0.13584907888685577,0,0,22c4ad9aa80f49520358143cd588c4f3b9a06fb7fc1fa8325dd2bbccb6f3fad5,4959719499bef099daa6fe91418289c3fc3c8ed0b9e47865ce4050c07fece519
warehouse_dispatch,2026-08-03 four-planner matrix,results/pstmo_execution_full_20260803/warehouse_dispatch/full_replenishment_navfndijkstra_raw.json,full_replenishment,NavFnDijkstra,raw,True,86.241,85.07100000000001,1.1699999999999875,15.22339959542401,0.062019403453630315,0.053703161836952236,,,0.04659313018984938,0.18422698474995872,0,0,5e50b46c3ccfed0eb62a947bca74106d6ebb8edf571aca0fd009cb8d63d19096,5e50b46c3ccfed0eb62a947bca74106d6ebb8edf571aca0fd009cb8d63d19096
warehouse_dispatch,2026-08-03 four-planner matrix,results/pstmo_execution_full_20260803/warehouse_dispatch/full_replenishment_navfndijkstra_simple.json,full_replenishment,NavFnDijkstra,simple,True,86.715,85.482,1.233000000000004,15.21183581939415,0.059828359698718116,0.06150743949777637,,,0.045987167266631136,0.17878500365659677,0,0,5e50b46c3ccfed0eb62a947bca74106d6ebb8edf571aca0fd009cb8d63d19096,47390493752f8a685da690d3eac9f70ad556876801234ba011adbc960198c3ba
warehouse_dispatch,2026-08-03 four-planner matrix,results/pstmo_execution_full_20260803/warehouse_dispatch/full_replenishment_navfndijkstra_savitzky_golay.json,full_replenishment,NavFnDijkstra,savitzky_golay,True,88.44600000000001,87.183,1.2630000000000052,15.224269972739657,0.053600708200620524,0.07090627683370711,,,0.04601104320809189,0.18445410369875503,0,0,5e50b46c3ccfed0eb62a947bca74106d6ebb8edf571aca0fd009cb8d63d19096,02bdd16df6f28460256f3b86f0106049e4cf35b5b61dd95ac5d2a0c57f69884b
warehouse_dispatch,2026-08-03 four-planner matrix,results/pstmo_execution_full_20260803/warehouse_dispatch/full_replenishment_navfndijkstra_constrained.json,full_replenishment,NavFnDijkstra,constrained,True,87.015,85.68,1.3349999999999937,15.232152047113482,0.0626643065162198,0.06241789802516062,,,0.04446447217548619,0.17245838325695298,0,0,5e50b46c3ccfed0eb62a947bca74106d6ebb8edf571aca0fd009cb8d63d19096,dd64c2229284bc6f425344153185e5d479b50de356509ea0ca2e143bbe3d81e8
warehouse_dispatch,2026-08-03 four-planner matrix,results/pstmo_execution_full_20260803/warehouse_dispatch/full_replenishment_navfndijkstra_pstmo.json,full_replenishment,NavFnDijkstra,pstmo,True,81.64500000000001,80.244,1.4010000000000105,15.090401380717003,0.04971272372368662,0.09701052537535904,,,0.043647471911468935,0.13270560691006786,0,0,5e50b46c3ccfed0eb62a947bca74106d6ebb8edf571aca0fd009cb8d63d19096,724086077c94ed3c68880c2b8eb5b0018d0c7ca1e19dc004cdf2b5f4cc627f7f
warehouse_dispatch,2026-08-02 ThetaStar matrix,results/pstmo_execution_theta_star_20260802/warehouse_dispatch/full_replenishment_raw.json,full_replenishment,ThetaStar,raw,True,83.991,82.629,1.3619999999999948,15.010911776944969,0.05840296679393932,0.09260556989605306,,,0.03891313444561037,0.10882275916598624,0,0,46b34f3493e1ef28fa9b6f8d336407041bc39a3e3b071ff2c2ab6c903de76206,46b34f3493e1ef28fa9b6f8d336407041bc39a3e3b071ff2c2ab6c903de76206
warehouse_dispatch,2026-08-02 ThetaStar matrix,results/pstmo_execution_theta_star_20260802/warehouse_dispatch/full_replenishment_simple.json,full_replenishment,ThetaStar,simple,True,78.97500000000001,77.61,1.365000000000009,14.944383753679956,0.050518074029014814,0.0907717575715854,,,0.035934243892801566,0.08906189214589534,0,0,46b34f3493e1ef28fa9b6f8d336407041bc39a3e3b071ff2c2ab6c903de76206,8ea0649e7d78375c4712ba21fd0a63ee6ed405784e4ef2a8505435c6d5965a91
warehouse_dispatch,2026-08-02 ThetaStar matrix,results/pstmo_execution_theta_star_20260802/warehouse_dispatch/full_replenishment_savitzky_golay.json,full_replenishment,ThetaStar,savitzky_golay,True,81.408,80.034,1.3739999999999952,15.004246433625779,0.05929447167463991,0.09953617661650804,,,0.03955120430906343,0.10556231177874784,0,0,46b34f3493e1ef28fa9b6f8d336407041bc39a3e3b071ff2c2ab6c903de76206,344d6229dfecaef7ba5ae878437dd813db04640aa5598cbaac2022900f5f8ca2
warehouse_dispatch,2026-08-02 ThetaStar matrix,results/pstmo_execution_theta_star_20260802/warehouse_dispatch/full_replenishment_constrained.json,full_replenishment,ThetaStar,constrained,True,84.891,83.44800000000001,1.4429999999999978,15.028260086993834,0.058602003078202146,0.09506493281573714,,,0.041740577285996824,0.12588853561421576,0,0,46b34f3493e1ef28fa9b6f8d336407041bc39a3e3b071ff2c2ab6c903de76206,4b6fc0ad08716437e1a6a5a220d97414633e69f79910829d187cb8d091d0dd29
warehouse_dispatch,2026-08-02 ThetaStar matrix,results/pstmo_execution_theta_star_20260802/warehouse_dispatch/full_replenishment_pstmo.json,full_replenishment,ThetaStar,pstmo,True,76.071,74.703,1.367999999999995,14.928482614125851,0.060021763523605186,0.08088862761928395,,,0.035841926573199484,0.10341090867083468,0,0,46b34f3493e1ef28fa9b6f8d336407041bc39a3e3b071ff2c2ab6c903de76206,4750e2704ef4219efce518495fa7f268fa739356136c872bbecfef37647c49c0
warehouse_dispatch,2026-08-03 four-planner matrix,results/pstmo_execution_full_20260803/warehouse_dispatch/full_replenishment_smac2d_raw.json,full_replenishment,Smac2D,raw,True,79.42800000000001,79.098,0.3300000000000125,15.050318185100807,0.06106433507337359,0.08224765978739534,,,0.03739973577066626,0.12912893853171417,0,0,e19fe29a6b26dc122316bcf8b69cbb86001a352aade0c354abf5f6aca7bcec2f,e19fe29a6b26dc122316bcf8b69cbb86001a352aade0c354abf5f6aca7bcec2f
warehouse_dispatch,2026-08-03 four-planner matrix,results/pstmo_execution_full_20260803/warehouse_dispatch/full_replenishment_smac2d_simple.json,full_replenishment,Smac2D,simple,True,77.08500000000001,76.461,0.6240000000000094,14.993662509477529,0.07151155566364545,0.05319456365998448,,,0.04036917852896573,0.1218112844879732,0,0,e19fe29a6b26dc122316bcf8b69cbb86001a352aade0c354abf5f6aca7bcec2f,085cc4821296532dffed2fd53af04021e08c156c928b976056cd73bf2ec9c254
warehouse_dispatch,2026-08-03 four-planner matrix,results/pstmo_execution_full_20260803/warehouse_dispatch/full_replenishment_smac2d_savitzky_golay.json,full_replenishment,Smac2D,savitzky_golay,True,80.97,80.325,0.644999999999996,15.06571342702953,0.07088422178491788,0.056672777660375755,,,0.03952734184228771,0.13035257566809164,0,0,e19fe29a6b26dc122316bcf8b69cbb86001a352aade0c354abf5f6aca7bcec2f,fe85ee0c60bfe495dd1c53ee9eecfc6584454bd4261ffe870177509263984eb2
warehouse_dispatch,2026-08-03 four-planner matrix,results/pstmo_execution_full_20260803/warehouse_dispatch/full_replenishment_smac2d_constrained.json,full_replenishment,Smac2D,constrained,True,81.882,81.24900000000001,0.6329999999999956,15.084098286523268,0.06236724410162579,0.049342283425291344,,,0.0403737577064501,0.15369657643110501,0,0,e19fe29a6b26dc122316bcf8b69cbb86001a352aade0c354abf5f6aca7bcec2f,60190c2a0ea44775659ab67e29443593ad7cc2bd23437c42b696e300f57784f7
warehouse_dispatch,2026-08-03 four-planner matrix,results/pstmo_execution_full_20260803/warehouse_dispatch/full_replenishment_smac2d_pstmo.json,full_replenishment,Smac2D,pstmo,True,76.221,74.91900000000001,1.3019999999999925,15.004898996670564,0.05289379503968932,0.08017088082436807,,,0.033857652023756395,0.09510400469810609,0,0,e19fe29a6b26dc122316bcf8b69cbb86001a352aade0c354abf5f6aca7bcec2f,aab25c9da3d97b84f55ee387e0555e8c7c0d4f4321f82f1391cd639723815502
warehouse_dispatch,2026-08-03 four-planner matrix,results/pstmo_execution_full_20260803/warehouse_dispatch/full_replenishment_smachybrid_raw.json,full_replenishment,SmacHybrid,raw,False,1.614,1.1460000000000001,0.46799999999999997,0.00010201978793048136,11.833752170987594,1.161319515588378,,,7.21388225066066e-05,0.00010201970116246851,0,0,aa8b45a98047f76dd4e65ae5b0b6ffc30f9d98e220fb4f97fb3651fb2f3a5f4e,aa8b45a98047f76dd4e65ae5b0b6ffc30f9d98e220fb4f97fb3651fb2f3a5f4e
warehouse_dispatch,2026-08-03 four-planner matrix,results/pstmo_execution_full_20260803/warehouse_dispatch/full_replenishment_smachybrid_simple.json,full_replenishment,SmacHybrid,simple,False,,,,,,,,,,,,,,
warehouse_dispatch,2026-08-03 four-planner matrix,results/pstmo_execution_full_20260803/warehouse_dispatch/full_replenishment_smachybrid_savitzky_golay.json,full_replenishment,SmacHybrid,savitzky_golay,False,1.554,1.101,0.45300000000000007,0.00010097268652590268,11.833753151338671,1.1720642847525735,,,7.139847125807043e-05,0.00010097268638586883,0,0,aa8b45a98047f76dd4e65ae5b0b6ffc30f9d98e220fb4f97fb3651fb2f3a5f4e,45bb26f3db03e730ca53531bcb4ab37add21d7e05531adf6a6e39b5defbc1538
warehouse_dispatch,2026-08-03 four-planner matrix,results/pstmo_execution_full_20260803/warehouse_dispatch/full_replenishment_smachybrid_constrained.json,full_replenishment,SmacHybrid,constrained,False,4.689,3.321,1.3679999999999999,0.35298809327204067,11.71245469388621,1.0537948507888797,,,0.042619029563246,0.07682013468600082,0,0,aa8b45a98047f76dd4e65ae5b0b6ffc30f9d98e220fb4f97fb3651fb2f3a5f4e,7bf9dcebfb11e307560c9c46475a3aa435cf9fe59b78ec437ef953920b3f1db1
warehouse_dispatch,2026-08-03 four-planner matrix,results/pstmo_execution_full_20260803/warehouse_dispatch/full_replenishment_smachybrid_pstmo.json,full_replenishment,SmacHybrid,pstmo,False,1.653,1.155,0.498,0.00010072520733710439,11.833753377124312,1.165129012946716,,,7.105978577599985e-05,0.00010049371278374574,0,0,aa8b45a98047f76dd4e65ae5b0b6ffc30f9d98e220fb4f97fb3651fb2f3a5f4e,5153b009d925fd08d3785489f03e2a6cd7804ea78fa3c9c2affa6fad48ad05c7
warehouse_long_aisles,2026-08-03 four-planner matrix,results/pstmo_execution_full_20260803/warehouse_long_aisles/diagonal_replenishment_navfnastar_raw.json,diagonal_replenishment,NavFnAStar,raw,True,75.174,73.887,1.2870000000000061,13.847662274592954,0.03256936061300557,0.08486129178004465,,,0.038188928573986834,0.08649558666323047,0,0,134306531b367fe08089404922ce0b0abd8921557ac62b9f3ba1b50f686746d7,134306531b367fe08089404922ce0b0abd8921557ac62b9f3ba1b50f686746d7
warehouse_long_aisles,2026-08-03 four-planner matrix,results/pstmo_execution_full_20260803/warehouse_long_aisles/diagonal_replenishment_navfnastar_simple.json,diagonal_replenishment,NavFnAStar,simple,True,73.896,72.58500000000001,1.3109999999999928,13.824854675705833,0.02949723001807373,0.07456107523247583,,,0.03851662333417046,0.09580793931086402,0,0,134306531b367fe08089404922ce0b0abd8921557ac62b9f3ba1b50f686746d7,36e3e5a22612523c90abdcd312060cdff0d79151b6e623717a69cfcc9db63b5e
warehouse_long_aisles,2026-08-03 four-planner matrix,results/pstmo_execution_full_20260803/warehouse_long_aisles/diagonal_replenishment_navfnastar_savitzky_golay.json,diagonal_replenishment,NavFnAStar,savitzky_golay,True,74.43900000000001,73.107,1.3320000000000078,13.839724802342358,0.013161357434692617,0.08763570579449664,,,0.04548811112774253,0.10879148866654177,0,0,134306531b367fe08089404922ce0b0abd8921557ac62b9f3ba1b50f686746d7,3ee440872c0203f084b5b7f694f0a4dee6066715f16421a10382dc72d9855f79
warehouse_long_aisles,2026-08-03 four-planner matrix,results/pstmo_execution_full_20260803/warehouse_long_aisles/diagonal_replenishment_navfnastar_constrained.json,diagonal_replenishment,NavFnAStar,constrained,True,74.25,72.94800000000001,1.3019999999999925,13.838499225504957,0.03422833107416065,0.07657128587848422,,,0.03763380709728803,0.09357333640463912,0,0,134306531b367fe08089404922ce0b0abd8921557ac62b9f3ba1b50f686746d7,7f0f71bbe0f0426784ebdb7a14a6205ab990eff47f5ea6b55d6dc37b69055e92
warehouse_long_aisles,2026-08-03 four-planner matrix,results/pstmo_execution_full_20260803/warehouse_long_aisles/diagonal_replenishment_navfnastar_pstmo.json,diagonal_replenishment,NavFnAStar,pstmo,True,72.59100000000001,71.256,1.335000000000008,13.782433540365501,0.02744588557625255,0.07684409638866607,,,0.03854490650327684,0.08873973971756582,0,0,134306531b367fe08089404922ce0b0abd8921557ac62b9f3ba1b50f686746d7,b0cba4bbb2f59429921accefc9d9b5eb061d86e99ee214b76f3aafaead8ad2dc
warehouse_long_aisles,2026-08-03 four-planner matrix,results/pstmo_execution_full_20260803/warehouse_long_aisles/diagonal_replenishment_navfndijkstra_raw.json,diagonal_replenishment,NavFnDijkstra,raw,True,68.013,66.75,1.2630000000000052,13.901316749332718,0.051299843424026124,0.08895964184084765,,,0.018228684530547882,0.07211647595689336,0,0,45e158d3c9c4c0daa18501579c5eab1a4e6bdc513246b39b292e5af8592a6738,45e158d3c9c4c0daa18501579c5eab1a4e6bdc513246b39b292e5af8592a6738
warehouse_long_aisles,2026-08-03 four-planner matrix,results/pstmo_execution_full_20260803/warehouse_long_aisles/diagonal_replenishment_navfndijkstra_simple.json,diagonal_replenishment,NavFnDijkstra,simple,True,67.206,65.925,1.281000000000006,13.875598093165488,0.058038162972542655,0.07346005423651575,,,0.021198510410891276,0.07859353138439151,0,0,45e158d3c9c4c0daa18501579c5eab1a4e6bdc513246b39b292e5af8592a6738,8880d54d572b91b83f0ea00f02b8c25acf7843a681d704707ed503d11efebe69
warehouse_long_aisles,2026-08-03 four-planner matrix,results/pstmo_execution_full_20260803/warehouse_long_aisles/diagonal_replenishment_navfndijkstra_savitzky_golay.json,diagonal_replenishment,NavFnDijkstra,savitzky_golay,True,67.491,66.19800000000001,1.2929999999999922,13.878654993528784,0.05196400679923692,0.08383149907150961,,,0.02126258778018621,0.08486438371142464,0,0,45e158d3c9c4c0daa18501579c5eab1a4e6bdc513246b39b292e5af8592a6738,a999be5f8f9cc0abfa7b61129ce4d1348b0aae1268ac241248d40334ea2bb5f1
warehouse_long_aisles,2026-08-03 four-planner matrix,results/pstmo_execution_full_20260803/warehouse_long_aisles/diagonal_replenishment_navfndijkstra_constrained.json,diagonal_replenishment,NavFnDijkstra,constrained,True,68.001,66.67200000000001,1.3289999999999935,13.909383008690387,0.03695733620838954,0.08953246444957624,,,0.017438460818251927,0.08074395741670155,0,0,45e158d3c9c4c0daa18501579c5eab1a4e6bdc513246b39b292e5af8592a6738,09dfcc5451790ebef17f86d6f0907cb2c7b2f3912c8392d37c5e358bd19ba077
warehouse_long_aisles,2026-08-03 four-planner matrix,results/pstmo_execution_full_20260803/warehouse_long_aisles/diagonal_replenishment_navfndijkstra_pstmo.json,diagonal_replenishment,NavFnDijkstra,pstmo,True,65.964,64.674,1.289999999999992,13.801638720429855,0.047095552978622876,0.08869641074737282,,,0.02434085465495056,0.10229415841512217,0,0,45e158d3c9c4c0daa18501579c5eab1a4e6bdc513246b39b292e5af8592a6738,62ebbcd1a8ae6f04aab0d62f6e3ec8daedb893c78caaceb726dea30d8dc03287
warehouse_long_aisles,2026-08-02 ThetaStar matrix,results/pstmo_execution_theta_star_20260802/warehouse_long_aisles/diagonal_replenishment_raw.json,diagonal_replenishment,ThetaStar,raw,True,77.265,75.96000000000001,1.3049999999999926,13.807067362840328,0.030984313487576694,0.07643714053287752,,,0.034045229375046476,0.09385739997813063,0,0,bac2baf3e8cd6fa90387db89eb0aef3c58edea49773f2bb98b53896210f49714,bac2baf3e8cd6fa90387db89eb0aef3c58edea49773f2bb98b53896210f49714
warehouse_long_aisles,2026-08-02 ThetaStar matrix,results/pstmo_execution_theta_star_20260802/warehouse_long_aisles/diagonal_replenishment_simple.json,diagonal_replenishment,ThetaStar,simple,True,73.272,72.183,1.0889999999999986,13.712944338246846,0.03348165794168924,0.046112937809757615,,,0.037127835478068034,0.08809611524599648,0,0,bac2baf3e8cd6fa90387db89eb0aef3c58edea49773f2bb98b53896210f49714,f819f5c948f6895d90627897a0acfee88ea88a52a66f5eabaf7ec248b5eafb4b
warehouse_long_aisles,2026-08-02 ThetaStar matrix,results/pstmo_execution_theta_star_20260802/warehouse_long_aisles/diagonal_replenishment_savitzky_golay.json,diagonal_replenishment,ThetaStar,savitzky_golay,True,74.589,73.293,1.2959999999999923,13.77767148527621,0.030254657098537065,0.08727455930276633,,,0.03647893566591136,0.09281272588023944,0,0,bac2baf3e8cd6fa90387db89eb0aef3c58edea49773f2bb98b53896210f49714,783ce307ac01ba2cff8750fd4c679207783a7290417902979898a8e614a45656
warehouse_long_aisles,2026-08-02 ThetaStar matrix,results/pstmo_execution_theta_star_20260802/warehouse_long_aisles/diagonal_replenishment_constrained.json,diagonal_replenishment,ThetaStar,constrained,True,74.45700000000001,73.254,1.203000000000003,13.764551934441693,0.03412286390332613,0.06305484016766033,,,0.04062342202095171,0.09736300517747053,0,0,bac2baf3e8cd6fa90387db89eb0aef3c58edea49773f2bb98b53896210f49714,35236e5f14d1c76a5255a5def8fe06e051c2a01bdb7e6080b19c759cb57b9f2c
warehouse_long_aisles,2026-08-02 ThetaStar matrix,results/pstmo_execution_theta_star_20260802/warehouse_long_aisles/diagonal_replenishment_pstmo.json,diagonal_replenishment,ThetaStar,pstmo,True,75.123,73.839,1.284000000000006,13.792176282156376,0.035292672787580345,0.07683452985432787,,,0.03842223936591359,0.09083341064059171,0,0,bac2baf3e8cd6fa90387db89eb0aef3c58edea49773f2bb98b53896210f49714,aaf0913f3c8c7177becaf7d94f77ec2ce223368691f6a07fa2e53c0182008340
warehouse_long_aisles,2026-08-03 four-planner matrix,results/pstmo_execution_full_20260803/warehouse_long_aisles/diagonal_replenishment_smac2d_raw.json,diagonal_replenishment,Smac2D,raw,True,69.177,67.893,1.284000000000006,13.846627690069395,0.03719977972551152,0.0746758776494601,,,0.023750839621132093,0.08676492831800814,0,0,d489d69865e2c0426b7430c605526db78d4c2fa515530729db14c024922d190e,d489d69865e2c0426b7430c605526db78d4c2fa515530729db14c024922d190e
warehouse_long_aisles,2026-08-03 four-planner matrix,results/pstmo_execution_full_20260803/warehouse_long_aisles/diagonal_replenishment_smac2d_simple.json,diagonal_replenishment,Smac2D,simple,True,67.293,66.03,1.2630000000000052,13.798915361668705,0.04642768248868903,0.08380118499584684,,,0.021647933569785574,0.08539019845565501,0,0,d489d69865e2c0426b7430c605526db78d4c2fa515530729db14c024922d190e,309ea3a20283a8f105a5ddc15fdf83019762eb6937bccb68998dd63d1866e84e
warehouse_long_aisles,2026-08-03 four-planner matrix,results/pstmo_execution_full_20260803/warehouse_long_aisles/diagonal_replenishment_smac2d_savitzky_golay.json,diagonal_replenishment,Smac2D,savitzky_golay,True,69.342,68.058,1.2839999999999918,13.86700688902265,0.03730766767560013,0.0748510321182822,,,0.018535451907011457,0.0736885274162153,0,0,d489d69865e2c0426b7430c605526db78d4c2fa515530729db14c024922d190e,faa0ce5cdd41a522091293038bebd1709133dbb289b5cb0c4cf6677e7a6e3be7
warehouse_long_aisles,2026-08-03 four-planner matrix,results/pstmo_execution_full_20260803/warehouse_long_aisles/diagonal_replenishment_smac2d_constrained.json,diagonal_replenishment,Smac2D,constrained,True,72.369,71.13300000000001,1.23599999999999,13.912401496665936,0.0441548329483014,0.08313584266413004,,,0.020846290291195453,0.07488520951921616,0,0,d489d69865e2c0426b7430c605526db78d4c2fa515530729db14c024922d190e,aa721c7ab9c62207aeaaa327961a494660d485c6e247790be02f54fb78227706
warehouse_long_aisles,2026-08-03 four-planner matrix,results/pstmo_execution_full_20260803/warehouse_long_aisles/diagonal_replenishment_smac2d_pstmo.json,diagonal_replenishment,Smac2D,pstmo,True,67.983,66.816,1.1670000000000016,13.784151957552233,0.052057833532345575,0.05616180464748405,,,0.020716055873177968,0.07966436369382472,0,0,d489d69865e2c0426b7430c605526db78d4c2fa515530729db14c024922d190e,e120506c16934389463448cac6ac910633a73441820fe0a7b637a9e51b4ccebe
warehouse_long_aisles,2026-08-03 four-planner matrix,results/pstmo_execution_full_20260803/warehouse_long_aisles/diagonal_replenishment_smachybrid_raw.json,diagonal_replenishment,SmacHybrid,raw,True,68.568,67.17,1.3979999999999961,13.923931763052876,0.039062851091191106,0.09111312337597514,,,0.027721625448204553,0.14552736841088243,0,0,33a5bf1367e88c77660c8c17611ac74f8d0136b7d3aa56780f90b76cce50bda0,33a5bf1367e88c77660c8c17611ac74f8d0136b7d3aa56780f90b76cce50bda0
warehouse_long_aisles,2026-08-03 four-planner matrix,results/pstmo_execution_full_20260803/warehouse_long_aisles/diagonal_replenishment_smachybrid_simple.json,diagonal_replenishment,SmacHybrid,simple,True,63.537000000000006,62.283,1.2540000000000049,13.83778994515558,0.05064988161664447,0.07842972785213592,,,0.024955451341468753,0.10020500164263071,0,0,33a5bf1367e88c77660c8c17611ac74f8d0136b7d3aa56780f90b76cce50bda0,b33172173896dc3ade91d270241033d970f4025595354811c2b7ea85e9f10ba4
warehouse_long_aisles,2026-08-03 four-planner matrix,results/pstmo_execution_full_20260803/warehouse_long_aisles/diagonal_replenishment_smachybrid_savitzky_golay.json,diagonal_replenishment,SmacHybrid,savitzky_golay,True,66.94200000000001,65.658,1.284000000000006,13.913194427918095,0.0435117456308448,0.08615811869505324,,,0.028618529879611172,0.14233536662597077,0,0,33a5bf1367e88c77660c8c17611ac74f8d0136b7d3aa56780f90b76cce50bda0,eb1eeb958d64b441acf370572d7f7c18bde12bee9eda8de6b28bf1ab47f737aa
warehouse_long_aisles,2026-08-03 four-planner matrix,results/pstmo_execution_full_20260803/warehouse_long_aisles/diagonal_replenishment_smachybrid_constrained.json,diagonal_replenishment,SmacHybrid,constrained,True,66.084,64.71900000000001,1.3649999999999949,13.931843237172934,0.04103240386478885,0.09337941013143453,,,0.028095591490791303,0.13053235148888595,0,0,33a5bf1367e88c77660c8c17611ac74f8d0136b7d3aa56780f90b76cce50bda0,7a77f16ccf15a3e30839028eac44e9ec8011020a8560fe548c8291ab415dc5c3
warehouse_long_aisles,2026-08-03 four-planner matrix,results/pstmo_execution_full_20260803/warehouse_long_aisles/diagonal_replenishment_smachybrid_pstmo.json,diagonal_replenishment,SmacHybrid,pstmo,True,63.56400000000001,62.304,1.2600000000000051,13.866716529096758,0.03863400086533991,0.07937226606156994,,,0.02403343699546446,0.07512265888596976,0,0,33a5bf1367e88c77660c8c17611ac74f8d0136b7d3aa56780f90b76cce50bda0,471283e79e14f0fa8232aa95188634fd799f5306a4de13fc05b9cef735e09026
