algorithm_time_s,case_id,curvature_energy_1pm,environment,error,footprint_clearance_mean_m,footprint_clearance_min_m,footprint_clearance_p05_m,footprint_collision_sample_count,footprint_pose_sample_count,goal_x,goal_y,goal_yaw,max_abs_curvature_1pm,method,path_length_m,path_sha256,pivot_marker_count,pivot_total_angle_rad,planner,scenario,start_x,start_y,start_yaw,success
0.0,C01,366.28149706995634,open_arena,,0.40279504080914114,0.1449222247138721,0.17079994222155565,0,186,1.2,-0.6,0.0,64.65636133532263,raw,4.439905745627372,4dfd9a0bc2ddf445cd5f0844441e2d109db6664bf36ef1babdd1edb73770ce35,0,0,NavFnAStar,center_block_detour,-2.2,-0.6,0.857185646,True
0.0,C01,53.56505538627405,open_arena,,0.3661809074411227,0.16464466094067262,0.2146446609406726,0,208,1.2,-0.6,0.0,42.30101015684904,simple,4.364068625153421,a635c2e31f784ff213c663d5a3aa3c4ec0352b386b982fc41c271a521440b642,0,0,NavFnAStar,center_block_detour,-2.2,-0.6,0.857185646,True
0.0,C01,128.81457807241193,open_arena,,0.3497386194345267,0.12275854394909161,0.17079994222155565,0,234,1.2,-0.6,0.0,66.19191966087543,savitzky_golay,4.404299685471891,fdf1f0fd41bf6452296dcda0dfe6bcbec472e8a551271217bd24e366a94a9f34,0,0,NavFnAStar,center_block_detour,-2.2,-0.6,0.857185646,True
0.015000000000000001,C01,66.93338697203343,open_arena,,0.3568519670320015,0.16464466094067262,0.2146446609406726,0,234,1.2,-0.6,0.0,29.306612189575677,constrained,4.404982718282282,0f1cea9191e961a95a1f561365db8454dbfe1684674d08aeb37a2240a6030997,0,0,NavFnAStar,center_block_detour,-2.2,-0.6,0.857185646,True
0.057,C01,1.133634357172031,open_arena,,0.249496926236016,0.12275854394909161,0.12275854394909161,0,309,1.2,-0.6,0.0,0.8248396096088149,pstmo,4.1670542239142945,9424c608d8481ecf283102c936b057b324f95e20dbfcce32035deb6030aa4799,0,0,NavFnAStar,center_block_detour,-2.2,-0.6,0.857185646,True
0.003,C02,72.39283060396059,open_arena,,0.4218258810480281,0.1449222247138721,0.1882514586906516,0,183,1.2,-0.6,0.0,18.06283522812188,raw,4.355236300531455,9181e53b37537e0fc9a9f25ec7371dd0178c231fff7eb49701ee6c400854f876,0,0,NavFnDijkstra,center_block_detour,-2.2,-0.6,0.857185646,True
0.0,C02,3.276873058061331,open_arena,,0.4011978874803713,0.24748737341529167,0.2561922556829377,0,182,1.2,-0.6,0.0,3.1174276862689774,simple,4.334107143702571,8f3ebdb3e4657d13942a33973f6dd4111d28a0cf2c493d910f5b79ed42e838dc,0,0,NavFnDijkstra,center_block_detour,-2.2,-0.6,0.857185646,True
0.0,C02,7.869737735607841,open_arena,,0.395377457319573,0.24748737341529167,0.2561922556829377,0,192,1.2,-0.6,0.0,5.834231535734835,savitzky_golay,4.34565351419659,03805ad681fdc671bb4d9fc247d6e5cfc424c03a06c3f11f244e881b8f66d839,0,0,NavFnDijkstra,center_block_detour,-2.2,-0.6,0.857185646,True
0.018000000000000002,C02,6.942856156534995,open_arena,,0.4009141178643471,0.24748737341529167,0.2561922556829377,0,185,1.2,-0.6,0.0,3.888027420591528,constrained,4.347980086715561,a069f06ae1bce90fde8a14adcd6467666690642ad94af0118678ea35e3c05783,0,0,NavFnDijkstra,center_block_detour,-2.2,-0.6,0.857185646,True
0.033,C02,1.0610634274626887,open_arena,,0.24280393567635764,0.06464466094067262,0.0764480598156621,0,354,1.2,-0.6,0.0,0.7340258313747186,pstmo,4.102860792881136,dc1e0d3b223524644040e47f62e17ad5339134a570760233d34d224706818dbd,0,0,NavFnDijkstra,center_block_detour,-2.2,-0.6,0.857185646,True
0.003,C03,26.064885963080325,open_arena,,0.4038669284490674,0.10606601717798214,0.1449222247138721,0,164,1.2,-0.6,0.0,12.62805928618486,raw,4.315693846827799,84d2a2585525c1ea6e39aaa76264266f54faf2f472e8992e209aeb78576e0539,0,0,ThetaStar,center_block_detour,-2.2,-0.6,0.857185646,True
0.0,C03,2.1291204535055424,open_arena,,0.422543636185784,0.17677669529663687,0.1882514586906516,0,173,1.2,-0.6,0.0,2.116875676304542,simple,4.2569421048373135,5cbab3dea4c55e144e7f13ffbafb18299e257b441c86d290454e38b1a45e91c3,0,0,ThetaStar,center_block_detour,-2.2,-0.6,0.857185646,True
0.0,C03,5.1652427048696925,open_arena,,0.4474513688605015,0.2146446609406726,0.2146446609406726,0,169,1.2,-0.6,0.0,3.5444140307550027,savitzky_golay,4.292155144623791,879c929775d170bf43b8ff327fad883c920692f42f94c7346cd40fd2444f64df,0,0,ThetaStar,center_block_detour,-2.2,-0.6,0.857185646,True
0.006,C03,7.988059804443248,open_arena,,0.4728909848583082,0.2339029012973978,0.24748737341529167,0,170,1.2,-0.6,0.0,4.660742359908061,constrained,4.3446548804039145,71c8b0582141999174cd870a522a2c951868da4f5a160de6ce61fa02c399f212,0,0,ThetaStar,center_block_detour,-2.2,-0.6,0.857185646,True
0.054000000000000006,C03,1.0396210910308152,open_arena,,0.2664231253474684,0.0764480598156621,0.10606601717798214,0,361,1.2,-0.6,0.0,0.8039835585317795,pstmo,4.115409479687343,1aab04c05013bed3f5127c8a5938d3c47e2b58fade8e45719838d0afb2c788ae,0,0,ThetaStar,center_block_detour,-2.2,-0.6,0.857185646,True
0.003,C04,1.9573910871710105,open_arena,,0.3800239861701704,0.17677669529663687,0.1882514586906516,0,155,1.2,-0.6,0.0,1.759574209961775,raw,4.249241571385473,5fa5ce8be13c6716c45307b5571b99899685b06878705c83c5c72119c82e07cb,0,0,Smac2D,center_block_detour,-2.2,-0.6,0.857185646,True
0.0,C04,1.4799004989839004,open_arena,,0.37014760920852896,0.17079994222155565,0.17079994222155565,0,153,1.2,-0.6,0.0,1.2268376278924868,simple,4.226023547779836,28bbe9353b3a43b3eddfde52dba9e72b82e92328580f61a62e0f63e7e300a779,0,0,Smac2D,center_block_detour,-2.2,-0.6,0.857185646,True
0.0,C04,1.8862038875924934,open_arena,,0.3807615088835228,0.17677669529663687,0.1882514586906516,0,155,1.2,-0.6,0.0,1.5303289912807803,savitzky_golay,4.248828088001134,5a5d74d60f3c1a4866e48c8b52ee57d0f22c778b7e0e90478b8a1085be21728f,0,0,Smac2D,center_block_detour,-2.2,-0.6,0.857185646,True
0.006,C04,2.7464210172561456,open_arena,,0.4065285562664715,0.2339029012973978,0.24748737341529167,0,144,1.2,-0.6,0.0,2.1660915875151523,constrained,4.313698425935442,d7b76da9262a0bb62fb3688dbc67e8c840af8bbe44cb573479cefe2f4deac50c,0,0,Smac2D,center_block_detour,-2.2,-0.6,0.857185646,True
0.054000000000000006,C04,0.9384934519106239,open_arena,,0.20496417851008597,0.01464466094067262,0.03535533905932738,0,347,1.2,-0.6,0.0,0.6985906204990774,pstmo,4.035057337177183,0f95a8e331658f52c0374a30f4df9ad48859e59e4b9e4137dc3f86633181f94b,0,0,Smac2D,center_block_detour,-2.2,-0.6,0.857185646,True
0.003,C05,5.553516470637404,open_arena,,0.35508673301937066,0.1449222247138721,0.1449222247138721,0,111,1.2,-0.6,0.0,2.8572232012554015,raw,4.3108016347395255,1e4a5df1bf9189aa1dc55da75db8f2c93611b1fcf23a96632135a4b004c5be46,0,0,SmacHybrid,center_block_detour,-2.2,-0.6,0.857185646,True
0.0,C05,2.0176362354649924,open_arena,,0.3538524435973842,0.1449222247138721,0.1449222247138721,0,107,1.2,-0.6,0.0,1.539528467260332,simple,4.233753387443438,123b18c08ea97a455a93eb3941a1ce452eeedb788e6ded6203328982ebf1fc73,0,0,SmacHybrid,center_block_detour,-2.2,-0.6,0.857185646,True
0.0,C05,3.910633071398827,open_arena,,0.3620790842310059,0.1449222247138721,0.1449222247138721,0,106,1.2,-0.6,0.0,2.8060214196389746,savitzky_golay,4.30253163035104,0e61ded976c05ac4b4a95e7af68336b10e8372fa8ad7e905fdbc75e0299cdcfd,0,0,SmacHybrid,center_block_detour,-2.2,-0.6,0.857185646,True
0.006,C05,4.452200594592915,open_arena,,0.3766393230379693,0.2146446609406726,0.2339029012973978,0,105,1.2,-0.6,0.0,2.618574046373152,constrained,4.3705978299358925,dffc924143c227681033df34fcb23ee5a9e263a581e43965466149d50bb554bc,0,0,SmacHybrid,center_block_detour,-2.2,-0.6,0.857185646,True
0.045000000000000005,C05,1.2536221063257467,open_arena,,0.2306058482938151,0.03535533905932738,0.03535533905932738,0,248,1.2,-0.6,0.0,1.0281543742501031,pstmo,4.11535766840488,1a4e07dbfec619721471245655583f3ac6dafb372701257b2e2e673372dbf74a,0,0,SmacHybrid,center_block_detour,-2.2,-0.6,0.857185646,True
0.0,C06,444.1165057795072,research_warehouse,,0.4291142534179472,0.16464466094067262,0.1882514586906516,0,191,-2.0,-0.5,0.694738276,65.48532181057294,raw,4.656465743783424,d97c78631870433ec436b7baab1a5aade9e1b0f1e753970eaa2279a795e4758a,0,0,NavFnAStar,lower_left_diagonal,-5.0,-3.0,0.05036638,True
0.009000000000000001,C06,4.955870152142853,research_warehouse,,0.4180982057671263,0.2339029012973978,0.2561922556829377,0,185,-2.0,-0.5,0.694738276,3.9891234433743215,simple,4.583453062420675,a788efcb40d64360950fe61f513de721cd759ee7c93a50419b32ccbe63f8a5a7,0,0,NavFnAStar,lower_left_diagonal,-5.0,-3.0,0.05036638,True
0.0,C06,21.57640730798915,research_warehouse,,0.4051601712712325,0.2146446609406726,0.2339029012973978,0,210,-2.0,-0.5,0.694738276,10.089929393680574,savitzky_golay,4.605006715536396,61851fb949721b0d17c618f7cd749a069d3ca291a5cb4568523d88834a5bef53,0,0,NavFnAStar,lower_left_diagonal,-5.0,-3.0,0.05036638,True
0.018000000000000002,C06,53.21927275089187,research_warehouse,,0.3988580889034372,0.2146446609406726,0.2339029012973978,0,225,-2.0,-0.5,0.694738276,38.91526467372942,constrained,4.615511021459441,68905adf131f810aaf970987a7118a3344bcb38f54a6347fd6853e8c6f71d6f7,0,0,NavFnAStar,lower_left_diagonal,-5.0,-3.0,0.05036638,True
0.018000000000000002,C06,0.7880699438012243,research_warehouse,,0.25558935948566625,0.03535533905932738,0.06464466094067262,0,227,-2.0,-0.5,0.694738276,0.8555523309314526,pstmo,4.363492753926578,867bb588775890a677e917f107193c6b958ea8c35d9ef17ba2f3e18790ee78c1,0,0,NavFnAStar,lower_left_diagonal,-5.0,-3.0,0.05036638,True
0.0,C07,183.61325757066837,research_warehouse,,0.4460432949025316,0.16464466094067262,0.2014480598156621,0,191,-2.0,-0.5,0.694738276,28.98340468644852,raw,4.622762531410437,a5469cb4a0cc95c010c18a2bd1fc459335e93ccf255bfdd7cc086de312d2311e,0,0,NavFnDijkstra,lower_left_diagonal,-5.0,-3.0,0.05036638,True
0.0,C07,4.738245369783322,research_warehouse,,0.4386773081922049,0.2561922556829377,0.2561922556829377,0,189,-2.0,-0.5,0.694738276,4.600394602673651,simple,4.573972007365583,197080a77412e5c97e34d295ce94f29da3ec4559191c2c6c8e8b2f2bfc08a98a,0,0,NavFnDijkstra,lower_left_diagonal,-5.0,-3.0,0.05036638,True
0.0,C07,21.561502558495,research_warehouse,,0.42292472169567663,0.2146446609406726,0.2339029012973978,0,210,-2.0,-0.5,0.694738276,10.671558738866985,savitzky_golay,4.595075930959322,91a7c635c7fcc37cbec3a2c425b14f420a3cda74a1118f196c7fea85a95e9ee1,0,0,NavFnDijkstra,lower_left_diagonal,-5.0,-3.0,0.05036638,True
0.018000000000000002,C07,42.95763320918895,research_warehouse,,0.4157956315515227,0.2146446609406726,0.2339029012973978,0,227,-2.0,-0.5,0.694738276,13.721722553394764,constrained,4.607922410984406,d9d3fefe87e3e3da999102543c0358c04001b3dcf4f23d8361a34482d891dea1,0,0,NavFnDijkstra,lower_left_diagonal,-5.0,-3.0,0.05036638,True
0.018000000000000002,C07,0.7993020303209651,research_warehouse,,0.26063348234764877,0.06464466094067262,0.06464466094067262,0,227,-2.0,-0.5,0.694738276,0.8615695313690982,pstmo,4.370343097785751,c788d989b0ac986376ed1d4e8403688daaf9a4d53eb34705812091c7a010b7cc,0,0,NavFnDijkstra,lower_left_diagonal,-5.0,-3.0,0.05036638,True
0.0,C08,25.262981659364538,research_warehouse,,0.417210523669247,0.1449222247138721,0.2146446609406726,0,180,-2.0,-0.5,0.694738276,18.586202563063164,raw,4.550852996404033,cf0bbdea1b3d014bbb2513241e084ccde9de2209561845df6fc7e25861a39f39,0,0,ThetaStar,lower_left_diagonal,-5.0,-3.0,0.05036638,True
0.0,C08,1.887492348210283,research_warehouse,,0.4012475624085294,0.2146446609406726,0.21959563662031187,0,176,-2.0,-0.5,0.694738276,2.223959686185894,simple,4.504507167917776,f8a276286a11d91ec173aacb4e90dc3476c46e0c348d8736e4a0f7a6bcfb7351,0,0,ThetaStar,lower_left_diagonal,-5.0,-3.0,0.05036638,True
0.0,C08,3.918053946774306,research_warehouse,,0.40388641612345677,0.24748737341529167,0.24748737341529167,0,155,-2.0,-0.5,0.694738276,3.798620556960291,savitzky_golay,4.535928414860979,22b04c1609f5835b87e696d3cec99daf77d19a7abbcb1083aa9e9520458817e8,0,0,ThetaStar,lower_left_diagonal,-5.0,-3.0,0.05036638,True
0.006,C08,12.649914552360617,research_warehouse,,0.4185513177943751,0.24748737341529167,0.2561922556829377,0,152,-2.0,-0.5,0.694738276,15.364411780945444,constrained,4.551134144993829,19269e46653daeb52c626efe24bc3fdf210a45eb9ec6ca4a63cf07adcdea800c,0,0,ThetaStar,lower_left_diagonal,-5.0,-3.0,0.05036638,True
0.015000000000000001,C08,0.7525935639375132,research_warehouse,,0.24416027111540553,0.01464466094067262,0.01464466094067262,0,226,-2.0,-0.5,0.694738276,0.8363216229505925,pstmo,4.3395496143927055,d429429e8fc29dbbe9988a6f014745803bd4e8ff1fbc70a3cfd903912e899931,0,0,ThetaStar,lower_left_diagonal,-5.0,-3.0,0.05036638,True
0.003,C09,3.4070397216203543,research_warehouse,,0.39066205571973134,0.2146446609406726,0.2146446609406726,0,171,-2.0,-0.5,0.694738276,2.06674196442691,raw,4.525477470342962,cf36fab76f1b60469e6d7b5e6ceea413972e2cbb19ac78d5a69946e47d988615,0,0,Smac2D,lower_left_diagonal,-5.0,-3.0,0.05036638,True
0.0,C09,2.176524553234477,research_warehouse,,0.38527217032147254,0.17677669529663687,0.1882514586906516,0,170,-2.0,-0.5,0.694738276,1.6720981534900996,simple,4.493702308527808,07c992f486212e87a24f5ded8207cb2b589164a1aec5e19a098f85ff9f23f92a,0,0,Smac2D,lower_left_diagonal,-5.0,-3.0,0.05036638,True
0.003,C09,3.0986528162713336,research_warehouse,,0.3881221796113724,0.2146446609406726,0.2146446609406726,0,170,-2.0,-0.5,0.694738276,1.797199847238424,savitzky_golay,4.524216863726513,fe360ebe2f2771dbc4294b995faae2668fe9346a0690cddc272606b82fe2dfa6,0,0,Smac2D,lower_left_diagonal,-5.0,-3.0,0.05036638,True
0.006,C09,3.6488207123855316,research_warehouse,,0.39940913250616666,0.2339029012973978,0.24748737341529167,0,164,-2.0,-0.5,0.694738276,2.34724235018159,constrained,4.552616945192188,579665a47b96866344621609eef647936c188aca8d02ab1ba9a85fc2fb8aa7f1,0,0,Smac2D,lower_left_diagonal,-5.0,-3.0,0.05036638,True
0.018000000000000002,C09,0.7462803652602684,research_warehouse,,0.23002910773171373,0.03535533905932738,0.03535533905932738,0,225,-2.0,-0.5,0.694738276,0.8328796308975425,pstmo,4.338174206208307,242320d795402ffafbf2c074953ce41304967f72ddd91d00ec19ff6cda73c030,0,0,Smac2D,lower_left_diagonal,-5.0,-3.0,0.05036638,True
0.003,C10,4.585043367562052,research_warehouse,,0.491109477041458,0.24748737341529167,0.24748737341529167,0,124,-2.0,-0.5,0.694738276,2.8571470594438346,raw,4.635249332972944,913c858dcd5d52d4a591b58a447503a05ac21cdaeed4a9afea6679f8a63c563f,0,0,SmacHybrid,lower_left_diagonal,-5.0,-3.0,0.05036638,True
0.0,C10,1.2588793804474778,research_warehouse,,0.48874045569483876,0.2146446609406726,0.2146446609406726,0,114,-2.0,-0.5,0.694738276,1.0776589939676737,simple,4.580082515485277,820548c9668c577432c6cafbac25c7140833d07df7b1725b43ee25e82b0c66c5,0,0,SmacHybrid,lower_left_diagonal,-5.0,-3.0,0.05036638,True
0.0,C10,2.6489283667412624,research_warehouse,,0.5074271670832248,0.24748737341529167,0.24748737341529167,0,114,-2.0,-0.5,0.694738276,2.3533015610788373,savitzky_golay,4.626831336296925,39a8211f8ee2cd873b6a9ad5df238b50051ab118f5fdea10d1cfedd478119a8d,0,0,SmacHybrid,lower_left_diagonal,-5.0,-3.0,0.05036638,True
0.006,C10,2.9985706768412284,research_warehouse,,0.50648659750548,0.24748737341529167,0.2561922556829377,0,113,-2.0,-0.5,0.694738276,2.696310048105651,constrained,4.638143106017583,f34ee6a039b86754a1bf400fac11adb58b3749290e9d14088ea900e2bc0b2aa4,0,0,SmacHybrid,lower_left_diagonal,-5.0,-3.0,0.05036638,True
0.018000000000000002,C10,0.7835847681750328,research_warehouse,,0.24831726785738448,0.03535533905932738,0.06464466094067262,0,226,-2.0,-0.5,0.694738276,0.8531357361676062,pstmo,4.360959891056913,751400dddbad3c617e38b5b73838ba8b9fddb87361835ce14fd59b9e430eaeb9,0,0,SmacHybrid,lower_left_diagonal,-5.0,-3.0,0.05036638,True
0.0,C11,889.6943796303501,narrow_aisles,,0.42268444448804254,0.17677669529663687,0.2146446609406726,0,596,5.0,3.0,0.5404195,44.29388306580552,raw,14.753942289411611,c673c52f158bfac68a9d9e2181b9506c108ce621ffbc7369c201b4e13b6e76ae,0,0,NavFnAStar,southwest_northeast_weave,-5.0,-3.0,0.618911371,True
0.003,C11,23.30265073893456,narrow_aisles,,0.418322801262542,0.2146446609406726,0.2146446609406726,0,615,5.0,3.0,0.5404195,9.541406232159416,simple,14.474220080026514,283c5699f8bcc7684b44b8b7f9c14e38ab25a4a59310169f95fc3ab18ed8a425,0,0,NavFnAStar,southwest_northeast_weave,-5.0,-3.0,0.618911371,True
0.0,C11,106.74833072831262,narrow_aisles,,0.41851240930334827,0.2146446609406726,0.2146446609406726,0,689,5.0,3.0,0.5404195,19.132751839325323,savitzky_golay,14.591284777194849,ed2904b20a5a422465dd3179fe8a3bf3ebbc35de3be430dfb86ed6818cb3992b,0,0,NavFnAStar,southwest_northeast_weave,-5.0,-3.0,0.618911371,True
0.048,C11,202.31762559428577,narrow_aisles,,0.4126733431620715,0.1882514586906516,0.2146446609406726,0,717,5.0,3.0,0.5404195,53.797805625899436,constrained,14.652587252422444,2ca4b41841ffc628f59eaac47d7918093dfae7249210af70891a68ca374c6491,0,0,NavFnAStar,southwest_northeast_weave,-5.0,-3.0,0.618911371,True
0.060000000000000005,C11,1.5767518640007625,narrow_aisles,,0.31739427891777955,0.06464466094067262,0.06464466094067262,0,680,5.0,3.0,0.5404195,0.9371533812305217,pstmo,13.810311405826,e3f1b19db653da20d674759225a26fdfe60c7b9065e47cb9a1faaaa40d32e81a,0,0,NavFnAStar,southwest_northeast_weave,-5.0,-3.0,0.618911371,True
0.003,C12,335.20905989084184,narrow_aisles,,0.43861919382167563,0.16464466094067262,0.2146446609406726,0,585,5.0,3.0,0.5404195,36.01901186219446,raw,14.341655109970404,d6eacad3bb775b7ce65b959a7d91fbd595357d54bed190fb0c944126c142e085,0,0,NavFnDijkstra,southwest_northeast_weave,-5.0,-3.0,0.618911371,True
0.0,C12,8.757472610455432,narrow_aisles,,0.43043390507648577,0.2146446609406726,0.2146446609406726,0,592,5.0,3.0,0.5404195,4.935722826690395,simple,14.256280156848598,dc0c4edd84733b74fc3a9341e3cee947a170d7b7bd86c08be823df80c29b1db7,0,0,NavFnDijkstra,southwest_northeast_weave,-5.0,-3.0,0.618911371,True
0.0,C12,30.026756881820052,narrow_aisles,,0.4299821988197083,0.2146446609406726,0.2146446609406726,0,616,5.0,3.0,0.5404195,10.233939007882379,savitzky_golay,14.292059552109755,2a775eb9dae7efe151773417833435d9a8c6ade9c39541523e51147797cd79d7,0,0,NavFnDijkstra,southwest_northeast_weave,-5.0,-3.0,0.618911371,True
0.048,C12,48.471158406331504,narrow_aisles,,0.4273956194445047,0.2146446609406726,0.21959563662031187,0,632,5.0,3.0,0.5404195,11.415832661215003,constrained,14.328924490024498,677db32244e56d0ac0f94bb5704d9804384815150dde1cab81e2f42c8a58d30f,0,0,NavFnDijkstra,southwest_northeast_weave,-5.0,-3.0,0.618911371,True
0.048,C12,1.7621076669956306,narrow_aisles,,0.2910519235104328,0.0764480598156621,0.0764480598156621,0,679,5.0,3.0,0.5404195,0.9836176252001348,pstmo,13.796810749339157,f06b86c1a6ff5d527741db80a5ec6351e7da09e42a9ae53787f7d8f4075a9c60,0,0,NavFnDijkstra,southwest_northeast_weave,-5.0,-3.0,0.618911371,True
0.009000000000000001,C13,46.839708583696655,narrow_aisles,,0.42371084804772674,0.1449222247138721,0.2146446609406726,0,556,5.0,3.0,0.5404195,15.100828708602387,raw,14.191024262639194,453e4d50c93fb847d312ee858275e31ca42d8cdac87da12bdea8185fc1a00066,0,0,ThetaStar,southwest_northeast_weave,-5.0,-3.0,0.618911371,True
0.0,C13,3.2378639157817917,narrow_aisles,,0.41445605389528956,0.2146446609406726,0.2146446609406726,0,507,5.0,3.0,0.5404195,1.8715944749714084,simple,14.088155356446102,3266c1692bdd8b4947ba9c3a2d290ec49ec1cd989d3d2d1e4f07b902550ad32e,0,0,ThetaStar,southwest_northeast_weave,-5.0,-3.0,0.618911371,True
0.0,C13,8.359614543062397,narrow_aisles,,0.4096024332447891,0.2146446609406726,0.2146446609406726,0,496,5.0,3.0,0.5404195,3.9682149928880244,savitzky_golay,14.146046539599926,505dd338d165f3f3edda0d44452f90238ba02d08c821b18d104b25a3ae52a3d0,0,0,ThetaStar,southwest_northeast_weave,-5.0,-3.0,0.618911371,True
0.021,C13,22.139824268331186,narrow_aisles,,0.41813889498779866,0.2146446609406726,0.2339029012973978,0,455,5.0,3.0,0.5404195,8.749681562552274,constrained,14.20714205136078,ad8c84cdbea6543430f972e3dcc289fcff9e3b3378a8874804d234204733e2cf,0,0,ThetaStar,southwest_northeast_weave,-5.0,-3.0,0.618911371,True
0.048,C13,1.6070361680401444,narrow_aisles,,0.2828315061650849,0.01464466094067262,0.01464466094067262,0,677,5.0,3.0,0.5404195,0.9518692697825126,pstmo,13.72418417886541,15cff004357e4bd26fe611864635087c6522704297d34c43f0df6aa6d1fbd183,0,0,ThetaStar,southwest_northeast_weave,-5.0,-3.0,0.618911371,True
0.015000000000000001,C14,8.314506657740823,narrow_aisles,,0.35942645594998596,0.2146446609406726,0.2146446609406726,0,535,5.0,3.0,0.5404195,2.3241495242163426,raw,14.429831692275942,e7ac817fab0abf5e7a2315e92b1c66ff9485049e88a3c59001800b3b40adc271,0,0,Smac2D,southwest_northeast_weave,-5.0,-3.0,0.618911371,True
0.0,C14,5.8532373477033515,narrow_aisles,,0.3572226026421606,0.17079994222155565,0.2146446609406726,0,529,5.0,3.0,0.5404195,1.6753780111843493,simple,14.34191765914105,5b26c38f8915a112103a527fdda0d3043502c70f9748b572b24f4f77be938791,0,0,Smac2D,southwest_northeast_weave,-5.0,-3.0,0.618911371,True
0.0,C14,7.8730997589206915,narrow_aisles,,0.3589647351572014,0.2146446609406726,0.2146446609406726,0,536,5.0,3.0,0.5404195,2.187903409456443,savitzky_golay,14.427492417588722,209dbc468928aef933c94daefa7ae046938613471b2c620f3c7abca317a1a46b,0,0,Smac2D,southwest_northeast_weave,-5.0,-3.0,0.618911371,True
0.030000000000000002,C14,8.466051287197429,narrow_aisles,,0.37340705575479244,0.21959563662031187,0.2339029012973978,0,477,5.0,3.0,0.5404195,2.422111708391508,constrained,14.503415031300086,781ffba24593bf0edd66995a21e020ad33ebe8dd1c527dda757a368913c40e55,0,0,Smac2D,southwest_northeast_weave,-5.0,-3.0,0.618911371,True
0.051000000000000004,C14,1.9857670186394032,narrow_aisles,,0.2599357544750867,0.01464466094067262,0.01464466094067262,0,675,5.0,3.0,0.5404195,1.9419498409535159,pstmo,13.673446664458544,7a40955f498c929bf0bda0d711fc27fb683bb2fae7acd41c996c42f2cf9df770,0,0,Smac2D,southwest_northeast_weave,-5.0,-3.0,0.618911371,True
0.015000000000000001,C15,9.771241910305857,narrow_aisles,,0.47084636118054113,0.2146446609406726,0.2146446609406726,0,356,5.0,3.0,0.5404195,2.8571436852141785,raw,14.327874414020664,6eca11d883cadf9f3e8b2c0e08dff959ea00c25329742a7370dd897b30dddc0b,0,0,SmacHybrid,southwest_northeast_weave,-5.0,-3.0,0.618911371,True
0.0,C15,3.0161623447721495,narrow_aisles,,0.4700735176947785,0.16464466094067262,0.1882514586906516,0,326,5.0,3.0,0.5404195,1.088084725870672,simple,14.182293253438322,49c92ee43d89133dae5107879b6110ad3f9daa7bae01d4966670b25b863540b3,0,0,SmacHybrid,southwest_northeast_weave,-5.0,-3.0,0.618911371,True
0.0,C15,5.381764587650993,narrow_aisles,,0.4789200294527462,0.1882514586906516,0.2146446609406726,0,325,5.0,3.0,0.5404195,1.7341933482763783,savitzky_golay,14.308901234936398,65ad27c681dd019f0a3f52aeb6acb29588b2a54d41d6517ed864662e64a35160,0,0,SmacHybrid,southwest_northeast_weave,-5.0,-3.0,0.618911371,True
0.015000000000000001,C15,5.586065101602773,narrow_aisles,,0.47876948783567375,0.2146446609406726,0.2339029012973978,0,327,5.0,3.0,0.5404195,2.392813357529922,constrained,14.344181802215472,a37db08b40bcae5f07698e49651bad97f4907a2e8e821285dbe0e125c9d1220d,0,0,SmacHybrid,southwest_northeast_weave,-5.0,-3.0,0.618911371,True
0.054000000000000006,C15,1.5824472821648132,narrow_aisles,,0.2989070274189953,0.01464466094067262,0.01464466094067262,0,677,5.0,3.0,0.5404195,0.9329021143748579,pstmo,13.727030238427409,3a58a3a3fa9554c642dfd77b07293437d18350fec06be4acf0203aaef3e6b528,0,0,SmacHybrid,southwest_northeast_weave,-5.0,-3.0,0.618911371,True
0.003,C16,1324.9139444552993,office_maze,,0.49148491030220626,0.16464466094067262,0.2146446609406726,0,538,5.2,3.0,0.523278322,72.03563387410223,raw,13.138125674371468,928dd46a92ab8ee8c440a94027a500abb5af12b3f7b5d6f8fe5b4792c4fffcf0,0,0,NavFnAStar,office_long_diagonal,-5.2,-3.0,0.857185646,True
0.0,C16,166.82176016615705,office_maze,,0.4450460540274392,0.16464466094067262,0.2146446609406726,0,614,5.2,3.0,0.523278322,51.47477377071919,simple,12.850481614230638,cd8cbe61633838c1951cb49946e67ff3963e08dbe633e256aea70b260bb8f5e8,0,0,NavFnAStar,office_long_diagonal,-5.2,-3.0,0.857185646,True
0.0,C16,451.51195655723046,office_maze,,0.41142553573442336,0.12275854394909161,0.16464466094067262,0,733,5.2,3.0,0.523278322,75.25415543366348,savitzky_golay,12.985300040580944,0e17484cca3e1e48a1779924ba9b3f6119708e2b1654954bc5322a20df31ff3d,0,0,NavFnAStar,office_long_diagonal,-5.2,-3.0,0.857185646,True
0.039,C16,292.78626493455135,office_maze,,0.42329616420409416,0.16464466094067262,0.2146446609406726,0,718,5.2,3.0,0.523278322,51.5770557544544,constrained,12.993286195450786,80a24cc04ef1a4b368e337892c044a2e5f598f7fb403d62ec9998a2d6486e095,0,0,NavFnAStar,office_long_diagonal,-5.2,-3.0,0.857185646,True
0.08700000000000001,C16,0.9331158320047469,office_maze,,0.33957682791786326,0.03535533905932738,0.1449222247138721,0,568,5.2,3.0,0.523278322,0.794967246377329,pstmo,12.465464752395704,dfa28eed53197d4a5ab05b7e99d0e72ed9c80fb84e13cbf3f1915795738706f6,0,0,NavFnAStar,office_long_diagonal,-5.2,-3.0,0.857185646,True
0.003,C17,653.2499843152289,office_maze,,0.49460801729164405,0.16464466094067262,0.2146446609406726,0,527,5.2,3.0,0.523278322,56.697932431221155,raw,12.851534517936136,da3b56b4ca36e70ba6da72cc772bc9d5f751db0e740e14269a90d2e972eab77f,0,0,NavFnDijkstra,office_long_diagonal,-5.2,-3.0,0.857185646,True
0.003,C17,28.887746572313674,office_maze,,0.47152124257657907,0.2146446609406726,0.2561922556829377,0,542,5.2,3.0,0.523278322,25.59515535688288,simple,12.712255083794162,86818eeb6e751a66ce9eccc95a6e27cf0623ee9511c312d7e143117938c0c2b6,0,0,NavFnDijkstra,office_long_diagonal,-5.2,-3.0,0.857185646,True
0.0,C17,108.33702236160309,office_maze,,0.4493497820455029,0.16464466094067262,0.22317245278958336,0,606,5.2,3.0,0.523278322,48.97211038312974,savitzky_golay,12.769298154732239,a125e147e593b1409e4e7214ef32433c5c20bf4f9a9a34ec21c4f37d3bf969c8,0,0,NavFnDijkstra,office_long_diagonal,-5.2,-3.0,0.857185646,True
0.039,C17,77.89901040730379,office_maze,,0.4557237194113732,0.2146446609406726,0.2339029012973978,0,605,5.2,3.0,0.523278322,14.200762930620664,constrained,12.78648405688917,5b2835074a8b95e83114530f9f40e89a10698d792c4612481a6ed4c5978dfe8b,0,0,NavFnDijkstra,office_long_diagonal,-5.2,-3.0,0.857185646,True
0.060000000000000005,C17,0.30301701273717446,office_maze,,0.30774475817998764,0.03535533905932738,0.06464466094067262,0,646,5.2,3.0,0.523278322,0.441717933692926,pstmo,12.404994701721089,a884e5fb6ef5a32edb88cf5d10dba44b3bcd127c1c81b7c5c297d196d6fa6339,0,0,NavFnDijkstra,office_long_diagonal,-5.2,-3.0,0.857185646,True
0.009000000000000001,C18,73.76486124417528,office_maze,,0.4720168393147065,0.1449222247138721,0.17079994222155565,0,451,5.2,3.0,0.523278322,16.675500639596834,raw,12.707482228837259,82af9fad01e2c6f4f9e7a9b11be19735d26ecdbd557b4c3b8b33da78c93f28ea,0,0,ThetaStar,office_long_diagonal,-5.2,-3.0,0.857185646,True
0.0,C18,3.374287107358642,office_maze,,0.4446238497011163,0.2146446609406726,0.2146446609406726,0,443,5.2,3.0,0.523278322,1.7112282267931165,simple,12.570482031771322,c41cc7cb676db1b28dd6f86fa58fa243945a6d698f60396ae21887f5c5194576,0,0,ThetaStar,office_long_diagonal,-5.2,-3.0,0.857185646,True
0.0,C18,10.11428068584229,office_maze,,0.4521252421830786,0.2146446609406726,0.2339029012973978,0,405,5.2,3.0,0.523278322,3.4037750410818504,savitzky_golay,12.636631057347111,49c953dff0e3fd05c0dd7aa8f2728c0de7ac8408c46eed05ea7592164ab3f2f4,0,0,ThetaStar,office_long_diagonal,-5.2,-3.0,0.857185646,True
0.021,C18,32.1832040244975,office_maze,,0.43231785723927013,0.2146446609406726,0.2339029012973978,0,399,5.2,3.0,0.523278322,13.619424303159713,constrained,12.700005305662144,90d9e22ce4ec0fb6e25f5f444eb8836588bc7f0c252240689191c1a23fc0eaab,0,0,ThetaStar,office_long_diagonal,-5.2,-3.0,0.857185646,True
0.060000000000000005,C18,0.3895597200360179,office_maze,,0.38784607138203014,0.0764480598156621,0.12275854394909161,0,645,5.2,3.0,0.523278322,0.41780660393425634,pstmo,12.409122747810517,d1843960ad91363d1707d26e6f68da687573682d0cf2bac4e726dab6011c7d3b,0,0,ThetaStar,office_long_diagonal,-5.2,-3.0,0.857185646,True
0.006,C19,8.766059623404502,office_maze,,0.4502901039761309,0.2146446609406726,0.2146446609406726,0,440,5.2,3.0,0.523278322,2.323820317231305,raw,12.806150516472904,fb2e899613bd4f90fdd6486a1524b3722578d5ad1b846ca75d2d97ac5b46d31c,0,0,Smac2D,office_long_diagonal,-5.2,-3.0,0.857185646,True
0.0,C19,5.517930344367303,office_maze,,0.44479980969130095,0.17677669529663687,0.2146446609406726,0,440,5.2,3.0,0.523278322,1.6175589423254881,simple,12.71545450996518,8a479955db6139e6ddf64e6b934a2848db18c54cba9c5a1313e258a06cd8dc64,0,0,Smac2D,office_long_diagonal,-5.2,-3.0,0.857185646,True
0.0,C19,8.390268909589373,office_maze,,0.45008941928000573,0.2146446609406726,0.2146446609406726,0,440,5.2,3.0,0.523278322,2.1876762541130272,savitzky_golay,12.803586032432175,6e186517417ec34635bc163f4a67536f67daa6943ab64c459e9a5f5c11106aa9,0,0,Smac2D,office_long_diagonal,-5.2,-3.0,0.857185646,True
0.021,C19,10.243877252480884,office_maze,,0.4633080092854532,0.2146446609406726,0.2359405721150819,0,424,5.2,3.0,0.523278322,2.4975528479743927,constrained,12.884634577834321,d552542afbc80515557f227cb99beeb7e6cfd03a9414784718e3d3d83179cfe1,0,0,Smac2D,office_long_diagonal,-5.2,-3.0,0.857185646,True
0.066,C19,0.27856274637170514,office_maze,,0.28745837795624113,0.01464466094067262,0.06464466094067262,0,644,5.2,3.0,0.523278322,0.4115808882142437,pstmo,12.37294026514917,733fbc0ce32212b2aac7aa2f4a808bc28a539fffaf6fe7cc91d8bd2850d31c88,0,0,Smac2D,office_long_diagonal,-5.2,-3.0,0.857185646,True
0.009000000000000001,C20,11.71444476450778,office_maze,,0.44124534506556856,0.11464466094067263,0.16464466094067262,0,337,5.2,3.0,0.523278322,2.8572409996920967,raw,12.72456978985754,20307c0624407ae2db4340bf70b3dd1f7a2decb70abd1ac0885ca3e6ed59954a,0,0,SmacHybrid,office_long_diagonal,-5.2,-3.0,0.857185646,True
0.0,C20,2.622945855568569,office_maze,,0.4370682412195669,0.12275854394909161,0.16464466094067262,0,295,5.2,3.0,0.523278322,1.0102259482437,simple,12.577009078881808,7918de5be9f7f67fafa27b24145181a6cf5bb0febe57b83e2bc09542c5076de5,0,0,SmacHybrid,office_long_diagonal,-5.2,-3.0,0.857185646,True
0.0,C20,6.628689577370603,office_maze,,0.4464334575334936,0.12275854394909161,0.15576956463861238,0,292,5.2,3.0,0.523278322,2.155426648530142,savitzky_golay,12.697783680644356,6b4ad1971cfa1311eed7b863b322c446eca563fb8f5f1575b3948570f76f3b17,0,0,SmacHybrid,office_long_diagonal,-5.2,-3.0,0.857185646,True
0.015000000000000001,C20,9.943224885699957,office_maze,,0.4488570936051853,0.16464466094067262,0.17079994222155565,0,294,5.2,3.0,0.523278322,3.142617090539952,constrained,12.728156910811792,7059b8b99a89832739592eaa70b45c6b379ac48351bf21b3adabfa01b444b7a3,0,0,SmacHybrid,office_long_diagonal,-5.2,-3.0,0.857185646,True
0.078,C20,0.43865017161188274,office_maze,,0.3423437337043458,0.03535533905932738,0.10606601717798214,0,641,5.2,3.0,0.523278322,0.43751201934451045,pstmo,12.419517485396662,d3b8f9290bb57bfb4882ab4c90ba8bfb34be5fad44a4b4d120690ec14ac50f55,0,0,SmacHybrid,office_long_diagonal,-5.2,-3.0,0.857185646,True
0.003,C21,446.6440707951342,warehouse_cross_aisles,,0.4583361423206942,0.16464466094067262,0.2146446609406726,0,343,2.0,2.8,0.950546841,65.33612576246351,raw,7.923627756986234,0c30af8e76f89cf3ba408ec35ac4dd259a20bfff457ed6388ccc414e70bf7b6e,0,0,NavFnAStar,cross_aisle_transfer,-2.0,-2.8,1.520429947,True
0.0,C21,54.985858724857955,warehouse_cross_aisles,,0.44869825803027874,0.16464466094067262,0.2146446609406726,0,336,2.0,2.8,0.950546841,42.15068538825626,simple,7.825656586143821,b090845b1a4e164b79ed00e61eb9725def2e9c43f042a2a3e2cf34864b0f0756,0,0,NavFnAStar,cross_aisle_transfer,-2.0,-2.8,1.520429947,True
0.0,C21,140.51628153661858,warehouse_cross_aisles,,0.43406640680389025,0.11464466094067263,0.16464466094067262,0,400,2.0,2.8,0.950546841,67.83926758749791,savitzky_golay,7.877432798386063,d9b5e77a3e1af6add188e14e8fcabf8753894ab4b62c4809cb458f5a9070f0ea,0,0,NavFnAStar,cross_aisle_transfer,-2.0,-2.8,1.520429947,True
0.036000000000000004,C21,48.62395906012214,warehouse_cross_aisles,,0.4453726948836121,0.1882514586906516,0.21860544148438402,0,357,2.0,2.8,0.950546841,19.69813567363311,constrained,7.872568832463202,d809656967ed14d8db9f5d31d19f04db8bde1b2ab6ed494c8c0b57a080472f6b,0,0,NavFnAStar,cross_aisle_transfer,-2.0,-2.8,1.520429947,True
0.036000000000000004,C21,0.9903675128269188,warehouse_cross_aisles,,0.29660058671599077,0.03535533905932738,0.03535533905932738,0,415,2.0,2.8,0.950546841,0.686535094578539,pstmo,7.3506308206448026,09f97cfeac597d035a3dab0611ee10f65b7a63832395c5b6c8bd40fee119741b,0,0,NavFnAStar,cross_aisle_transfer,-2.0,-2.8,1.520429947,True
0.003,C22,238.70224627195458,warehouse_cross_aisles,,0.47992595182692066,0.16464466094067262,0.2146446609406726,0,332,2.0,2.8,0.950546841,32.93098705503738,raw,7.666594428644575,a70098a75f779b6b37c85154558fceb00e5b88ec174fd3328fdb282d57be3392,0,0,NavFnDijkstra,cross_aisle_transfer,-2.0,-2.8,1.520429947,True
0.003,C22,6.85025940506176,warehouse_cross_aisles,,0.4711767122799016,0.2561922556829377,0.2646446609406727,0,306,2.0,2.8,0.950546841,3.617355040151894,simple,7.602725629316836,3d69bf9b61b4652bf90295d563566d9321ff05f0e5358e3690192b0eaa4bb60d,0,0,NavFnDijkstra,cross_aisle_transfer,-2.0,-2.8,1.520429947,True
0.0,C22,23.952677991008386,warehouse_cross_aisles,,0.4529614296606187,0.2146446609406726,0.2646446609406727,0,405,2.0,2.8,0.950546841,7.7771484236124895,savitzky_golay,7.631166831791497,6c5914141e1d59f2c806700e101337f8681fc15e8387cb667d0b31602c0a9760,0,0,NavFnDijkstra,cross_aisle_transfer,-2.0,-2.8,1.520429947,True
0.030000000000000002,C22,21.329507421177848,warehouse_cross_aisles,,0.46809554655123814,0.2561922556829377,0.2646446609406727,0,319,2.0,2.8,0.950546841,11.281075510889957,constrained,7.641129046329498,d1ab143c8ee4c43d0254a07871147e5eed2fd61182fc9f13e83021509c1a6ded,0,0,NavFnDijkstra,cross_aisle_transfer,-2.0,-2.8,1.520429947,True
0.030000000000000002,C22,0.9525228703267563,warehouse_cross_aisles,,0.2991125917584328,0.0764480598156621,0.0764480598156621,0,417,2.0,2.8,0.950546841,0.6962777195266773,pstmo,7.335854271552801,050c7fcd558d03b5e24f362fca21a0452d363c328491f26210d7d9ee3e8764ad,0,0,NavFnDijkstra,cross_aisle_transfer,-2.0,-2.8,1.520429947,True
0.003,C23,34.987636444851994,warehouse_cross_aisles,,0.48583130837077493,0.1449222247138721,0.17647785764288282,0,300,2.0,2.8,0.950546841,18.83306753790054,raw,7.555842588547788,cdfd3f029ca265bc557aaacff118e69dbb4ed0c7fb650f58d2ff5e30ec36b7a2,0,0,ThetaStar,cross_aisle_transfer,-2.0,-2.8,1.520429947,True
0.0,C23,2.0546333195110846,warehouse_cross_aisles,,0.47247265515750936,0.2146446609406726,0.2146446609406726,0,264,2.0,2.8,0.950546841,1.771290619127246,simple,7.491818874413515,523a2bb46e3554484fc19982638354b6de75b92fdd7a185c4e17904dc3cb2723,0,0,ThetaStar,cross_aisle_transfer,-2.0,-2.8,1.520429947,True
0.003,C23,5.207237375273274,warehouse_cross_aisles,,0.4823713990357691,0.21959563662031187,0.2339029012973978,0,248,2.0,2.8,0.950546841,4.195111714157334,savitzky_golay,7.5308548330941,cbd1f7f394456546adaf1ec76fcb8b190b79d461879f36dedfa32dc0d1215215,0,0,ThetaStar,cross_aisle_transfer,-2.0,-2.8,1.520429947,True
0.012,C23,13.485730646931271,warehouse_cross_aisles,,0.4664886137693112,0.2339029012973978,0.24748737341529167,0,236,2.0,2.8,0.950546841,13.113326732157004,constrained,7.559544022734306,e653b742fcb49d903f0706a75dfd2d20ec3db8e9f98bc49c671644e5684d9293,0,0,ThetaStar,cross_aisle_transfer,-2.0,-2.8,1.520429947,True
0.030000000000000002,C23,0.9455469207576004,warehouse_cross_aisles,,0.28362369549567323,0.10606601717798214,0.10606601717798214,0,414,2.0,2.8,0.950546841,0.67645896625986,pstmo,7.329800954796278,f9798ab04d31095cf43125b4f499469f2b903d0d3f020f7d38564f894ea1ba42,0,0,ThetaStar,cross_aisle_transfer,-2.0,-2.8,1.520429947,True
0.006,C24,5.455580684408955,warehouse_cross_aisles,,0.4010963930394536,0.2146446609406726,0.2146446609406726,0,272,2.0,2.8,0.950546841,2.323839179405835,raw,7.701148074746456,97c6bbac8ecdc1578769da3925de9514e440d79ffb934ac1bd3548b34a146cc0,0,0,Smac2D,cross_aisle_transfer,-2.0,-2.8,1.520429947,True
0.003,C24,3.734929317180766,warehouse_cross_aisles,,0.3971550797285917,0.1882514586906516,0.2146446609406726,0,271,2.0,2.8,0.950546841,1.5977996419363825,simple,7.645908857321368,b54063d14e7fb774811ab92ad111896f771ecf458186e1c5f3f46efa5974e381,0,0,Smac2D,cross_aisle_transfer,-2.0,-2.8,1.520429947,True
0.0,C24,5.041815698501756,warehouse_cross_aisles,,0.4013478056606978,0.2146446609406726,0.2146446609406726,0,270,2.0,2.8,0.950546841,2.187689144493244,savitzky_golay,7.699465291642359,7da1498a549d490d29aa659d521f49fd1a90f7e5cbcc150edcb6a5705b4aa551,0,0,Smac2D,cross_aisle_transfer,-2.0,-2.8,1.520429947,True
0.012,C24,5.206107272022821,warehouse_cross_aisles,,0.4087280814795617,0.2339029012973978,0.24748737341529167,0,261,2.0,2.8,0.950546841,2.1925593115818707,constrained,7.7268608737615825,550aa6522bbc6b3024f61d2ea941358e11d00b8dad0a43c088e90064047ba102,0,0,Smac2D,cross_aisle_transfer,-2.0,-2.8,1.520429947,True
0.030000000000000002,C24,1.025012361333184,warehouse_cross_aisles,,0.26140971918538297,0.01464466094067262,0.01464466094067262,0,413,2.0,2.8,0.950546841,1.1880189522722828,pstmo,7.282649995125473,560fed7440161906891890a0e347c42ab1054640af0a2c42a52ff31260516a9b,0,0,Smac2D,cross_aisle_transfer,-2.0,-2.8,1.520429947,True
0.0,C25,5.4845680649659005,warehouse_cross_aisles,,0.5090353843411931,0.28087242695751063,0.2848008728123151,0,195,2.0,2.8,0.950546841,2.8572177900061932,raw,7.7096436031193125,66679d377a42fe0010db42941a0ab1dbedb3dac20de19f4a6b08cb09f5d4ed7e,0,0,SmacHybrid,cross_aisle_transfer,-2.0,-2.8,1.520429947,True
0.0,C25,1.9056710300688195,warehouse_cross_aisles,,0.5041621672147638,0.24748737341529167,0.26938726943068003,0,182,2.0,2.8,0.950546841,1.5206294676666436,simple,7.631572002442897,db893436ad59a537d43b1b4236485d3bb44ec6814f2644578b7c8daab1c55fa8,0,0,SmacHybrid,cross_aisle_transfer,-2.0,-2.8,1.520429947,True
0.0,C25,3.537052223652856,warehouse_cross_aisles,,0.5127234023488584,0.28087242695751063,0.2848008728123151,0,182,2.0,2.8,0.950546841,2.41346346022908,savitzky_golay,7.7006194657325375,d24a349099ed66a09117594dccc54f95f99279502b258ee76181c8a004953914,0,0,SmacHybrid,cross_aisle_transfer,-2.0,-2.8,1.520429947,True
0.009000000000000001,C25,3.7271426139284594,warehouse_cross_aisles,,0.5137094387119743,0.2848008728123151,0.29929215832797484,0,180,2.0,2.8,0.950546841,2.504870834593072,constrained,7.713603809432102,de86c18d01e4328aa5387f0bdcc6e378fd871a62a2abf87cbd6e371a27982bb6,0,0,SmacHybrid,cross_aisle_transfer,-2.0,-2.8,1.520429947,True
0.036000000000000004,C25,1.1212276378640762,warehouse_cross_aisles,,0.3247089590067433,0.12275854394909161,0.1449222247138721,0,418,2.0,2.8,0.950546841,0.7753876428663635,pstmo,7.40690918619543,2c4c8eadedbfc4e75b6179f9d913776715d52831792d75ebc9349eace5b5816a,0,0,SmacHybrid,cross_aisle_transfer,-2.0,-2.8,1.520429947,True
0.003,C26,696.3717257046574,warehouse_dispatch,,0.36611358518544185,0.03535533905932738,0.2146446609406726,0,641,5.0,-2.8,-0.531724067,68.36197544004311,raw,15.736204102849802,2b7f21483e3caf9c7017768332c7238cb916b6d7fd23b6ca08464d6f0e7e6b86,0,0,NavFnAStar,full_replenishment,-5.2,3.2,0.759347814,True
0.0,C26,123.71778099067276,warehouse_dispatch,,0.36277363751055364,0.11464466094067263,0.1449222247138721,0,677,5.0,-2.8,-0.531724067,55.84591654156292,simple,15.56444240376321,2afedaf9cb7e56888f1d5519e330fb2224645ae1281679cc262cb9b3fe52d7b0,0,0,NavFnAStar,full_replenishment,-5.2,3.2,0.759347814,True
0.0,C26,272.7857637011812,warehouse_dispatch,,0.3576255789472307,0.11464466094067263,0.16464466094067262,0,732,5.0,-2.8,-0.531724067,72.20338705972972,savitzky_golay,15.647168474575214,2af549ca2be500ed44e807f1a68d1ff6ab538016f1342a2bf2adfa082a2a5002,0,0,NavFnAStar,full_replenishment,-5.2,3.2,0.759347814,True
0.045000000000000005,C26,135.22096538306462,warehouse_dispatch,,0.3599117185456532,0.16464466094067262,0.1882514586906516,0,753,5.0,-2.8,-0.531724067,37.102068289407015,constrained,15.657668663576143,3863136ad26b841eff127f5bbaf7d659a4729ff59a1b61d1d669e4844d9658de,0,0,NavFnAStar,full_replenishment,-5.2,3.2,0.759347814,True
0.057,C26,4.544458208304036,warehouse_dispatch,,0.2524079840979096,0.01464466094067262,0.01464466094067262,0,515,5.0,-2.8,-0.531724067,1.8078009018866363,pstmo,14.964401345815997,5ab6d99f11d37bc4524f63f8f11a27e6a16cbf6a62d9023994b989c0c3cc4bfa,0,0,NavFnAStar,full_replenishment,-5.2,3.2,0.759347814,True
0.0,C27,448.8992631102005,warehouse_dispatch,,0.36090512365282146,0.06464466094067262,0.2146446609406726,0,638,5.0,-2.8,-0.531724067,56.75403721375698,raw,15.630838187236732,2694006af6e7ea6efc619560c656dc9e1951b1d830c4d8574b1590526817ea53,0,0,NavFnDijkstra,full_replenishment,-5.2,3.2,0.759347814,True
0.003,C27,45.05847978704656,warehouse_dispatch,,0.3620307764554982,0.11464466094067263,0.16464466094067262,0,668,5.0,-2.8,-0.531724067,33.62642515858718,simple,15.501531099081607,72fa42327ce34a962a92b20ac918faf2cf04a355ee5dca44ee9b4bd7c72205e3,0,0,NavFnDijkstra,full_replenishment,-5.2,3.2,0.759347814,True
0.0,C27,127.43357149362075,warehouse_dispatch,,0.35707760101886804,0.11464466094067263,0.16464466094067262,0,717,5.0,-2.8,-0.531724067,56.63390254952797,savitzky_golay,15.570177115898176,f07bc8e685bbdfd50d08dec82dfee28711aa3a278c5231cb41927cc5be2921bb,0,0,NavFnDijkstra,full_replenishment,-5.2,3.2,0.759347814,True
0.057,C27,105.46606253911767,warehouse_dispatch,,0.35656291528263034,0.16464466094067262,0.1882514586906516,0,748,5.0,-2.8,-0.531724067,13.312640647639997,constrained,15.622264265402467,d6ba14491de2d156f48f631b081620ce2da380954fb1a1681e6ec6656745ecb1,0,0,NavFnDijkstra,full_replenishment,-5.2,3.2,0.759347814,True
0.051000000000000004,C27,5.42403662221788,warehouse_dispatch,,0.25398866527027564,0.01464466094067262,0.03535533905932738,0,493,5.0,-2.8,-0.531724067,2.3417878472566858,pstmo,14.932396965517505,c567c6758c50862e4e053142ea3e10166d68045132b3782a8afd17507db1a062,0,0,NavFnDijkstra,full_replenishment,-5.2,3.2,0.759347814,True
0.006,C28,30.738657440516604,warehouse_dispatch,,0.3393828021223472,0.03535533905932738,0.16464466094067262,0,607,5.0,-2.8,-0.531724067,12.649110452187083,raw,15.188163689886112,7ed9fe94ec083ea59eb52edb21b786b9ab9a38c386260ddd55c1c014445e629b,0,0,ThetaStar,full_replenishment,-5.2,3.2,0.759347814,True
0.003,C28,4.1705109183047,warehouse_dispatch,,0.3556182083217758,0.1449222247138721,0.17079994222155565,0,599,5.0,-2.8,-0.531724067,2.2646440512716515,simple,15.09537055250397,36b419a11b710555af85a4a779888b4ca13daa4fa0c6b3542f58c87a19c39cd0,0,0,ThetaStar,full_replenishment,-5.2,3.2,0.759347814,True
0.0,C28,8.243951690807526,warehouse_dispatch,,0.35959531340810236,0.1449222247138721,0.1882514586906516,0,577,5.0,-2.8,-0.531724067,4.289987574216848,savitzky_golay,15.159567412685382,5dd04f5ba88bfef3f00e1a9587fabeaf966509c7eec9b1d7d94626ce98b54cfd,0,0,ThetaStar,full_replenishment,-5.2,3.2,0.759347814,True
0.030000000000000002,C28,14.399008895026697,warehouse_dispatch,,0.3530891937933656,0.16464466094067262,0.2146446609406726,0,502,5.0,-2.8,-0.531724067,5.588462505207585,constrained,15.255268776466922,bf1d934f96933e9591acb07977dd3f32025534aad73737dfd860c0eef53fb9c9,0,0,ThetaStar,full_replenishment,-5.2,3.2,0.759347814,True
0.051000000000000004,C28,1.0793353055297166,warehouse_dispatch,,0.2554706198009137,0.01464466094067262,0.06464466094067262,0,491,5.0,-2.8,-0.531724067,1.133317191667552,pstmo,15.009172314020006,4b04716e8bdd94f923e37dd58b78fec7f016a7c9a1d79ecbccf66e06c597dd73,1,1.4798427499511466,ThetaStar,full_replenishment,-5.2,3.2,0.759347814,True
0.006,C29,6.938925940272726,warehouse_dispatch,,0.3561802575230423,0.12275854394909161,0.2146446609406726,0,608,5.0,-2.8,-0.531724067,2.561108318667094,raw,15.27998510828305,ea09d7875ea9de047e063d4d5d7cccd34db54b29cfc23ac832eea3bc812ce7d0,0,0,Smac2D,full_replenishment,-5.2,3.2,0.759347814,True
0.0,C29,4.927954132590294,warehouse_dispatch,,0.3505672354935334,0.12275854394909161,0.1882514586906516,0,584,5.0,-2.8,-0.531724067,1.889680601399809,simple,15.211581602406119,dfd911f561088f59d444d30839b5bc8cb8cb31b3a6806d8f5c2bda3472ac06c0,0,0,Smac2D,full_replenishment,-5.2,3.2,0.759347814,True
0.0,C29,6.63499682193971,warehouse_dispatch,,0.3564125016105313,0.12275854394909161,0.2146446609406726,0,606,5.0,-2.8,-0.531724067,2.463012460637121,savitzky_golay,15.278278608619294,9fe710d8653709c33b4668ee0b864f17ec9e2470016a3be2aa3eac29ac6ecfee,0,0,Smac2D,full_replenishment,-5.2,3.2,0.759347814,True
0.027000000000000003,C29,10.370563882965468,warehouse_dispatch,,0.3523912601523574,0.16464466094067262,0.2146446609406726,0,515,5.0,-2.8,-0.531724067,3.2261727179403,constrained,15.34987722043708,053df8e99e1ce105a7820f24aee9f8128a8357105f8e3f5905e3ad2692452d62,0,0,Smac2D,full_replenishment,-5.2,3.2,0.759347814,True
0.051000000000000004,C29,4.321919878072408,warehouse_dispatch,,0.21686848054185395,0.01464466094067262,0.01464466094067262,0,574,5.0,-2.8,-0.531724067,2.47810200026554,pstmo,14.851118955657581,14ebbaf101cff937f24028784377b37e826a400ef0ed3e1709c9cf33006a5f93,0,0,Smac2D,full_replenishment,-5.2,3.2,0.759347814,True
0.033,C30,13.82402474693352,warehouse_dispatch,,0.3527052210438777,0.01464466094067262,0.0764480598156621,0,367,5.0,-2.8,-0.531724067,2.8571983536452414,raw,15.336976500615057,344ce90ffd100e297df59144ec5a2e7e2321dc8782b868466e34973b47b460b1,0,0,SmacHybrid,full_replenishment,-5.2,3.2,0.759347814,True
,C30,,warehouse_dispatch,"Nav2 SmoothPath status=6, code=503; collision tại x=-4.741290, y=3.482165, yaw=0.352672",,,,,,5.0,-2.8,-0.531724067,,simple,,,,,SmacHybrid,full_replenishment,-5.2,3.2,0.759347814,False
0.0,C30,9.94153194323086,warehouse_dispatch,,0.35789137384024494,0.01464466094067262,0.06464466094067262,0,355,5.0,-2.8,-0.531724067,2.469329034265241,savitzky_golay,15.314487869448405,f05a7d415bb93b804c52d5da2a60831c26ef55564a485f55ad97e5c099af1c54,0,0,SmacHybrid,full_replenishment,-5.2,3.2,0.759347814,True
0.015000000000000001,C30,12.746911595249584,warehouse_dispatch,,0.3612142651552934,0.06464466094067262,0.11464466094067263,0,363,5.0,-2.8,-0.531724067,2.4442986716333635,constrained,15.436811699710313,c47e35b7eed3955709561141ca925cca078c57936df45b3a029cf8f4194db698,0,0,SmacHybrid,full_replenishment,-5.2,3.2,0.759347814,True
0.07500000000000001,C30,8.149832362622387,warehouse_dispatch,,0.22539450892733,0.01464466094067262,0.01464466094067262,0,537,5.0,-2.8,-0.531724067,3.8808719632557063,pstmo,14.655408213383676,adc3cf1550a6e1e90ac470898bfdfba000ef491106bb969731aaee29329ad945,0,0,SmacHybrid,full_replenishment,-5.2,3.2,0.759347814,True
0.003,C31,866.3408933036665,warehouse_long_aisles,,0.466530477952034,0.16464466094067262,0.2146446609406726,0,587,4.5,2.4,0.489957326,67.78930516469492,raw,14.157009678089734,b0258881c6cb209e093e91e57fa5c88cfee2a18e9ae2e84ce499fe07a6c264a4,0,0,NavFnAStar,diagonal_replenishment,-4.5,-2.4,1.520429947,True
0.003,C31,14.322376713865186,warehouse_long_aisles,,0.4782321987723143,0.2146446609406726,0.2646446609406727,0,600,4.5,2.4,0.489957326,12.468786934350828,simple,13.991290888507985,7b1a0b5675d3c299f63d9faad1005f1c064703fa2d1314a7880a4592841eccb0,0,0,NavFnAStar,diagonal_replenishment,-4.5,-2.4,1.520429947,True
0.003,C31,70.02939505095351,warehouse_long_aisles,,0.46980679861542796,0.17079994222155565,0.24748737341529167,0,646,4.5,2.4,0.489957326,25.77602405631245,savitzky_golay,14.038591882575908,593f77a47ce8afcaa16c899dfa1028341bdaaba841dd0dfcc0a6d33eb832bba7,0,0,NavFnAStar,diagonal_replenishment,-4.5,-2.4,1.520429947,True
0.048,C31,118.55785398214714,warehouse_long_aisles,,0.4774317810435018,0.2146446609406726,0.2561922556829377,0,690,4.5,2.4,0.489957326,16.799814163500777,constrained,14.073488358473787,408c5ebbb725549504860e47615c5c78bc4ab5d6d8bb312152584dc0d748aed6,0,0,NavFnAStar,diagonal_replenishment,-4.5,-2.4,1.520429947,True
0.039,C31,3.4362894186476396,warehouse_long_aisles,,0.3605889259037842,0.01464466094067262,0.01464466094067262,0,571,4.5,2.4,0.489957326,3.744950241459313,pstmo,13.735143474451654,6cf85ccdb0ec9209c18230c1957276b19e9f6e44bf0b03a2ee1bc6bcff130a9b,0,0,NavFnAStar,diagonal_replenishment,-4.5,-2.4,1.520429947,True
0.003,C32,147.59155027445613,warehouse_long_aisles,,0.4149689495133169,0.17677669529663687,0.25746011647159794,0,584,4.5,2.4,0.489957326,27.49748940841122,raw,14.048900195272196,b6cd29f3e4b2549b8c782f3192fcc7ecde5b7181c5c43d28e6f5384cb10c9919,0,0,NavFnDijkstra,diagonal_replenishment,-4.5,-2.4,1.520429947,True
0.003,C32,5.7200633093227955,warehouse_long_aisles,,0.413497181998427,0.2561922556829377,0.2646446609406727,0,572,4.5,2.4,0.489957326,3.3062291566230795,simple,14.0064185825496,3704ce547c82fac6f17ec2185609f9ac0e6ef1ed08e621d57b4c9c11ec5f9e59,0,0,NavFnDijkstra,diagonal_replenishment,-4.5,-2.4,1.520429947,True
0.0,C32,18.23660782455138,warehouse_long_aisles,,0.45561397360753797,0.24748737341529167,0.2646446609406727,0,643,4.5,2.4,0.489957326,6.473880372137451,savitzky_golay,14.028104998499003,a523edb8dffff1342ecb6c3d5e63cdd407d011bc0aaf3e02b0fcf243b0c9ead8,0,0,NavFnDijkstra,diagonal_replenishment,-4.5,-2.4,1.520429947,True
0.057,C32,23.442077233320774,warehouse_long_aisles,,0.4104167089594162,0.24748737341529167,0.2646446609406727,0,593,4.5,2.4,0.489957326,7.084271673555935,constrained,14.036615141961168,fe8c372987b42b5024da72880d800447113afc8cac63e30d91e7135bf10a49a7,0,0,NavFnDijkstra,diagonal_replenishment,-4.5,-2.4,1.520429947,True
0.033,C32,1.8272725845904787,warehouse_long_aisles,,0.33137946644500094,0.01464466094067262,0.03535533905932738,0,469,4.5,2.4,0.489957326,1.257382830780225,pstmo,13.555689386225382,ee3f5d837df21d0fc0dfd190cfc2e89db23b9a1e742bf68c6d8d00815970ed74,0,0,NavFnDijkstra,diagonal_replenishment,-4.5,-2.4,1.520429947,True
0.006,C33,30.758618562930014,warehouse_long_aisles,,0.4974294301803853,0.1449222247138721,0.2146446609406726,0,567,4.5,2.4,0.489957326,13.77237031369212,raw,13.927056629399708,a8405c0a8bb853288c66d55f701f330105d172d9339deef4125d38b459ee3f6e,0,0,ThetaStar,diagonal_replenishment,-4.5,-2.4,1.520429947,True
0.0,C33,3.144265852766047,warehouse_long_aisles,,0.5143586400521308,0.2146446609406726,0.2146446609406726,0,559,4.5,2.4,0.489957326,2.496153599373263,simple,13.850442549885692,3f040dc942de00c0cf53ee39fdf4fe2ef08123b441c599b8f60b0a1e6693b81c,0,0,ThetaStar,diagonal_replenishment,-4.5,-2.4,1.520429947,True
0.0,C33,6.534320714244143,warehouse_long_aisles,,0.5069902869689117,0.2146446609406726,0.2561922556829377,0,536,4.5,2.4,0.489957326,4.291855918390311,savitzky_golay,13.901052001641231,4a4f389ba6d8b17fd42c421aac3d90d099cd5a6f8817d1343c3aafa70046c76e,0,0,ThetaStar,diagonal_replenishment,-4.5,-2.4,1.520429947,True
0.024,C33,10.89590706025509,warehouse_long_aisles,,0.527765648601983,0.21959563662031187,0.2531455468892616,0,474,4.5,2.4,0.489957326,5.6419174328980874,constrained,13.947932646867848,4dddffba46c6538e882a6262fa6290007336e2bb4cc5076be0a16784f32ce8d9,0,0,ThetaStar,diagonal_replenishment,-4.5,-2.4,1.520429947,True
0.024,C33,0.21022656544623672,warehouse_long_aisles,,0.35655722267188855,0.01464466094067262,0.06412024358876181,0,455,4.5,2.4,0.489957326,0.44902654662020314,pstmo,13.726452840112227,0257902f4c74375aef75c38314be119531023cf25fb43b0a916454c25661db80,1,1.381152887984349,ThetaStar,diagonal_replenishment,-4.5,-2.4,1.520429947,True
0.009000000000000001,C34,4.565842336298302,warehouse_long_aisles,,0.3580332352222087,0.17677669529663687,0.2146446609406726,0,533,4.5,2.4,0.489957326,2.2407710599010895,raw,13.978151105552287,908e63b41f60c9b64761930c84c638ed48f3f8624b309a0cb142b45ee93f6dc6,0,0,Smac2D,diagonal_replenishment,-4.5,-2.4,1.520429947,True
0.0,C34,3.287751426786383,warehouse_long_aisles,,0.3561958924875589,0.17079994222155565,0.1882514586906516,0,521,4.5,2.4,0.489957326,1.6757963879079378,simple,13.93038146309484,0336cf7b2d508ef5cfdce56868388d1ec0b72190cb269faa4e405ff17a6bf9c0,0,0,Smac2D,diagonal_replenishment,-4.5,-2.4,1.520429947,True
0.0,C34,4.2587680419930996,warehouse_long_aisles,,0.3578414819296315,0.17677669529663687,0.2146446609406726,0,535,4.5,2.4,0.489957326,2.1079303378876406,savitzky_golay,13.9766905262239,3e7665f1a81d91ccfdef42ad300623a31903588b0f19aeb72dff7ae2291bcef8,0,0,Smac2D,diagonal_replenishment,-4.5,-2.4,1.520429947,True
0.027000000000000003,C34,5.725385432763577,warehouse_long_aisles,,0.36684006968582455,0.2339029012973978,0.24748737341529167,0,456,4.5,2.4,0.489957326,2.282469215734636,constrained,14.054813637130213,310b7cc168d2490e5939dc4645de7be099a14822363c97fcdc9e4614fb6b6bfa,0,0,Smac2D,diagonal_replenishment,-4.5,-2.4,1.520429947,True
0.033,C34,2.161972685916635,warehouse_long_aisles,,0.28860218386763975,0.01464466094067262,0.03535533905932738,0,464,4.5,2.4,0.489957326,2.0307203624470835,pstmo,13.497466241519628,4bb57aff8233ba1b5167fe421f484b5c7588b871e4226cfb0a01017e63d9d16b,0,0,Smac2D,diagonal_replenishment,-4.5,-2.4,1.520429947,True
0.012,C35,8.368267284874516,warehouse_long_aisles,,0.47836006298381717,0.21959563662031187,0.2561922556829377,0,334,4.5,2.4,0.489957326,2.857180987058115,raw,14.10695011129437,28f17d8c54749ebf72d797e75abf0b5ea7c08bae50ee276bb313d4598a88abfa,0,0,SmacHybrid,diagonal_replenishment,-4.5,-2.4,1.520429947,True
0.0,C35,3.852448695587513,warehouse_long_aisles,,0.47636502332013997,0.1882514586906516,0.2146446609406726,0,320,4.5,2.4,0.489957326,2.2325665914642974,simple,13.970415978858671,3b010d46a11fd374d31ed2e05e76ba0362e8ff0b73ce46e0f8dacb60bd1f5f2b,0,0,SmacHybrid,diagonal_replenishment,-4.5,-2.4,1.520429947,True
0.0,C35,6.690959990874186,warehouse_long_aisles,,0.48006537937410215,0.21959563662031187,0.2561922556829377,0,323,4.5,2.4,0.489957326,3.145048886787836,savitzky_golay,14.095988115533878,23115c31b94ee6324742784b8afcc0a879d01daaef52d96e411cb15547546459,0,0,SmacHybrid,diagonal_replenishment,-4.5,-2.4,1.520429947,True
0.015000000000000001,C35,6.959069452747459,warehouse_long_aisles,,0.4842026007972041,0.21959563662031187,0.2646446609406727,0,322,4.5,2.4,0.489957326,3.0177687675812868,constrained,14.115016255408467,a0e5a27d129ab2f0f2f8dc9314faf9b39ec62d9c312e33df9f4eed5d4dacfefe,0,0,SmacHybrid,diagonal_replenishment,-4.5,-2.4,1.520429947,True
0.033,C35,1.9129189248147898,warehouse_long_aisles,,0.31952376443882774,0.01464466094067262,0.03535533905932738,0,468,4.5,2.4,0.489957326,1.3809452795579167,pstmo,13.513526603664571,771ec0ecfb65d9e1cae60a19acdcdb99efceb24d1c37b78cc51bbf41c86bc9c0,0,0,SmacHybrid,diagonal_replenishment,-4.5,-2.4,1.520429947,True
