algorithm_time_s,curvature_energy_1pm,deviation_max_m,deviation_rmse_m,error,footprint_clearance_mean_m,footprint_clearance_min_m,footprint_clearance_p05_m,footprint_collision_sample_count,footprint_pose_sample_count,max_abs_curvature_1pm,method,metric_spacing_m,native_point_count,output_path_sha256,path_length_m,pivot_marker_count,pivot_max_angle_rad,pivot_total_angle_rad,planner,planner_output_path_sha256,point_count,pstmo_compatible_edges,pstmo_competitive_candidates,pstmo_conditioned_polyline,pstmo_conditioning_input_points,pstmo_conditioning_max_deviation,pstmo_conditioning_observed_deviation,pstmo_conditioning_oscillation_deviation,pstmo_conditioning_oscillation_shortcuts,pstmo_conditioning_output_points,pstmo_conditioning_safety_rejections,pstmo_conditioning_shortcuts,pstmo_corner_search,pstmo_corners,pstmo_dp_states,pstmo_evaluations,pstmo_final_invariants_verified,pstmo_g2_transitions,pstmo_los_accepted_shortcuts,pstmo_los_attempted_shortcuts,pstmo_los_input_points,pstmo_los_output_points,pstmo_los_rejection_reason,pstmo_los_runtime_s,pstmo_los_safety_rejections,pstmo_max_footprint_cost,pstmo_mean_transition_score,pstmo_output_points,pstmo_pass_through_corners,pstmo_pipeline_execution_count,pstmo_pivots,pstmo_preprocessed_polyline,pstmo_preprocessing_mode,pstmo_raw_input_points,pstmo_rejections,pstmo_runtime_s,pstmo_search_mode,pstmo_segment_margin,pstmo_selected_stitch_rejection,pstmo_trim_domain,pstmo_valid_candidates,raw_path_sha256,removed_duplicate_pose_count,repetition,scenario,success,translation_curvature_energy_1pm,translation_max_abs_curvature_1pm,translation_path_length_m,translation_segment_count,wall_time_s
0.0,297.3188139439051,4.440892098500626e-16,8.529048180489552e-17,,0.4914849176259022,0.16464466339406925,0.2146446641391273,0,538,34.43220781990577,raw,0.05,524,261ccf8b856830e0a249f29461cda04be828c06ac0280aa14d945fa39e0684d9,12.990832133193832,0,0.0,0,NavFnAStar,ec25efedaac90fc66686f98df92b82438386ae646472bce608f91bee403f02b9,264,,,,,,,,,,,,,,,,,,,,,,,,,,,,,,,,,,,,,,,,,261ccf8b856830e0a249f29461cda04be828c06ac0280aa14d945fa39e0684d9,0,1,office_long_diagonal,True,297.3188139439051,34.43220781990577,12.990832133193832,1,0.009921009999743546
0.003,64.83577726074249,0.022100233186023888,0.004977160574639836,,0.4450460606591421,0.16464466339406925,0.2146446641391273,0,614,18.532332941530754,simple,0.05,524,1b88cbe7d025cf6b0d23a0de8dc32af3cc172bee28340e945ef81ab6bd599837,12.836659325769114,0,0.0,0,NavFnAStar,ec25efedaac90fc66686f98df92b82438386ae646472bce608f91bee403f02b9,259,,,,,,,,,,,,,,,,,,,,,,,,,,,,,,,,,,,,,,,,,261ccf8b856830e0a249f29461cda04be828c06ac0280aa14d945fa39e0684d9,0,1,office_long_diagonal,True,64.83577726074249,18.532332941530754,12.836659325769114,1,0.012742203000016161
0.0,152.26878428025046,0.0074615550107379434,0.0018023145181237832,,0.4114255418651416,0.12275854577833645,0.16464466339406925,0,733,26.749681996408114,savitzky_golay,0.05,524,5e793667e98519ef28b287ec0c76af37090302ac74d1dd67a271f156d9d13103,12.929128211610768,0,0.0,0,NavFnAStar,ec25efedaac90fc66686f98df92b82438386ae646472bce608f91bee403f02b9,261,,,,,,,,,,,,,,,,,,,,,,,,,,,,,,,,,,,,,,,,,261ccf8b856830e0a249f29461cda04be828c06ac0280aa14d945fa39e0684d9,0,1,office_long_diagonal,True,152.26878428025046,26.749681996408114,12.929128211610768,1,0.010601167999993777
0.042,167.878247328044,0.011930901358469304,0.002161963421526341,,0.42350780275149624,0.16464466339406925,0.2146446641391273,0,717,20.534035105520825,constrained,0.05,524,ff4e3b47e1bfb2bbc006f77d5c9af58143773498974bfeabbd0f939cda1e451d,12.959813559216423,0,0.0,0,NavFnAStar,ec25efedaac90fc66686f98df92b82438386ae646472bce608f91bee403f02b9,261,,,,,,,,,,,,,,,,,,,,,,,,,,,,,,,,,,,,,,,,,261ccf8b856830e0a249f29461cda04be828c06ac0280aa14d945fa39e0684d9,0,1,office_long_diagonal,True,167.878247328044,20.534035105520825,12.959813559216423,1,0.050653582000450115
0.099,1.3082752951478913,0.3109155488567809,0.16056974340651572,,0.33859441068517837,0.035355339586162986,0.10606601875848895,0,534,1.7053915125457209,pstmo,0.05,525,22f9100dacf8c2fd16681af755ffbe88209b15079be66f3a631af9c7def35b4a,12.471119337426101,0,0.0,0,NavFnAStar,ec25efedaac90fc66686f98df92b82438386ae646472bce608f91bee403f02b9,251,144,97,"[[-5.2, -3], [-2.86697, -1.40748], [-2.07107, -1.18727], [-0.161587, 0.26586], [0.34257, 0.877447], [0.532393, 1.63193], [0.849059, 1.90987], [1.63685, 2.22386], [2.4206, 2.36965], [2.95309, 2.64476], [3.32821, 3.08411], [3.6449, 3.21891], [4.64356, 3.1832], [5.2, 3]]",524,0.075,0.0616699,0.15,0,14,0,13,"[{'index': 0, 'x': 0.34257, 'y': 0.877447, 'turn_angle': 0.50427, 'incoming_length': 6.76422, 'outgoing_length': 1.14997, 'pivot_safe': True, 'pass_through': False, 'equivalent_radius_min': 0.0776345, 'equivalent_radius_max': 3.10538, 'trim_min': 0.02, 'trim_max': 0.8, 'trim_evaluations': 20, 'evaluations': 40, 'safe_feasible': 18, 'states': 10, 'selected_radius': 0.683184, 'selected_trim': 0.176, 'selected_control_distance': 0.0574809, 'selected_control_fraction': 0.326596, 'selected_score': 0.454977}, {'index': 1, 'x': 0.849059, 'y': 1.90987, 'turn_angle': -0.676819, 'incoming_length': 1.14997, 'outgoing_length': 3.08712, 'pivot_safe': True, 'pass_through': False, 'equivalent_radius_min': 0.0568265, 'equivalent_radius_max': 2.27306, 'trim_min': 0.02, 'trim_max': 0.8, 'trim_evaluations': 20, 'evaluations': 40, 'safe_feasible': 18, 'states': 10, 'selected_radius': 2.27306, 'selected_trim': 0.8, 'selected_control_distance': 0.258971, 'selected_control_fraction': 0.323714, 'selected_score': 0.349628}, {'index': 2, 'x': 3.6449, 'y': 3.21891, 'turn_angle': -0.577741, 'incoming_length': 3.08712, 'outgoing_length': 1.57043, 'pivot_safe': True, 'pass_through': False, 'equivalent_radius_min': 0.0672986, 'equivalent_radius_max': 2.69194, 'trim_min': 0.02, 'trim_max': 0.8, 'trim_evaluations': 20, 'evaluations': 40, 'safe_feasible': 18, 'states': 10, 'selected_radius': 2.36386, 'selected_trim': 0.7025, 'selected_control_distance': 0.245875, 'selected_control_fraction': 0.35, 'selected_score': 0.280154}]",3,30,120,True,3,4,22,14,5,,0.0122209,18,252,0.361586,525,0,1,0,"[[-5.2, -3], [0.34257, 0.877447], [0.849059, 1.90987], [3.6449, 3.21891], [5.2, 3]]",condition_then_los,524,"{'angular acceleration iteration did not converge': 1, 'shape_angular acceleration iteration did not converge': 4, 'shape_transition requires a reversing inner wheel': 11, 'transition requires a reversing inner wheel': 5}",0.100279,joint_d_q,0.05,,direct_metric,105,261ccf8b856830e0a249f29461cda04be828c06ac0280aa14d945fa39e0684d9,0,1,office_long_diagonal,True,1.3082752951478913,1.7053915125457209,12.471119337426101,1,0.11359719300071447
0.0,103.66811640652823,4.440892098500626e-16,8.540604447164055e-17,,0.4946080246618778,0.16464466339406925,0.2146446641391273,0,527,15.508163521282723,raw,0.05,513,1ed3cfb73065490cb0278004c5bde5f64f7e0200e050b823b2622b178836137a,12.783751343216109,0,0.0,0,NavFnDijkstra,f4523c94a56a5016b8b305775fd23a48c6b0aea365dde5ec1fbe9d3018a9544d,259,,,,,,,,,,,,,,,,,,,,,,,,,,,,,,,,,,,,,,,,,1ed3cfb73065490cb0278004c5bde5f64f7e0200e050b823b2622b178836137a,0,1,office_long_diagonal,True,103.66811640652823,15.508163521282723,12.783751343216109,1,0.009968284000024141
0.003,16.568872098196355,0.01628056871667322,0.003484882915798086,,0.4715212496027931,0.2146446641391273,0.25619225950049973,0,542,9.96109983011715,simple,0.05,513,9265ddd97db775da8fb2bf26e8a9c7841aff8edf6fee90588f472d04f13fd164,12.70998282965178,0,0.0,0,NavFnDijkstra,f4523c94a56a5016b8b305775fd23a48c6b0aea365dde5ec1fbe9d3018a9544d,256,,,,,,,,,,,,,,,,,,,,,,,,,,,,,,,,,,,,,,,,,1ed3cfb73065490cb0278004c5bde5f64f7e0200e050b823b2622b178836137a,0,1,office_long_diagonal,True,16.568872098196355,9.96109983011715,12.70998282965178,1,0.012732092999613087
0.0,47.330221990195234,0.008965142768126745,0.0013357151541789698,,0.44934978874133635,0.16464466339406925,0.22317245611511205,0,606,11.433032170288435,savitzky_golay,0.05,513,30557fd79f1c80b9b48a7c68dc629d66dc23a9af5fec76cd04fc3dbc7f5a9344,12.756592505698908,0,0.0,0,NavFnDijkstra,f4523c94a56a5016b8b305775fd23a48c6b0aea365dde5ec1fbe9d3018a9544d,257,,,,,,,,,,,,,,,,,,,,,,,,,,,,,,,,,,,,,,,,,1ed3cfb73065490cb0278004c5bde5f64f7e0200e050b823b2622b178836137a,0,1,office_long_diagonal,True,47.330221990195234,11.433032170288435,12.756592505698908,1,0.010882257000048412
0.036000000000000004,58.82478412284642,0.012709440316439972,0.0019492897089100143,,0.45572372620218576,0.2146446641391273,0.23390290478282266,0,605,12.847172151627037,constrained,0.05,513,984a3bdb08cd7fe0bc9fa7a5ec639c964eb172f8463379a4353ac40b3455e2d4,12.777003875111083,0,0.0,0,NavFnDijkstra,f4523c94a56a5016b8b305775fd23a48c6b0aea365dde5ec1fbe9d3018a9544d,257,,,,,,,,,,,,,,,,,,,,,,,,,,,,,,,,,,,,,,,,,1ed3cfb73065490cb0278004c5bde5f64f7e0200e050b823b2622b178836137a,0,1,office_long_diagonal,True,58.82478412284642,12.847172151627037,12.777003875111083,1,0.04739021200020943
0.10200000000000001,0.3016580306748683,0.2351811735827586,0.10343481862829648,,0.3085917194796131,0.035355339586162986,0.06464466190395313,0,646,0.43076584842600907,pstmo,0.05,636,53310cf4b60cb92ee6ccbadfbb5542fda7effdfebff403b9d57f8cad3da5b009,12.405974994083513,0,0.0,0,NavFnDijkstra,f4523c94a56a5016b8b305775fd23a48c6b0aea365dde5ec1fbe9d3018a9544d,250,200,106,"[[-5.2, -3], [-2.87464, -1.40782], [-2.10038, -1.17384], [0.382364, 1.02327], [0.483046, 1.55325], [0.738175, 1.85046], [1.39893, 2.1468], [2.26116, 2.32506], [3.54295, 3.17053], [4.49178, 3.18681], [5.2, 3]]",513,0.075,0.06157,0.15,0,11,0,10,"[{'index': 0, 'x': -2.10038, 'y': -1.17384, 'turn_angle': 0.226801, 'incoming_length': 3.59757, 'outgoing_length': 4.82409, 'pivot_safe': True, 'pass_through': False, 'equivalent_radius_min': 0.17561, 'equivalent_radius_max': 7.02439, 'trim_min': 0.02, 'trim_max': 0.8, 'trim_evaluations': 20, 'evaluations': 40, 'safe_feasible': 20, 'states': 10, 'selected_radius': 7.02439, 'selected_trim': 0.8, 'selected_control_distance': 0.263463, 'selected_control_fraction': 0.329329, 'selected_score': 0.181332}, {'index': 1, 'x': 1.39893, 'y': 2.1468, 'turn_angle': -0.313735, 'incoming_length': 4.82409, 'outgoing_length': 2.37588, 'pivot_safe': True, 'pass_through': False, 'equivalent_radius_min': 0.126448, 'equivalent_radius_max': 5.05794, 'trim_min': 0.02, 'trim_max': 0.8, 'trim_evaluations': 20, 'evaluations': 40, 'safe_feasible': 18, 'states': 10, 'selected_radius': 5.05794, 'selected_trim': 0.8, 'selected_control_distance': 0.262966, 'selected_control_fraction': 0.328708, 'selected_score': 0.20527}, {'index': 2, 'x': 3.54295, 'y': 3.17053, 'turn_angle': -0.548023, 'incoming_length': 2.37588, 'outgoing_length': 1.66581, 'pivot_safe': True, 'pass_through': False, 'equivalent_radius_min': 0.0711536, 'equivalent_radius_max': 2.84615, 'trim_min': 0.02, 'trim_max': 0.8, 'trim_evaluations': 20, 'evaluations': 40, 'safe_feasible': 18, 'states': 10, 'selected_radius': 2.84615, 'selected_trim': 0.8, 'selected_control_distance': 0.260766, 'selected_control_fraction': 0.325957, 'selected_score': 0.278654}]",3,30,120,True,3,4,18,11,5,,0.0133597,14,252,0.221752,636,0,1,0,"[[-5.2, -3], [-2.10038, -1.17384], [1.39893, 2.1468], [3.54295, 3.17053], [5.2, 3]]",condition_then_los,513,"{'angular acceleration iteration did not converge': 1, 'shape_angular acceleration iteration did not converge': 2, 'shape_transition requires a reversing inner wheel': 6, 'transition requires a reversing inner wheel': 3}",0.101323,joint_d_q,0.05,,direct_metric,112,1ed3cfb73065490cb0278004c5bde5f64f7e0200e050b823b2622b178836137a,0,1,office_long_diagonal,True,0.3016580306748683,0.43076584842600907,12.405974994083513,1,0.11704127299981337
0.006,54.38592215635246,4.440892098500626e-16,6.036776943385647e-17,,0.4720168463483055,0.1449222268733815,0.17079994476667312,0,451,13.635730032280904,raw,0.05,220,81a14af9baf7bd0a3c4abfece2dbcb96533e499289224970d2a7d079f59adf32,12.685865191803058,0,0.0,0,ThetaStar,780309a2bf273b22c782f2d999993c7264a839ae330163c4d1c3f71949fcb3c3,256,,,,,,,,,,,,,,,,,,,,,,,,,,,,,,,,,,,,,,,,,81a14af9baf7bd0a3c4abfece2dbcb96533e499289224970d2a7d079f59adf32,0,1,office_long_diagonal,True,54.38592215635246,13.635730032280904,12.685865191803058,1,0.008939281000493793
0.0,3.342528652002807,0.03448418841916224,0.009477896261357734,,0.444623856326528,0.2146446641391273,0.2146446641391273,0,443,1.6720192059454977,simple,0.05,220,4de285d11a5a8f7253250bb43b7095ffc825f23fae9f2892b15d20bc1007b4e9,12.569664612673842,0,0.0,0,ThetaStar,780309a2bf273b22c782f2d999993c7264a839ae330163c4d1c3f71949fcb3c3,253,,,,,,,,,,,,,,,,,,,,,,,,,,,,,,,,,,,,,,,,,81a14af9baf7bd0a3c4abfece2dbcb96533e499289224970d2a7d079f59adf32,0,1,office_long_diagonal,True,3.342528652002807,1.6720192059454977,12.569664612673842,1,0.006948199000362365
0.0,9.545754728103468,0.02224572414380487,0.003519542099078937,,0.45212524892026973,0.2146446641391273,0.23390290478282266,0,405,3.0662863102409013,savitzky_golay,0.05,220,7fff9bd253840bbbc855af5d8ab2f93f727798800edfce20617c030969c69dec,12.634108355282718,0,0.0,0,ThetaStar,780309a2bf273b22c782f2d999993c7264a839ae330163c4d1c3f71949fcb3c3,254,,,,,,,,,,,,,,,,,,,,,,,,,,,,,,,,,,,,,,,,,81a14af9baf7bd0a3c4abfece2dbcb96533e499289224970d2a7d079f59adf32,0,1,office_long_diagonal,True,9.545754728103468,3.0662863102409013,12.634108355282718,1,0.006626854999922216
0.021,25.375321764251986,0.028263090887439217,0.004547996419758578,,0.43231786368130815,0.2146446641391273,0.23390290478282266,0,399,8.01425945624257,constrained,0.05,220,5385fb1903e4fa96356104c5a6460a67f7440c12005ee66ed73645f45c7bd4f1,12.691637346535295,0,0.0,0,ThetaStar,780309a2bf273b22c782f2d999993c7264a839ae330163c4d1c3f71949fcb3c3,256,,,,,,,,,,,,,,,,,,,,,,,,,,,,,,,,,,,,,,,,,81a14af9baf7bd0a3c4abfece2dbcb96533e499289224970d2a7d079f59adf32,0,1,office_long_diagonal,True,25.375321764251986,8.01425945624257,12.691637346535295,1,0.027522447000592365
0.096,0.501341737256214,0.2340348387154643,0.11064421011538265,,0.36224859153883415,0.06464466190395313,0.11586174511840999,0,564,0.6402622067501551,pstmo,0.05,556,a542b00eebb0f217fc657d749c0f6781d333293c74fdc89c1c890e9d94ed3bab,12.420967985352684,0,0.0,0,ThetaStar,780309a2bf273b22c782f2d999993c7264a839ae330163c4d1c3f71949fcb3c3,250,200,99,"[[-5.2, -3], [-3.725, -2.275], [-2.775, -1.375], [-2.225, -1.175], [-0.375, 0.325], [0.425, 1.125], [0.625, 1.675], [0.825, 1.875], [2.875, 2.625], [3.425, 3.125], [4.575, 3.175], [5.2, 3]]",220,0.075,0.0442962,0.15,0,12,0,11,"[{'index': 0, 'x': -0.375, 'y': 0.325, 'turn_angle': 0.308604, 'incoming_length': 5.85971, 'outgoing_length': 1.96023, 'pivot_safe': True, 'pass_through': False, 'equivalent_radius_min': 0.128586, 'equivalent_radius_max': 5.14342, 'trim_min': 0.02, 'trim_max': 0.8, 'trim_evaluations': 20, 'evaluations': 40, 'safe_feasible': 18, 'states': 10, 'selected_radius': 1.88378, 'selected_trim': 0.293, 'selected_control_distance': 0.0963238, 'selected_control_fraction': 0.32875, 'selected_score': 0.135209}, {'index': 1, 'x': 0.825, 'y': 1.875, 'turn_angle': -0.463845, 'incoming_length': 1.96023, 'outgoing_length': 2.88487, 'pivot_safe': True, 'pass_through': False, 'equivalent_radius_min': 0.0846839, 'equivalent_radius_max': 3.38736, 'trim_min': 0.02, 'trim_max': 0.8, 'trim_evaluations': 20, 'evaluations': 40, 'safe_feasible': 18, 'states': 10, 'selected_radius': 3.38736, 'selected_trim': 0.8, 'selected_control_distance': 0.261707, 'selected_control_fraction': 0.327134, 'selected_score': 0.258398}, {'index': 2, 'x': 3.425, 'y': 3.125, 'turn_angle': -0.518452, 'incoming_length': 2.88487, 'outgoing_length': 1.7794, 'pivot_safe': True, 'pass_through': False, 'equivalent_radius_min': 0.0754169, 'equivalent_radius_max': 3.01667, 'trim_min': 0.02, 'trim_max': 0.8, 'trim_evaluations': 20, 'evaluations': 40, 'safe_feasible': 18, 'states': 10, 'selected_radius': 2.94314, 'selected_trim': 0.7805, 'selected_control_distance': 0.273175, 'selected_control_fraction': 0.35, 'selected_score': 0.270053}]",3,30,120,True,3,4,17,12,5,,0.011004,13,252,0.22122,556,0,1,0,"[[-5.2, -3], [-0.375, 0.325], [0.825, 1.875], [3.425, 3.125], [5.2, 3]]",condition_then_los,220,"{'angular acceleration iteration did not converge': 1, 'shape_angular acceleration iteration did not converge': 3, 'shape_transition requires a reversing inner wheel': 10, 'transition requires a reversing inner wheel': 5}",0.0948712,joint_d_q,0.05,,direct_metric,107,81a14af9baf7bd0a3c4abfece2dbcb96533e499289224970d2a7d079f59adf32,0,1,office_long_diagonal,True,0.501341737256214,0.6402622067501551,12.420967985352684,1,0.10434418099976028
0.006,8.67100024015589,4.440892098500626e-16,8.714134103598625e-17,,0.4502901106859763,0.2146446641391273,0.2146446641391273,0,440,2.2832376693384853,raw,0.05,216,a2168dc7abd265f02f2eebbd43c4ee9ddbca09ae59ec570861cdc5aaab58c13a,12.803944391627233,0,0.0,0,Smac2D,94fc41f12e573701b374464d877f0d4bf81f69d1fb99b045260528c9d28e154f,258,,,,,,,,,,,,,,,,,,,,,,,,,,,,,,,,,,,,,,,,,a2168dc7abd265f02f2eebbd43c4ee9ddbca09ae59ec570861cdc5aaab58c13a,0,1,office_long_diagonal,True,8.67100024015589,2.2832376693384853,12.803944391627233,1,0.011063517999900796
0.0,5.500789405503131,0.023123777755473855,0.009651113700956811,,0.44479981631933463,0.17677669793081488,0.2146446641391273,0,440,1.598615946000395,simple,0.05,216,4b776837a668961d60b8db6bd6c73962b30f42abfea625cf7d29408b306fcdf2,12.714163785042105,0,0.0,0,Smac2D,94fc41f12e573701b374464d877f0d4bf81f69d1fb99b045260528c9d28e154f,256,,,,,,,,,,,,,,,,,,,,,,,,,,,,,,,,,,,,,,,,,a2168dc7abd265f02f2eebbd43c4ee9ddbca09ae59ec570861cdc5aaab58c13a,0,1,office_long_diagonal,True,5.500789405503131,1.598615946000395,12.714163785042105,1,0.005626175000543299
0.0,8.338074921278823,0.0016394330176596555,0.00039497583163331033,,0.4500894259868607,0.2146446641391273,0.2146446641391273,0,440,2.104456194559465,savitzky_golay,0.05,216,3fc8df21ba9f21f9556fde6e3d7281f21b0bb180d75f334a93ce675dd0538650,12.801460874518328,0,0.0,0,Smac2D,94fc41f12e573701b374464d877f0d4bf81f69d1fb99b045260528c9d28e154f,258,,,,,,,,,,,,,,,,,,,,,,,,,,,,,,,,,,,,,,,,,a2168dc7abd265f02f2eebbd43c4ee9ddbca09ae59ec570861cdc5aaab58c13a,0,1,office_long_diagonal,True,8.338074921278823,2.104456194559465,12.801460874518328,1,0.00537836400053493
0.015000000000000001,10.165115724991606,0.03133795906922232,0.011963768583114156,,0.4633080161892805,0.2146446641391273,0.23594057563087042,0,424,2.4362725520871527,constrained,0.05,216,778dc8a9eac4029ba43faccc1bc0e63fc1f4392cc455e0a4315fec5816e260bb,12.882332067891308,0,0.0,0,Smac2D,94fc41f12e573701b374464d877f0d4bf81f69d1fb99b045260528c9d28e154f,259,,,,,,,,,,,,,,,,,,,,,,,,,,,,,,,,,,,,,,,,,a2168dc7abd265f02f2eebbd43c4ee9ddbca09ae59ec570861cdc5aaab58c13a,0,1,office_long_diagonal,True,10.165115724991606,2.4362725520871527,12.882332067891308,1,0.020964266999726533
0.114,0.277730184133013,0.49635295890892595,0.1806030074743508,,0.2872432534021541,0.014644661158895074,0.07214466201571176,0,644,0.39939058396885574,pstmo,0.05,635,f5330a0b1aa7b52677d4ab132bbf065632d33f7cbe5f45333310b31035eb5f87,12.37422149367533,0,0.0,0,Smac2D,94fc41f12e573701b374464d877f0d4bf81f69d1fb99b045260528c9d28e154f,249,200,102,"[[-5.2, -3], [-3.55, -1.38536], [-2.55, -1.28202], [-2.2, -1.13051], [-0.85, 0.186517], [0.0994283, 0.802554], [0.803566, 1.799], [1.85, 2.20901], [2.55, 2.30639], [3.55, 3.10869], [4.75, 3.14241], [5.2, 3]]",216,0.075,0.0739341,0.15,0,12,0,11,"[{'index': 0, 'x': -2.2, 'y': -1.13051, 'turn_angle': 0.215641, 'incoming_length': 3.53482, 'outgoing_length': 4.19565, 'pivot_safe': True, 'pass_through': False, 'equivalent_radius_min': 0.184774, 'equivalent_radius_max': 7.39098, 'trim_min': 0.02, 'trim_max': 0.8, 'trim_evaluations': 20, 'evaluations': 40, 'safe_feasible': 20, 'states': 10, 'selected_radius': 7.39098, 'selected_trim': 0.8, 'selected_control_distance': 0.28, 'selected_control_fraction': 0.35, 'selected_score': 0.178091}, {'index': 1, 'x': 0.803566, 'y': 1.799, 'turn_angle': -0.327945, 'incoming_length': 4.19565, 'outgoing_length': 3.04273, 'pivot_safe': True, 'pass_through': False, 'equivalent_radius_min': 0.120877, 'equivalent_radius_max': 4.83507, 'trim_min': 0.02, 'trim_max': 0.8, 'trim_evaluations': 20, 'evaluations': 40, 'safe_feasible': 19, 'states': 10, 'selected_radius': 4.83507, 'selected_trim': 0.8, 'selected_control_distance': 0.262869, 'selected_control_fraction': 0.328586, 'selected_score': 0.209712}, {'index': 2, 'x': 3.55, 'y': 3.10869, 'turn_angle': -0.510751, 'incoming_length': 3.04273, 'outgoing_length': 1.65358, 'pivot_safe': True, 'pass_through': False, 'equivalent_radius_min': 0.0766061, 'equivalent_radius_max': 3.06424, 'trim_min': 0.02, 'trim_max': 0.8, 'trim_evaluations': 20, 'evaluations': 40, 'safe_feasible': 18, 'states': 10, 'selected_radius': 3.06424, 'selected_trim': 0.8, 'selected_control_distance': 0.261204, 'selected_control_fraction': 0.326505, 'selected_score': 0.277323}]",3,30,120,True,3,4,19,12,5,,0.0142848,15,252,0.221709,635,0,1,0,"[[-5.2, -3], [-2.2, -1.13051], [0.803566, 1.799], [3.55, 3.10869], [5.2, 3]]",condition_then_los,216,"{'shape_angular acceleration iteration did not converge': 1, 'shape_transition requires a reversing inner wheel': 7, 'transition requires a reversing inner wheel': 3}",0.113828,joint_d_q,0.05,,direct_metric,112,a2168dc7abd265f02f2eebbd43c4ee9ddbca09ae59ec570861cdc5aaab58c13a,0,1,office_long_diagonal,True,0.277730184133013,0.39939058396885574,12.37422149367533,1,0.1265021640001578
0.006,13.073351820307751,4.440892098500626e-16,9.561089586523424e-17,,0.44124535164063655,0.11464466264901119,0.16464466339406925,0,337,3.730006637642104,raw,0.05,145,137dc417d3d3d2c68f99748beed91c75997fe46681988227499aa9abaf76b26f,12.719722959946527,0,0.0,0,SmacHybrid,e98a86bf7e0da398fc2611467944728fda2c0ec506d4d3f0869c217772f8cc26,256,,,,,,,,,,,,,,,,,,,,,,,,,,,,,,,,,,,,,,,,,137dc417d3d3d2c68f99748beed91c75997fe46681988227499aa9abaf76b26f,0,1,office_long_diagonal,True,13.073351820307751,3.730006637642104,12.719722959946527,1,0.010479424000550353
0.0,3.062221297966828,0.04115294496964189,0.018087903820695677,,0.43706824773239117,0.12275854577833645,0.16464466339406925,0,295,1.558329303723277,simple,0.05,145,ba23ab191544ceec4c5031c19c43768e66a5e2e3820970e6b4c6e06a9c1d1ead,12.57605645432706,0,0.0,0,SmacHybrid,e98a86bf7e0da398fc2611467944728fda2c0ec506d4d3f0869c217772f8cc26,253,,,,,,,,,,,,,,,,,,,,,,,,,,,,,,,,,,,,,,,,,137dc417d3d3d2c68f99748beed91c75997fe46681988227499aa9abaf76b26f,0,1,office_long_diagonal,True,3.062221297966828,1.558329303723277,12.57605645432706,1,0.004646884000067075
0.0,7.646575845692751,0.011547883186581877,0.0031557606039888126,,0.44643346418587054,0.12275854577833645,0.15576956695975977,0,292,2.7877546999117686,savitzky_golay,0.05,145,170fb3857e5b8429cc4f7d100d180acbaf49ec49bab22a4290e1e2b4d2758390,12.695233548548902,0,0.0,0,SmacHybrid,e98a86bf7e0da398fc2611467944728fda2c0ec506d4d3f0869c217772f8cc26,255,,,,,,,,,,,,,,,,,,,,,,,,,,,,,,,,,,,,,,,,,137dc417d3d3d2c68f99748beed91c75997fe46681988227499aa9abaf76b26f,0,1,office_long_diagonal,True,7.646575845692751,2.7877546999117686,12.695233548548902,1,0.004703375000644883
0.009000000000000001,11.117063914729634,0.039890852045798335,0.00810284942305183,,0.44886778669354255,0.16464466339406925,0.17079994476667312,0,294,3.463592502295972,constrained,0.05,145,349244738a69c341a2138e5064e8b99fd786c183cb9cf79fb1625d5226517803,12.72449730324584,0,0.0,0,SmacHybrid,e98a86bf7e0da398fc2611467944728fda2c0ec506d4d3f0869c217772f8cc26,256,,,,,,,,,,,,,,,,,,,,,,,,,,,,,,,,,,,,,,,,,137dc417d3d3d2c68f99748beed91c75997fe46681988227499aa9abaf76b26f,0,1,office_long_diagonal,True,11.117063914729634,3.463592502295972,12.72449730324584,1,0.013148216999979923
0.099,0.5007769577544148,0.2598783646924991,0.11863273496566909,,0.338306083488309,0.035355339586162986,0.10606601875848895,0,595,0.5082143313830901,pstmo,0.05,586,d1fecfe0d777c0e2d9e2b40c3d1c153e80b6d73dd9db51d517a5c58336a92fd2,12.431852070014934,0,0.0,0,SmacHybrid,e98a86bf7e0da398fc2611467944728fda2c0ec506d4d3f0869c217772f8cc26,250,184,96,"[[-5.2, -3], [-4.44534, -2.70556], [-2.79591, -1.41521], [-2.19964, -1.20246], [-0.53057, 0.348371], [0.0891675, 0.733718], [0.434908, 1.15811], [0.609297, 1.67222], [1.03477, 2.01356], [2.57591, 2.55799], [3.47273, 3.17198], [5.2, 3]]",145,0.075,0.073882,0.15,0,12,0,11,"[{'index': 0, 'x': 0.0891675, 'y': 0.733718, 'turn_angle': 0.319789, 'incoming_length': 6.47425, 'outgoing_length': 1.59128, 'pivot_safe': True, 'pass_through': False, 'equivalent_radius_min': 0.124015, 'equivalent_radius_max': 4.96059, 'trim_min': 0.02, 'trim_max': 0.8, 'trim_evaluations': 20, 'evaluations': 40, 'safe_feasible': 19, 'states': 10, 'selected_radius': 3.87236, 'selected_trim': 0.6245, 'selected_control_distance': 0.218575, 'selected_control_fraction': 0.35, 'selected_score': 0.177709}, {'index': 1, 'x': 1.03477, 'y': 2.01356, 'turn_angle': -0.490896, 'incoming_length': 1.59128, 'outgoing_length': 2.69918, 'pivot_safe': True, 'pass_through': False, 'equivalent_radius_min': 0.0798407, 'equivalent_radius_max': 3.19363, 'trim_min': 0.02, 'trim_max': 0.8, 'trim_evaluations': 20, 'evaluations': 40, 'safe_feasible': 18, 'states': 10, 'selected_radius': 3.19363, 'selected_trim': 0.8, 'selected_control_distance': 0.261424, 'selected_control_fraction': 0.32678, 'selected_score': 0.269205}, {'index': 2, 'x': 3.47273, 'y': 3.17198, 'turn_angle': -0.542822, 'incoming_length': 2.69918, 'outgoing_length': 1.73581, 'pivot_safe': True, 'pass_through': False, 'equivalent_radius_min': 0.0718706, 'equivalent_radius_max': 2.87482, 'trim_min': 0.02, 'trim_max': 0.8, 'trim_evaluations': 20, 'evaluations': 40, 'safe_feasible': 18, 'states': 10, 'selected_radius': 2.31423, 'selected_trim': 0.644, 'selected_control_distance': 0.2254, 'selected_control_fraction': 0.35, 'selected_score': 0.275434}]",3,30,120,True,3,3,13,12,5,,0.00757244,10,252,0.240783,586,0,1,0,"[[-5.2, -3], [0.0891675, 0.733718], [1.03477, 2.01356], [3.47273, 3.17198], [5.2, 3]]",condition_then_los,145,"{'shape_transition requires a reversing inner wheel': 10, 'transition requires a reversing inner wheel': 5}",0.100094,joint_d_q,0.05,,direct_metric,110,137dc417d3d3d2c68f99748beed91c75997fe46681988227499aa9abaf76b26f,0,1,office_long_diagonal,True,0.5007769577544148,0.5082143313830901,12.431852070014934,1,0.1126751299998432
