trial,case,repeat,samples,path_length_m,endpoint_x_m,endpoint_y_m,yaw_change_rad,steady_v_mps,steady_w_radps,odom_endpoint_error_m,odom_yaw_endpoint_error_rad,odom_xy_rmse_m,stopping_distance_m,stopping_time_s,max_lateral_speed_mps
forward_1,forward,1,250,0.9875008007615966,0.9875008007615924,5.989875114218094e-14,-1.3006972411676878e-11,0.19999999105304264,-2.2689118515751443e-12,6.489436372714165e-07,-1.2979744191997946e-11,3.5364413964932727e-07,0.04478061945930856,0.4590000000000032,8.390844942244595e-12
reverse_1,reverse,1,250,1.0128985000002149,-1.0128985000002082,1.5605307506213578e-14,1.2996479897079543e-11,-0.19999999105310723,2.2763632665357654e-12,4.969746592032904e-08,1.2918236929419085e-11,7.938119203790461e-08,0.05744594438580641,0.5459999999999923,8.388480639992987e-12
pivot_ccw_1,pivot_ccw,1,250,0.0006894661864243867,-0.00028092447746619337,0.0003145310195957763,2.5082929590067162,7.594529027214275e-08,0.49755267079140053,0.00042172067107353,0.00779296129334206,0.0003475087804407217,9.017964887894877e-05,0.41699999999997317,0.0004202940877739883
pivot_cw_1,pivot_cw,1,250,0.0007323223170394484,-0.000342496322222274,-0.00034375725754642904,-2.5082932794839317,7.087061155576773e-08,-0.49755267081438315,0.00048525537916896123,-0.007793281770243077,0.00038684181760112305,7.84814911983465e-05,0.43200000000001637,0.0004261959539701508
arc_left_1,arc_left,1,278,0.8930420459206934,0.48680098422511714,0.6092918140842662,1.79765521786941,0.1499958818727282,0.2985360187523416,0.017146867469138787,-0.0014916408278804472,0.011962998256875905,0.025429324665448023,0.34799999999995634,0.0034633680434228015
arc_right_1,arc_right,1,277,0.8930483265963496,0.48677237210623936,-0.609318477182225,-1.7976758530339318,0.14999586780958746,-0.2985360197471409,0.017124365307241395,0.0014955220469725639,0.011953679654401417,0.02541823025139383,0.33600000000001273,0.003458818070154107
brake_1,brake,1,222,1.1720276575763209,1.1720276575763173,3.098075855262737e-14,-1.1090483988958555e-11,0.29999999102379793,-2.2178503971486165e-12,9.42076906262979e-07,-1.0620387804756648e-11,5.141065426675669e-07,0.10047992968410946,0.6659999999999968,1.6451454743878686e-11
forward_2,forward,2,250,0.9875008007618109,0.9875008007618065,5.734682056405391e-14,-1.3035479200028024e-11,0.1999999910530645,-2.271543321375569e-12,6.48943316750031e-07,-1.3038476802194512e-11,3.536467551440526e-07,0.04476273255022789,0.4289999999999736,8.398268623068135e-12
reverse_2,reverse,2,250,1.012898500000052,-1.0128985000000457,1.6008990063558764e-14,1.29743763719321e-11,-0.19999999105316024,2.2830833903070575e-12,4.969748546042684e-08,1.298536757987589e-11,7.932901374581744e-08,0.057455918926202165,0.5520000000000209,8.382640755020029e-12
pivot_ccw_2,pivot_ccw,2,250,0.0006892074246240725,-0.0002809240240035926,0.0003145322609687806,2.508292967130076,7.606203524257532e-08,0.4975526707959119,0.00042172129492445395,0.007792969416622331,0.00034768038332640795,8.990637320818631e-05,0.4230000000000018,0.00042032942622587707
pivot_cw_2,pivot_cw,2,250,0.0007324722619208847,-0.00034249751228410087,-0.00034376042122019645,-2.50829328805671,7.077580637051046e-08,-0.4975526708122905,0.00048525846028370386,-0.00779329034335019,0.0003870464856883113,7.864808724195695e-05,0.4379999999999882,0.00042642539359696684
arc_left_2,arc_left,2,278,0.8930417192690464,0.4868009888140614,0.6092918090043262,1.7976552055783712,0.14999588193463675,0.2985360193612378,0.01714686654998508,-0.0014916416151229406,0.011970351836677653,0.02542404430957186,0.31799999999998363,0.003463020932049511
arc_right_2,arc_right,2,278,0.8930460097187884,0.4867724701300075,-0.6093183749708522,-1.7976756360424722,0.1499958684974417,-0.29853601956474873,0.017124361398134013,0.0014955225623507484,0.01193952561183076,0.025425392838625577,0.3420000000000414,0.0034590990218078474
brake_2,brake,2,222,1.1720276575762498,1.1720276575762463,3.3806305249801785e-14,-1.1080526728347328e-11,0.2999999910238671,-2.2274051804760493e-12,9.420769171430983e-07,-1.1030372403209887e-11,5.179740887334861e-07,0.1004873547686791,0.6720000000000255,1.644120817867388e-11
forward_3,forward,3,250,0.9875008007620121,0.9875008007620085,5.658030267803244e-14,-1.3062775885463085e-11,0.19999999105309102,-2.2747858493955126e-12,6.48944159520336e-07,-1.3065884509932036e-11,3.536501411291042e-07,0.04474417047235313,0.43499999999994543,8.402603094644114e-12
reverse_3,reverse,3,250,1.0122985000267568,-1.0122985000267506,1.6030313697418667e-14,1.294758198191181e-11,-0.19999999105321722,2.2902818878592845e-12,4.967204469996118e-08,1.2966372506603591e-11,7.930383453096994e-08,0.05746694372916661,0.5579999999999927,8.374329500228233e-12
pivot_ccw_3,pivot_ccw,3,250,0.0006888029324184511,-0.0002809262541627611,0.00031453408998216576,2.5082929743160522,7.62061764596317e-08,0.4975526707902669,0.000421724144528662,0.007792976601595836,0.0003478514813956434,8.944639729247825e-05,0.4289999999999736,0.00042034869495019724
pivot_cw_3,pivot_cw,3,250,0.0007330811531489334,-0.00034250067330132667,-0.00034376477114306275,-2.5082932956616286,7.054054530649703e-08,-0.4975526708093925,0.00048526377276444016,-0.007793297947101152,0.00038603305600935317,7.930421469912141e-05,0.44399999999996,0.0004266451184457673
arc_left_3,arc_left,3,278,0.8930425786119213,0.4868009938813985,0.6092918043295658,1.7976551941523455,0.14999588025084742,0.2985360195462163,0.017146866282983748,-0.001491642267973603,0.011977704746310687,0.025404638649972014,0.32399999999995543,0.003462391794871976
arc_right_3,arc_right,3,278,0.8930455209799921,0.4867725488519804,-0.6093182927696108,-1.7976754612011834,0.1499958691865711,-0.2985360193632612,0.01712435826954694,0.0014955234697699993,0.01194687562976185,0.02542987629898444,0.34799999999995634,0.0034590408498888156
brake_3,brake,3,222,1.1729276575492593,1.1729276575492558,3.1739343812219674e-14,-1.107834881649134e-11,0.29999999102406183,-2.252018921449469e-12,9.421034259382586e-07,-1.1028111224627052e-11,5.179972319300724e-07,0.10137385524827147,0.6779999999999973,1.6441612250227086e-11
