environment,scenario,configuration_sha256,planner,method,fixed_speed_limit_mps,success,execution_time_s,tracking_rmse_m,tracking_max_error_m,curve_tracking_rmse_m,curve_exit_tracking_rmse_m,estimated_tracking_rmse_m,estimated_tracking_max_error_m,final_position_error_m,final_yaw_error_rad,localization_position_error_p95_m,actual_max_linear_mps,actual_max_angular_radps,actual_max_wheel_linear_mps,adaptive_speed_nominal_p95_abs_jerk_mps3,adaptive_speed_safety_override_fraction,planned_footprint_collision_sample_count,collision_monitor_interventions,raw_path_sha256,selected_path_sha256
narrow_aisles,southwest_northeast_weave,,ThetaStar,pivot_g2,0.15,True,107.763,0.02970467428907392,0.05848313478314851,0.028051216980530765,0.029732907723064365,0.005785267588575212,0.028126925773558808,0.006259419802302693,0.02558277325284808,0.058860097127478216,0.15000010164800928,0.46837762831023577,0.16687957546715085,0.738406949999999,0.022201665124884366,0,0,9f5b2006f90a713997351aaa465e90f552eee8d2a5bdbf5ead6b87dd0ba37bd9,2c594775a15b81757c237cdee43ffe4d2d73f149e9f1f6ce76b92ff0307b0367
narrow_aisles,southwest_northeast_weave,,ThetaStar,pivot_g2,0.22,True,80.973,0.02665213845084239,0.05106405946107854,0.02611942150034604,0.0256866487819047,0.005951222948291582,0.028309362265288213,0.012132957940108822,0.01166440807601421,0.05448231221437225,0.2269999469274714,0.4633094671338265,0.24360974581627193,0.9,0.03140394088669951,0,0,9f5b2006f90a713997351aaa465e90f552eee8d2a5bdbf5ead6b87dd0ba37bd9,2c594775a15b81757c237cdee43ffe4d2d73f149e9f1f6ce76b92ff0307b0367
office_maze,office_long_diagonal,,ThetaStar,pivot_g2,0.15,True,104.388,0.017272616587770823,0.04356803400506514,0.01846847895208512,0.027564776747024435,0.004759256047091564,0.017792008071424587,0.038161293957199006,0.010424254852698045,0.05510232308125373,0.1500001040330126,0.47324273290179797,0.16664058367590542,0.9,0.02582496413199426,0,0,b62ee47d2cfdaa235b08427949e8035e8312aeaebf6e4f36285f8d3cf3d5759a,47f871fae1ade04dab3fab01a10409538477f290a48fcffff283e457c55bcbfe
office_maze,office_long_diagonal,,ThetaStar,pivot_g2,0.22,True,85.518,0.01887699981103497,0.04934885449204028,0.020876202465543767,0.037090329348339515,0.006580024766052431,0.021961216832356217,0.04775614006434811,0.004308929256197525,0.06467202829212562,0.2200000712031925,0.4843492528332204,0.23869898154162877,0.9,0.028604786923525978,0,0,b62ee47d2cfdaa235b08427949e8035e8312aeaebf6e4f36285f8d3cf3d5759a,47f871fae1ade04dab3fab01a10409538477f290a48fcffff283e457c55bcbfe
open_arena,southwest_northeast,,ThetaStar,pivot_g2,0.15,True,90.45,0.01603459925494385,0.027056471688770563,0.012946918841523679,0.015501897284545407,0.003982340035463631,0.019596161219844355,0.019800544572795394,0.014581061022105544,0.05735111078139144,0.15000005718472303,0.24768541993030832,0.16369937381401306,0.0,0.008830022075055188,0,0,dc53e484a2129687ccafdeda5f119c1c4c418c6d3cf5f0fe51820b5d2c054867,3bb91a9fb652c101e8ff8ceab269a0c6c8157d95a8e2f6a17ee73b93ffdc6fec
open_arena,southwest_northeast,,ThetaStar,pivot_g2,0.22,True,64.932,0.01467037630013846,0.028706503792506593,0.012908289601211622,0.013589509731640503,0.00456734044778866,0.01902457112046784,0.005139254184627328,0.00907883872951043,0.05757625305964681,0.2269999728269642,0.2470599248796402,0.23742978904273873,0.8459216999999984,0.014592933947772658,0,0,dc53e484a2129687ccafdeda5f119c1c4c418c6d3cf5f0fe51820b5d2c054867,3bb91a9fb652c101e8ff8ceab269a0c6c8157d95a8e2f6a17ee73b93ffdc6fec
research_warehouse,lower_left_diagonal,ef8da935648e3e4c9aef6c1efcd7fb5242d8c5429622cbecc8d496a218352512,NavFnAStar,adaptive_hybrid,0.0,True,48.423,0.024081198072096566,0.040982331023916935,0.02245234328550429,0.02603362792789089,0.006189102899674177,0.014283000037573174,0.0260447564492266,0.013173886108085786,0.0524581654632653,0.27983886125174584,0.3478875794544064,0.2976916876007211,0.9,0.04016477857878476,0,0,6bedc2ae54aff188ced79543ca83b8f2d048fb3b8e5cf12da84c7f9653b3236f,8534de08d3da164dfa571e29552245fa72556829741484742e81b43d25e0f8b1
research_warehouse,lower_left_diagonal,ef8da935648e3e4c9aef6c1efcd7fb5242d8c5429622cbecc8d496a218352512,NavFnDijkstra,adaptive_hybrid,0.0,True,38.877,0.02472654098555346,0.05043731399162733,0.025732076756445548,0.029564356034694005,0.006207225439601306,0.01548637772561811,0.03316805359416832,0.0055467233539642224,0.0588103682090878,0.2711546390082749,0.34064476433048185,0.2733632860322836,0.9,0.05384615384615385,0,0,4e4d3b20213fd9eb197dcfb89165a4251605367101bfe05717c478e12ea3dc51,ef1b01e28800a81e3d0c7b3406c06fce278a691eb83bf1c9210309fa42ce9131
research_warehouse,lower_left_diagonal,ef8da935648e3e4c9aef6c1efcd7fb5242d8c5429622cbecc8d496a218352512,Smac2D,adaptive_hybrid,0.0,True,30.654000000000003,0.031851910619319725,0.07019769956245707,0.03836270416902556,0.03528683934329136,0.013754112442603278,0.02752272347607724,0.023044231808906468,0.003499372261973721,0.05443830991146001,0.30000003811956233,0.47522199103945056,0.35431420839963357,0.9,0.09577922077922078,0,0,b837c352e8141f8d2c14e39c0fd9602a2711522e4fa691c2150364bf71dae175,604708a67f8122d9fdd6a7383f0c9188054f511f4786225ab0f006d8bda2bbb2
research_warehouse,lower_left_diagonal,ef8da935648e3e4c9aef6c1efcd7fb5242d8c5429622cbecc8d496a218352512,SmacHybrid,adaptive_hybrid,0.0,True,38.121,0.04311930959990651,0.07550030967940174,0.03158861367737853,0.05493181116432226,0.014487008919179709,0.04058570470829383,0.042370751405759716,0.00010758703513913391,0.06319325028900745,0.300000033673787,0.5168984730820159,0.3349324239519216,0.9,0.014397905759162303,0,0,9755bb5ede4d1876325f4fd8eb575b70ee17b32438bdab6851078246e353b63a,d0b2215cd28f4e53fb2962fe60b79d61f7d37b375a5ec3133943fe709b8510c6
research_warehouse,lower_left_diagonal,,ThetaStar,adaptive_hybrid,0.0,True,37.068000000000005,0.023305196732801396,0.038840829698067465,0.0201670690302377,0.02444721103394503,0.007054100459413989,0.018618415493658655,0.023497223777350657,0.012111890034266713,0.049191969391813896,0.3000000384249569,0.3580920275978072,0.3063363787463003,0.9,0.06308724832214765,0,0,7e8cbd5fd26fa47f920f6d64ae903dd2aa039a33f47dcac543b484833e91b388,e921b1344a6719a05fa5e5ccc68cf15dc1e18a4c65da1d79bfb3102616a66e56
research_warehouse,lower_left_diagonal,ef8da935648e3e4c9aef6c1efcd7fb5242d8c5429622cbecc8d496a218352512,ThetaStar,adaptive_hybrid,0.0,True,36.924,0.024219427986030592,0.038886671081574814,0.022864976406468764,0.028600253854971912,0.007070237440046121,0.017743559120468513,0.02255850091820408,0.0033994071513907547,0.05314545339688866,0.30000003680773024,0.36361813432549656,0.30632479359900755,0.9,0.12027027027027028,0,0,7e8cbd5fd26fa47f920f6d64ae903dd2aa039a33f47dcac543b484833e91b388,e921b1344a6719a05fa5e5ccc68cf15dc1e18a4c65da1d79bfb3102616a66e56
research_warehouse,lower_left_diagonal,,ThetaStar,adaptive_hybrid,0.15,True,44.844,0.02274056527493783,0.0360067958258663,0.020392096232253198,0.02765527520917102,0.005517877838484416,0.01886220878386793,0.022536275862432596,0.014143361693214729,0.048741409619639776,0.15000009186096233,0.35563320886057503,0.16623192383821758,0.9,0.041156840934371525,0,0,7e8cbd5fd26fa47f920f6d64ae903dd2aa039a33f47dcac543b484833e91b388,e921b1344a6719a05fa5e5ccc68cf15dc1e18a4c65da1d79bfb3102616a66e56
research_warehouse,lower_left_diagonal,,ThetaStar,adaptive_hybrid,0.22,True,36.669000000000004,0.02681217675965126,0.04616971166020442,0.023350143974601834,0.0347944326028051,0.006162233804100214,0.020837513733128227,0.02960073179777614,0.004344055071716646,0.0619745743415744,0.22617396570718357,0.35757649752167187,0.23248597429726392,0.9,0.06784260515603799,0,0,7e8cbd5fd26fa47f920f6d64ae903dd2aa039a33f47dcac543b484833e91b388,e921b1344a6719a05fa5e5ccc68cf15dc1e18a4c65da1d79bfb3102616a66e56
research_warehouse,lower_left_diagonal,,ThetaStar,adaptive_hybrid_fixed,0.0,True,36.672000000000004,0.022294739659969916,0.03189414152356245,0.02147662105703055,0.027748817027065536,0.005974078960746923,0.014485758041582203,0.02355778010071429,0.0059614343117158075,0.05126360061513514,0.3000000422026857,0.3626869412962156,0.30663005737943777,0.9,0.054274084124830396,0,0,7e8cbd5fd26fa47f920f6d64ae903dd2aa039a33f47dcac543b484833e91b388,56d5b89bd019b4189e5c0775086db58164d58e720e44d3c4b534c1db4aaaafcc
research_warehouse,lower_left_diagonal,,ThetaStar,adaptive_hybrid_fixed,0.15,True,42.999,0.02364478398836853,0.043499561234328486,0.019751704430569693,0.03302721957961762,0.006788204774772201,0.020744250258534276,0.02267811138444742,0.011337680093142843,0.048803432246493965,0.15000008513651608,0.36810573957565323,0.18427625725592114,0.9,0.031322505800464036,0,0,7e8cbd5fd26fa47f920f6d64ae903dd2aa039a33f47dcac543b484833e91b388,56d5b89bd019b4189e5c0775086db58164d58e720e44d3c4b534c1db4aaaafcc
research_warehouse,lower_left_diagonal,,ThetaStar,adaptive_hybrid_fixed,0.22,True,34.263000000000005,0.02179196356147883,0.037680894825207846,0.019749890161462075,0.029505559196596802,0.007133215037661567,0.017954331537297093,0.02540438694969802,0.0026029650994062736,0.048602881552774445,0.22622885729570497,0.35728423687639344,0.23122805777088332,0.9,0.05967976710334789,0,0,7e8cbd5fd26fa47f920f6d64ae903dd2aa039a33f47dcac543b484833e91b388,56d5b89bd019b4189e5c0775086db58164d58e720e44d3c4b534c1db4aaaafcc
research_warehouse,lower_left_diagonal,,ThetaStar,constrained,0.0,True,33.408,0.026517249602844996,0.04735181065245058,0.0295237815838827,0.023187341755391614,0.01258659184684018,0.03569002527290925,0.024599850019407857,0.014225609527916183,0.0537287945272331,0.300000052924393,0.48947333118645675,0.3472176533429268,0.9,0.05680119581464873,0,0,7e8cbd5fd26fa47f920f6d64ae903dd2aa039a33f47dcac543b484833e91b388,16ea23ec6ceaa3ae74d516a03032bf6e46b57cb228a5d689b6d177ce560f8036
research_warehouse,lower_left_diagonal,,ThetaStar,constrained,0.15,True,42.363,0.022086996136647438,0.04491116037831252,0.02351116789734576,0.02644978772071415,0.006345664566854261,0.01443818189706434,0.020599270160273235,0.011567429884759783,0.04545350652474906,0.15000009817546792,0.35976111636640973,0.18340646778745598,0.9,0.012941176470588235,0,0,7e8cbd5fd26fa47f920f6d64ae903dd2aa039a33f47dcac543b484833e91b388,16ea23ec6ceaa3ae74d516a03032bf6e46b57cb228a5d689b6d177ce560f8036
research_warehouse,lower_left_diagonal,,ThetaStar,constrained,0.22,True,32.823,0.027132462815463748,0.05419584082897929,0.028293694654003786,0.032227710759936544,0.008766434269681416,0.02145133173306983,0.021638504984656633,0.010934907503478255,0.049849616134714905,0.22595687735442754,0.38337032171388363,0.26883468840755526,0.9,0.0350076103500761,0,0,7e8cbd5fd26fa47f920f6d64ae903dd2aa039a33f47dcac543b484833e91b388,16ea23ec6ceaa3ae74d516a03032bf6e46b57cb228a5d689b6d177ce560f8036
research_warehouse,lower_left_diagonal,,ThetaStar,pivot_g2,0.0,True,36.822,0.019431682509162558,0.030517754377350815,0.017692786571654958,0.022679807653555727,0.006053737946082901,0.01572059516412324,0.02014255478389699,0.006197443991401875,0.04723820709195392,0.30000003686447857,0.3508897553852769,0.3059847322359676,0.9,0.056833558863328824,0,0,7e8cbd5fd26fa47f920f6d64ae903dd2aa039a33f47dcac543b484833e91b388,e921b1344a6719a05fa5e5ccc68cf15dc1e18a4c65da1d79bfb3102616a66e56
research_warehouse,lower_left_diagonal,,ThetaStar,pivot_g2,0.15,True,44.598000000000006,0.023243901629519628,0.04141606724025563,0.02045330736157625,0.029710105515234682,0.006154648824443054,0.020066682001837432,0.026762801404398913,0.006793805583342527,0.05015244239029959,0.15000008637801582,0.34797990400870427,0.1665181989485321,0.9,0.041340782122905026,0,0,7e8cbd5fd26fa47f920f6d64ae903dd2aa039a33f47dcac543b484833e91b388,e921b1344a6719a05fa5e5ccc68cf15dc1e18a4c65da1d79bfb3102616a66e56
research_warehouse,lower_left_diagonal,,ThetaStar,pivot_g2,0.22,True,37.662,0.022884908440377872,0.04211938318974083,0.021979471558330563,0.03069049520155152,0.007209419595385186,0.021006829495405832,0.02453937267088182,0.01059905128661498,0.052746146659067475,0.22619986423739497,0.3787956515902411,0.23046279594644672,0.9,0.05408970976253298,0,0,7e8cbd5fd26fa47f920f6d64ae903dd2aa039a33f47dcac543b484833e91b388,e921b1344a6719a05fa5e5ccc68cf15dc1e18a4c65da1d79bfb3102616a66e56
research_warehouse,lower_left_diagonal,,ThetaStar,pivot_g2_fixed,0.0,True,38.175000000000004,0.022305500413816706,0.037701638800828274,0.022817470016221742,0.028580296640606156,0.00621344247553482,0.017859313832652175,0.0248360801362087,0.001018685472430669,0.05248138034348876,0.3000000184399914,0.34640577505060915,0.30217633540821326,0.9,0.056282722513089,0,0,7e8cbd5fd26fa47f920f6d64ae903dd2aa039a33f47dcac543b484833e91b388,56d5b89bd019b4189e5c0775086db58164d58e720e44d3c4b534c1db4aaaafcc
research_warehouse,lower_left_diagonal,,ThetaStar,pivot_g2_fixed,0.15,True,42.822,0.024683038060094052,0.04309029823356127,0.020844442096901932,0.03371542462624731,0.005430092036874254,0.018783264163683176,0.021606697414914444,0.005003215524295945,0.049034059308575816,0.15000009541373127,0.3642447663602336,0.18394136661540025,0.9,0.02677532013969732,0,0,7e8cbd5fd26fa47f920f6d64ae903dd2aa039a33f47dcac543b484833e91b388,56d5b89bd019b4189e5c0775086db58164d58e720e44d3c4b534c1db4aaaafcc
research_warehouse,lower_left_diagonal,,ThetaStar,pivot_g2_fixed,0.22,True,34.803000000000004,0.02814104048442135,0.05072663333731073,0.020104061371055124,0.03810395928584917,0.006499370731032519,0.018747660589447917,0.0305376150631887,0.005290159897269886,0.052925423862319076,0.22661766410909742,0.36142254715775446,0.23227376777753186,0.9,0.06142857142857143,0,0,7e8cbd5fd26fa47f920f6d64ae903dd2aa039a33f47dcac543b484833e91b388,56d5b89bd019b4189e5c0775086db58164d58e720e44d3c4b534c1db4aaaafcc
research_warehouse,lower_left_diagonal,,ThetaStar,raw,0.0,True,33.168,0.02591428312878716,0.043785397480626216,0.01605165648415377,0.029606770054160108,0.006334433254330459,0.023847274082617956,0.031423488501807983,0.0014326711184583507,0.05831537664720697,0.2999999618630589,0.34698488392700383,0.30263127769056936,0.9,0.07368421052631578,0,0,7e8cbd5fd26fa47f920f6d64ae903dd2aa039a33f47dcac543b484833e91b388,7e8cbd5fd26fa47f920f6d64ae903dd2aa039a33f47dcac543b484833e91b388
research_warehouse,lower_left_diagonal,,ThetaStar,raw,0.15,True,42.99,0.027686460742623684,0.052186805320084496,0.022771405493995596,0.035761410717460335,0.006100596822380832,0.028708732146650255,0.03140415834906229,0.014423469109351994,0.05759556583735113,0.15000009547645818,0.36995187272639507,0.18411139054613923,0.9,0.024305555555555556,0,0,7e8cbd5fd26fa47f920f6d64ae903dd2aa039a33f47dcac543b484833e91b388,7e8cbd5fd26fa47f920f6d64ae903dd2aa039a33f47dcac543b484833e91b388
research_warehouse,lower_left_diagonal,,ThetaStar,raw,0.22,True,35.952000000000005,0.022701909909152707,0.03516247793638352,0.016655809472410032,0.02654391597705677,0.005537719668472154,0.02554347816720623,0.016452902570980598,0.0008450848419172541,0.04587295348822137,0.22340187919771948,0.3656911124010046,0.23393523385291895,0.9,0.0458970792767733,0,0,7e8cbd5fd26fa47f920f6d64ae903dd2aa039a33f47dcac543b484833e91b388,7e8cbd5fd26fa47f920f6d64ae903dd2aa039a33f47dcac543b484833e91b388
research_warehouse,lower_left_diagonal,,ThetaStar,savitzky_golay,0.0,True,35.673,0.025870743318349498,0.04623542865975696,0.025564575029764346,0.033129011675611435,0.008168300026363857,0.029010336592032348,0.02818704898152259,0.010732225937548856,0.05459645595065719,0.3000000369534584,0.36384939068420646,0.30885402037373644,0.9,0.04755244755244755,0,0,7e8cbd5fd26fa47f920f6d64ae903dd2aa039a33f47dcac543b484833e91b388,ea159102e45466f5ca30ce5566824601b9928fbb2945d22537315ba54bd903a2
research_warehouse,lower_left_diagonal,,ThetaStar,savitzky_golay,0.15,True,41.970000000000006,0.026653105393154432,0.052344495180237316,0.023796497301621335,0.03811442989043648,0.005960311407948762,0.01908936938145679,0.02579146861362919,0.0028849795944619894,0.05320331560778942,0.1500000984669263,0.3647652776264379,0.1860578006956746,0.9,0.0166270783847981,0,0,7e8cbd5fd26fa47f920f6d64ae903dd2aa039a33f47dcac543b484833e91b388,ea159102e45466f5ca30ce5566824601b9928fbb2945d22537315ba54bd903a2
research_warehouse,lower_left_diagonal,,ThetaStar,savitzky_golay,0.22,True,32.973,0.031239038159817212,0.05735105557254147,0.025364697319480947,0.044957064963625205,0.008737672232550429,0.024736606972528732,0.02182538070295772,0.0025355415489667354,0.05408266823494976,0.225956858716407,0.3928030554093528,0.2697326360515469,0.9,0.03636363636363636,0,0,7e8cbd5fd26fa47f920f6d64ae903dd2aa039a33f47dcac543b484833e91b388,ea159102e45466f5ca30ce5566824601b9928fbb2945d22537315ba54bd903a2
research_warehouse,lower_left_diagonal,,ThetaStar,simple,0.0,True,28.668000000000003,0.03750337584334404,0.07535760892319222,0.028122288333390838,0.05309876525892208,0.012086587333098352,0.02785779132056277,0.031154907703877504,0.0083010277572384,0.05889869880239692,0.3000000346203388,0.4621026655690553,0.35720888129562145,0.9,0.04861111111111111,0,0,7e8cbd5fd26fa47f920f6d64ae903dd2aa039a33f47dcac543b484833e91b388,a1e25de484436d33944fe3f075ea28b053afc3a5b6b9c4fa4f5bee00b2b9d257
research_warehouse,lower_left_diagonal,,ThetaStar,simple,0.15,True,42.168,0.021896002549195465,0.03498576098075006,0.019254830028293125,0.029689566425254624,0.004983932485446701,0.012430927184046639,0.02384346341988001,0.012632902438719729,0.04864219101366154,0.15000008700005082,0.3656980431280129,0.1818443490233386,0.9,0.014201183431952662,0,0,7e8cbd5fd26fa47f920f6d64ae903dd2aa039a33f47dcac543b484833e91b388,a1e25de484436d33944fe3f075ea28b053afc3a5b6b9c4fa4f5bee00b2b9d257
research_warehouse,lower_left_diagonal,,ThetaStar,simple,0.22,True,32.106,0.025668876964862343,0.04871406004005967,0.021551751346145235,0.036023400456539664,0.007582748198673926,0.017119836851281572,0.023732549150037828,0.0002779939900285911,0.04955421144357467,0.22507807998013218,0.34611354081958184,0.2640896559670744,0.9,0.026438569206842923,0,0,7e8cbd5fd26fa47f920f6d64ae903dd2aa039a33f47dcac543b484833e91b388,a1e25de484436d33944fe3f075ea28b053afc3a5b6b9c4fa4f5bee00b2b9d257
warehouse_cross_aisles,cross_aisle_transfer,,ThetaStar,pivot_g2,0.15,True,61.047000000000004,0.017242641654649827,0.032090449453109654,0.014313228487328125,0.02164478219349658,0.003847771890524148,0.016085431331889763,0.016530448129062753,0.0019375573227199405,0.041883912684631874,0.15000008201233783,0.3323228894851181,0.16671119190114095,0.4516205999999993,0.010594947025264874,0,0,b2019d5953c23e43ff4b614fa0466c74ee907a0c5dd0394552a631fcbc40045d,e1d25292e104cf4f477adaf3580d912e58072287b4d88c02d358465c16382343
warehouse_cross_aisles,cross_aisle_transfer,,ThetaStar,pivot_g2,0.22,True,45.663000000000004,0.023746141465592927,0.039771834381493454,0.01938137003070232,0.031861486310635,0.005661652905434374,0.015064505433951244,0.02005958604921231,0.0060008245131494276,0.04545484585829507,0.225101414551022,0.34335813605074905,0.2437992388597336,0.9,0.019672131147540985,0,0,b2019d5953c23e43ff4b614fa0466c74ee907a0c5dd0394552a631fcbc40045d,e1d25292e104cf4f477adaf3580d912e58072287b4d88c02d358465c16382343
warehouse_dispatch,full_replenishment,27ec3e7aa6b9fa9f26224a231b8be8a2f0c98603a970e7f55a8dcf397ed8bdcf,ThetaStar,adaptive_hybrid,0.22,True,95.349,0.03352245631985527,0.06354429365807392,0.03381478283798412,0.0457651195958624,0.005804075898635591,0.032273893714358716,0.034785597646988596,0.016730511381015556,0.05298968627924882,0.2200000862470935,0.5131155935216895,0.26923948404201864,0.9,0.02109704641350211,0,0,02477420bf37e3229dd5d4fb7c779b52c9bd6b04c1580e414914c25d9060b0f6,2bf46c1bf3de4bfe3d7923f718a6859a908a311a95b302247ef15fb11f647bcf
warehouse_dispatch,full_replenishment,,ThetaStar,pivot_g2,0.15,True,119.95800000000001,0.03577914588409441,0.07393559193141433,0.04316253466917218,0.04423082375086384,0.005034269120681616,0.0340775827849683,0.05858942976314897,0.022678927061851928,0.06077910981028182,0.1500001123852473,0.5157076129498738,0.17511745672342727,0.9,0.022983702465524447,0,0,02477420bf37e3229dd5d4fb7c779b52c9bd6b04c1580e414914c25d9060b0f6,fd05d6d13d59e3fba8e1f8541d885eb6e9a19b9b7c6e0f3094a81e9f8acf7338
warehouse_dispatch,full_replenishment,27ec3e7aa6b9fa9f26224a231b8be8a2f0c98603a970e7f55a8dcf397ed8bdcf,ThetaStar,pivot_g2,0.22,False,79.116,0.028867437125651686,0.08163212284361478,0.036683111027927436,0.03576944582312853,0.004886092391517625,0.032382291801159396,1.178224146943172,0.21611774862357702,0.0643113180316959,0.22000008642705904,0.5121170635836009,0.2415847004717454,0.9,0.023575638506876228,0,0,02477420bf37e3229dd5d4fb7c779b52c9bd6b04c1580e414914c25d9060b0f6,fd05d6d13d59e3fba8e1f8541d885eb6e9a19b9b7c6e0f3094a81e9f8acf7338
warehouse_long_aisles,diagonal_replenishment,,ThetaStar,pivot_g2,0.15,True,120.73800000000001,0.029380949138274513,0.06241390928192146,0.03555250470964109,0.028252717987175928,0.0046892615648218795,0.03216110878339616,0.014930032613796506,0.012545195002730712,0.052456432574749655,0.15000010577984596,0.527701207529304,0.17450502137990573,0.9,0.023976849937990905,0,0,f53229b28fb24bdea59346a5175179613252d55539c694ca04588430b5eed0fe,da37380765886fead0de87127f78f3fb5685d11274caa2241a48792f8fb610a7
warehouse_long_aisles,diagonal_replenishment,,ThetaStar,pivot_g2,0.22,True,95.022,0.033479995690720264,0.07297486967594871,0.04251944530861256,0.029102374239398966,0.005259719067371132,0.03151898131762409,0.012296820517555762,0.010627479092347791,0.06068181066601777,0.22571155783773955,0.5341503729752988,0.2299307954590742,0.9,0.03361344537815126,0,0,f53229b28fb24bdea59346a5175179613252d55539c694ca04588430b5eed0fe,da37380765886fead0de87127f78f3fb5685d11274caa2241a48792f8fb610a7
