route,route_id,planner,method,cohort,success,execution_time_s,traveled_distance_m,tracking_rmse_m,tracking_max_error_m,final_position_error_m,final_yaw_error_rad,planned_path_length_m,planned_max_abs_curvature_1pm,planned_curvature_energy_1pm,planned_translation_max_abs_curvature_1pm,planned_translation_curvature_energy_1pm,planned_footprint_clearance_min_m,planned_footprint_collision_sample_count,collision_monitor_interventions,smoothing_time_s,raw_path_sha256,selected_path_sha256,source
cross_aisle_transfer,R01,NavFnAStar,raw,historic_20260802_03,True,45.159000000000006,7.664373584360093,0.03184386737011228,0.10281243972941197,0.040987482865763855,0.0983542041512484,7.923627756986157,65.33612576246351,446.6440707951343,28.879270465756857,84.24691990058868,0.16464466339406925,0,0,0.0,05afec10d3c2ff3c78196a7bbc648e441c0f6c4b10ab67aea805f3e435f73f22,05afec10d3c2ff3c78196a7bbc648e441c0f6c4b10ab67aea805f3e435f73f22,results/pstmo_execution_full_20260803/warehouse_cross_aisles/cross_aisle_transfer_navfnastar_raw.json
cross_aisle_transfer,R01,NavFnAStar,simple,historic_20260802_03,True,43.536,7.646926051416533,0.029938771421762395,0.09609129859248136,0.03604833067368873,0.08400061176361029,7.825656586143743,42.15068538825626,54.98585872485823,15.156871195182468,23.403655217686335,0.16464466339406925,0,0,0.003,05afec10d3c2ff3c78196a7bbc648e441c0f6c4b10ab67aea805f3e435f73f22,5e06220c8fce9e263a03d5ce5d6ed09d355bd7bcce5f048884a22584edd307be,results/pstmo_execution_full_20260803/warehouse_cross_aisles/cross_aisle_transfer_navfnastar_simple.json
cross_aisle_transfer,R01,NavFnAStar,savitzky_golay,historic_20260802_03,True,44.856,7.668078369507729,0.03494846638615405,0.10773881183875575,0.03138313674252397,0.08780522633761023,7.8774327983859855,67.83926758749791,140.5162815366188,15.302569106625233,43.01661566613242,0.11464466264901119,0,0,0.0,05afec10d3c2ff3c78196a7bbc648e441c0f6c4b10ab67aea805f3e435f73f22,7b89ac287460b6c0addd02e0848a1ab94476db9b488016e324239a29bc3e1b86,results/pstmo_execution_full_20260803/warehouse_cross_aisles/cross_aisle_transfer_navfnastar_savitzky_golay.json
cross_aisle_transfer,R01,NavFnAStar,constrained,historic_20260802_03,True,44.091,7.660540578347182,0.03564784130200582,0.11492095238278668,0.02531211318941724,0.06945853719824813,7.872804258449289,19.994369507372067,49.32975891178611,9.862699684413226,36.621012554742954,0.16464466339406925,0,0,0.027000000000000003,05afec10d3c2ff3c78196a7bbc648e441c0f6c4b10ab67aea805f3e435f73f22,b282403e44244cdb8b39ad7523f6564fa58d7d13ab6c8d4d6e8fc04c27edf1c5,results/pstmo_execution_full_20260803/warehouse_cross_aisles/cross_aisle_transfer_navfnastar_constrained.json
cross_aisle_transfer,R01,NavFnAStar,pstmo,historic_20260802_03,True,41.307,7.600720991308071,0.027089902113130542,0.08070251133656994,0.02837178538903874,0.07834654509198336,7.714413792814558,2.248796978691582,3.448757201472731,2.1508413495187777,3.2978275702754014,0.2146446641391273,0,0,0.081,05afec10d3c2ff3c78196a7bbc648e441c0f6c4b10ab67aea805f3e435f73f22,8c60b6cfb3c26eedd8687e6d6c799502f6037ceac893b736137075c80d1b73c5,results/pstmo_execution_full_20260803/warehouse_cross_aisles/cross_aisle_transfer_navfnastar_pstmo.json
cross_aisle_transfer,R01,NavFnDijkstra,raw,historic_20260802_03,True,43.689,7.507412912370708,0.019475607517302176,0.0646144842474868,0.03345744401480232,0.08279595785513662,7.666594428644466,32.93098705503738,238.70224627195475,13.16510215708896,52.666043764096905,0.16464466339406925,0,0,0.0,5c3c27c882642aa407d8b0c199a5609a6f0426a36597bd477de1765e5c78afb1,5c3c27c882642aa407d8b0c199a5609a6f0426a36597bd477de1765e5c78afb1,results/pstmo_execution_full_20260803/warehouse_cross_aisles/cross_aisle_transfer_navfndijkstra_raw.json
cross_aisle_transfer,R01,NavFnDijkstra,simple,historic_20260802_03,True,42.642,7.488753804719777,0.02318997538628942,0.05059754586213216,0.03086625935466571,0.09085489045644535,7.602725629316726,3.617355040151894,6.850259405062252,3.243939320385877,6.3480049050898275,0.25619225950049973,0,0,0.0,5c3c27c882642aa407d8b0c199a5609a6f0426a36597bd477de1765e5c78afb1,1e4987d2352731ff398594809fd293d22a5a006922a797b0e8d6f88b6c7b2c0b,results/pstmo_execution_full_20260803/warehouse_cross_aisles/cross_aisle_transfer_navfndijkstra_simple.json
cross_aisle_transfer,R01,NavFnDijkstra,savitzky_golay,historic_20260802_03,True,43.002,7.510432878032666,0.022095672758356343,0.04542878517101498,0.03270333922002,0.08289229510412721,7.631166831791388,7.7771484236124895,23.952677991009192,6.907763597745982,18.972080510166222,0.2146446641391273,0,0,0.0,5c3c27c882642aa407d8b0c199a5609a6f0426a36597bd477de1765e5c78afb1,21ba3e644fd6352036f94ca77ca04f3eb92e626457b8bc087fc3e19bb075b4cf,results/pstmo_execution_full_20260803/warehouse_cross_aisles/cross_aisle_transfer_navfndijkstra_savitzky_golay.json
cross_aisle_transfer,R01,NavFnDijkstra,constrained,historic_20260802_03,True,43.671,7.502923412625731,0.02113698818490226,0.04887454637021745,0.0413254573337191,0.07152796312819687,7.641129039087036,11.281074451388404,21.32950708635919,10.015913147874906,18.91715531751571,0.25619225950049973,0,0,0.033,5c3c27c882642aa407d8b0c199a5609a6f0426a36597bd477de1765e5c78afb1,61957268e24a970fa1f77f6ae7c6a2cbf54d499893021aeb94aa2c8fb864d538,results/pstmo_execution_full_20260803/warehouse_cross_aisles/cross_aisle_transfer_navfndijkstra_constrained.json
cross_aisle_transfer,R01,NavFnDijkstra,pstmo,historic_20260802_03,True,39.069,7.40886303331014,0.018232536034244136,0.03653104997812927,0.02898538754416145,0.07313846739483543,7.465562522825371,2.4675639185020044,2.1711231943512193,2.3606985217585628,2.0758323432388948,0.10606601875848895,0,0,0.033,5c3c27c882642aa407d8b0c199a5609a6f0426a36597bd477de1765e5c78afb1,09f6f8f4c79be95645bcea09e4163200f82ec225ac884f751236bb496ae74b77,results/pstmo_execution_full_20260803/warehouse_cross_aisles/cross_aisle_transfer_navfndijkstra_pstmo.json
cross_aisle_transfer,R01,ThetaStar,raw,historic_20260802_03,True,44.292,7.480692493387332,0.016779785802084234,0.03825996677889222,0.029075462407459018,0.08145191861117508,7.555842588547675,18.833067537994193,34.98763644497033,10.56635122491502,23.59906382623194,0.1449222268733815,0,0,0.0,86c0fec4036278df23f064844c1f0f7af6c0b0c992699d18869cf0c976ddbf72,86c0fec4036278df23f064844c1f0f7af6c0b0c992699d18869cf0c976ddbf72,results/pstmo_execution_theta_star_20260802/warehouse_cross_aisles/cross_aisle_transfer_raw.json
cross_aisle_transfer,R01,ThetaStar,simple,historic_20260802_03,True,39.969,7.4333915475551775,0.017359768435279716,0.036525612370758666,0.03403456223226571,0.09574461249622757,7.491818874413376,1.771290619127246,2.054633319511183,1.7579685820493502,2.039061766614125,0.2146446641391273,0,0,0.0,86c0fec4036278df23f064844c1f0f7af6c0b0c992699d18869cf0c976ddbf72,cc771855c4d69ab9f35540d75e47a340385fc412bfdaa6002048ecf3da687c37,results/pstmo_execution_theta_star_20260802/warehouse_cross_aisles/cross_aisle_transfer_simple.json
cross_aisle_transfer,R01,ThetaStar,savitzky_golay,historic_20260802_03,True,43.236000000000004,7.474317595647692,0.019189761460373905,0.040118854886906384,0.03957820389495437,0.09154431689582454,7.5308548330939615,4.1951117141749314,5.207237375277717,2.9580206726677813,4.754129290170485,0.21959563989254183,0,0,0.0,86c0fec4036278df23f064844c1f0f7af6c0b0c992699d18869cf0c976ddbf72,af55e2446c891b331b1ae0f2d638e4d6b87715d9f82be0120bb55d3037089bbd,results/pstmo_execution_theta_star_20260802/warehouse_cross_aisles/cross_aisle_transfer_savitzky_golay.json
cross_aisle_transfer,R01,ThetaStar,constrained,historic_20260802_03,True,43.89,7.4770487408899555,0.017449544493903145,0.05127969566183099,0.03768887259388075,0.10857475796429628,7.559544035435815,13.113322930717995,13.485725784889016,7.746411321456156,9.609667567428911,0.23390290478282266,0,0,0.048,86c0fec4036278df23f064844c1f0f7af6c0b0c992699d18869cf0c976ddbf72,da7acf4afab6dcf49bf1444e62b0834f6b26529f2bb478ce8f27117a33eab5c1,results/pstmo_execution_theta_star_20260802/warehouse_cross_aisles/cross_aisle_transfer_constrained.json
cross_aisle_transfer,R01,ThetaStar,pstmo,historic_20260802_03,True,38.538000000000004,7.360876154268425,0.019315308225106992,0.03738748052394556,0.03529315975050134,0.09101068052762573,7.411203529309758,1.220985245722404,1.2698618632362304,1.2030616844127997,1.2550479351576442,0.12275854577833645,0,0,0.219,86c0fec4036278df23f064844c1f0f7af6c0b0c992699d18869cf0c976ddbf72,94f14a61e17fb7e05606155d6db97b479c414d2c0b045f46d9f010f791c2eb6e,results/pstmo_execution_theta_star_20260802/warehouse_cross_aisles/cross_aisle_transfer_pstmo.json
cross_aisle_transfer,R01,Smac2D,raw,historic_20260802_03,True,43.287000000000006,7.5422418945795044,0.026915848864557695,0.06099085472148409,0.042038191352548646,0.036457428191067794,7.701148074746291,2.323839179405835,5.45558068441031,2.2994144342154526,5.382961679799618,0.2146446641391273,0,0,0.0,cc0ecf0017a72da480d65110187e446c0d92de60b1d659107dd78c8d29474526,cc0ecf0017a72da480d65110187e446c0d92de60b1d659107dd78c8d29474526,results/pstmo_execution_full_20260803/warehouse_cross_aisles/cross_aisle_transfer_smac2d_raw.json
cross_aisle_transfer,R01,Smac2D,simple,historic_20260802_03,True,42.237,7.5134042685486,0.023123665763656757,0.05873066182355233,0.04114502549459778,0.06941363295345382,7.645908857321201,1.5977996419363825,3.7349293171807756,1.6212888344951515,3.725878319013567,0.18825146149581692,0,0,0.0,cc0ecf0017a72da480d65110187e446c0d92de60b1d659107dd78c8d29474526,e56e55df712a253adb2ec28319f54f37cb0d6fe9c23e26f5a728ef542b23c494,results/pstmo_execution_full_20260803/warehouse_cross_aisles/cross_aisle_transfer_smac2d_simple.json
cross_aisle_transfer,R01,Smac2D,savitzky_golay,historic_20260802_03,True,43.053000000000004,7.547981211235341,0.026451481441505196,0.059056907668208904,0.037348373292871134,0.015129569304120682,7.699465291642193,2.187689144493244,5.041815698502343,2.152679915239211,4.992220348952767,0.2146446641391273,0,0,0.0,cc0ecf0017a72da480d65110187e446c0d92de60b1d659107dd78c8d29474526,5f85fd793387eea026960c50c43ba5ac54695970b5e380c86e9596df78d1ad58,results/pstmo_execution_full_20260803/warehouse_cross_aisles/cross_aisle_transfer_smac2d_savitzky_golay.json
cross_aisle_transfer,R01,Smac2D,constrained,historic_20260802_03,True,44.145,7.58548173182918,0.026340774581729648,0.07202723595915252,0.03289503792472138,0.050073530854621635,7.72686095097706,2.19255931468505,5.20617837926726,2.069836178153285,5.1614931339721695,0.23390290478282266,0,0,0.012,cc0ecf0017a72da480d65110187e446c0d92de60b1d659107dd78c8d29474526,6a28d0901276707f6cd457b7c807725cb382fe6812113ef99a60d81dbb2c3014,results/pstmo_execution_full_20260803/warehouse_cross_aisles/cross_aisle_transfer_smac2d_constrained.json
cross_aisle_transfer,R01,Smac2D,pstmo,historic_20260802_03,True,40.659000000000006,7.437494751094238,0.022822389717801365,0.05685892080150737,0.03247422647854713,0.08182302566634081,7.520573784615547,2.363999907188973,2.876314098914447,2.1372994852733984,2.7317697258544813,0.10606601875848895,0,0,0.08700000000000001,cc0ecf0017a72da480d65110187e446c0d92de60b1d659107dd78c8d29474526,09c0edd772a62f96e77c00a79816c76816d22b11d905d487928329531f6a8c48,results/pstmo_execution_full_20260803/warehouse_cross_aisles/cross_aisle_transfer_smac2d_pstmo.json
cross_aisle_transfer,R01,SmacHybrid,raw,historic_20260802_03,True,41.091,7.635248773824961,0.018281533225123332,0.047362255545738995,0.033067780771042186,0.07825325021531182,7.709643603119114,2.8572177900061932,5.4845680649659005,3.4493510756782158,6.188961979405489,0.2808724311428359,0,0,0.0,e7949e24ca771d34c2ad531e06ebf5afcfd4d59fde6fa9b73b33fb952479fc10,e7949e24ca771d34c2ad531e06ebf5afcfd4d59fde6fa9b73b33fb952479fc10,results/pstmo_execution_full_20260803/warehouse_cross_aisles/cross_aisle_transfer_smachybrid_raw.json
cross_aisle_transfer,R01,SmacHybrid,simple,historic_20260802_03,True,39.057,7.5498957963469016,0.022578564999154234,0.04482597174681487,0.03832899167007853,0.07470809864148664,7.631572002442698,1.5206294676666436,1.905671030068819,1.7339284228742329,2.1431150269695296,0.2474873771031409,0,0,0.0,e7949e24ca771d34c2ad531e06ebf5afcfd4d59fde6fa9b73b33fb952479fc10,1e48b6540ab3ff6cfd040c7f3800e5f82910e2d7245dcffaaeaff9bb79dd7d58,results/pstmo_execution_full_20260803/warehouse_cross_aisles/cross_aisle_transfer_smachybrid_simple.json
cross_aisle_transfer,R01,SmacHybrid,savitzky_golay,historic_20260802_03,True,40.239000000000004,7.592630900194071,0.023764398724910835,0.06317215808230676,0.04413496885316446,0.08386088022195592,7.700619465732339,2.41346346022908,3.537052223652856,3.0657168575578284,4.030305977123635,0.2808724311428359,0,0,0.0,e7949e24ca771d34c2ad531e06ebf5afcfd4d59fde6fa9b73b33fb952479fc10,7cd212d8210fb8c4856cbaf051d60d299489e98117b196fa182e75c084e9a96d,results/pstmo_execution_full_20260803/warehouse_cross_aisles/cross_aisle_transfer_smachybrid_savitzky_golay.json
cross_aisle_transfer,R01,SmacHybrid,constrained,historic_20260802_03,True,40.257000000000005,7.622188210491324,0.021309690113462024,0.053721309698760364,0.030715834768483108,0.08068961429396715,7.713603809342825,2.5048708473932524,3.72714263111567,2.9651541837582958,4.113477692173952,0.28480087705617874,0,0,0.009000000000000001,e7949e24ca771d34c2ad531e06ebf5afcfd4d59fde6fa9b73b33fb952479fc10,d2caedb0dbe49095455b9b5138808169f278b70695b1fa4589cd3ced7eb5f52e,results/pstmo_execution_full_20260803/warehouse_cross_aisles/cross_aisle_transfer_smachybrid_constrained.json
cross_aisle_transfer,R01,SmacHybrid,pstmo,historic_20260802_03,True,39.117000000000004,7.510369457794231,0.022284300877518513,0.05480424064830804,0.03716321551828794,0.07037011022603545,7.591854015280579,1.858616719039978,2.133149125777157,1.7267764154157603,2.0310339594078863,0.23390290478282266,0,0,0.09000000000000001,e7949e24ca771d34c2ad531e06ebf5afcfd4d59fde6fa9b73b33fb952479fc10,b54e8be31d3a772c6a875bd238a9a6a641e92e09147f5e876f389565cdfde58d,results/pstmo_execution_full_20260803/warehouse_cross_aisles/cross_aisle_transfer_smachybrid_pstmo.json
wide_diagonal_transfer,R02,NavFnAStar,raw,new_20261003,True,67.134,11.876889715969588,0.029351929897457583,0.09489997209556753,0.03362661377071173,0.09620418607181103,12.09069332452466,42.86966632920521,520.034175079195,22.660806082768264,117.03037453724141,0.16464466339406925,0,0,0.0,eedc118338bf037dad250838cface100f5cf753b9060e2c63a5a9fa2884454f7,eedc118338bf037dad250838cface100f5cf753b9060e2c63a5a9fa2884454f7,docs/warehouse_cross_aisles_5_routes/execution/wide_diagonal_transfer/wide_diagonal_transfer_navfnastar_raw.json
wide_diagonal_transfer,R02,NavFnAStar,simple,new_20261003,True,62.529,11.839870268201917,0.022368756488265428,0.06587863876737436,0.038391236601946266,0.08663243832156796,11.957488799723091,5.475955513708386,13.554362528625218,4.746866490903037,11.90603589777277,0.23390290478282266,0,0,0.003,eedc118338bf037dad250838cface100f5cf753b9060e2c63a5a9fa2884454f7,6864fa389c6581bafa6c8215ba9ac0b263e35db11442d58d4c14477822f0e30f,docs/warehouse_cross_aisles_5_routes/execution/wide_diagonal_transfer/wide_diagonal_transfer_navfnastar_simple.json
wide_diagonal_transfer,R02,NavFnAStar,savitzky_golay,new_20261003,True,63.786,11.867282848839796,0.01711538936993641,0.07140358779195488,0.035510801027578885,0.08431348474355604,12.011608191040487,14.73286626356295,57.61121679152555,10.86152483872462,42.52510308703856,0.17079994476667312,0,0,0.0,eedc118338bf037dad250838cface100f5cf753b9060e2c63a5a9fa2884454f7,00c66ed9080f0ed4e85cc5aa324c698c52d823e87c9ccadaf9d8e3e1a3f9ac0c,docs/warehouse_cross_aisles_5_routes/execution/wide_diagonal_transfer/wide_diagonal_transfer_navfnastar_savitzky_golay.json
wide_diagonal_transfer,R02,NavFnAStar,constrained,new_20261003,True,67.884,11.86842976565715,0.028564387096128692,0.10281830481478092,0.03176303881650844,0.0824846371220398,12.046419359009962,20.52862638118463,109.49135403872748,11.650658814425347,72.97620542097417,0.16464466339406925,0,0,0.051000000000000004,eedc118338bf037dad250838cface100f5cf753b9060e2c63a5a9fa2884454f7,7a161320ac3ca7444a1d2cf282f74005fcf655c66b0ce8790c60cfb458516031,docs/warehouse_cross_aisles_5_routes/execution/wide_diagonal_transfer/wide_diagonal_transfer_navfnastar_constrained.json
wide_diagonal_transfer,R02,NavFnAStar,pstmo,new_20261003,True,59.559000000000005,11.831041703124576,0.024450773809817687,0.052830948082631744,0.03807491972041742,0.08762825598398916,11.906856555034821,2.4312212410211593,4.83355427152364,2.249182005348942,4.517682218925911,0.2474873771031409,0,0,0.138,eedc118338bf037dad250838cface100f5cf753b9060e2c63a5a9fa2884454f7,515ac26c7c9843e1eb6e4f574ebda677658beb403a54c4cfbb2cd508e6058c30,docs/warehouse_cross_aisles_5_routes/execution/wide_diagonal_transfer/wide_diagonal_transfer_navfnastar_pstmo.json
wide_diagonal_transfer,R02,NavFnDijkstra,raw,new_20261003,True,58.572,11.751559753779972,0.02095781695706098,0.049207007225722764,0.03658389346495559,0.0670340009456234,11.932229361516454,40.37547265673935,394.92238700390675,19.114184404789135,61.956051534471925,0.17079994476667312,0,0,0.0,f33be82c46fc68faa0d3ec8d84663a31e9bac05e6bfce3fde03d9cb64a3a004d,f33be82c46fc68faa0d3ec8d84663a31e9bac05e6bfce3fde03d9cb64a3a004d,docs/warehouse_cross_aisles_5_routes/execution/wide_diagonal_transfer/wide_diagonal_transfer_navfndijkstra_raw.json
wide_diagonal_transfer,R02,NavFnDijkstra,simple,new_20261003,True,57.861000000000004,11.741847989310143,0.017569065820007793,0.042939785544127605,0.036007373154444806,0.09157652549697627,11.83914713538577,4.637590271623743,9.327546484496905,4.15305764977569,8.521243486631,0.25619225950049973,0,0,0.003,f33be82c46fc68faa0d3ec8d84663a31e9bac05e6bfce3fde03d9cb64a3a004d,b8bf126e82a3fb983caf7e9772fb1b13d8cfbd32a08f361fd8a25968db74368a,docs/warehouse_cross_aisles_5_routes/execution/wide_diagonal_transfer/wide_diagonal_transfer_navfndijkstra_simple.json
wide_diagonal_transfer,R02,NavFnDijkstra,savitzky_golay,new_20261003,True,59.214000000000006,11.747987547603495,0.023333523118146807,0.05700333684045082,0.02786466368612485,0.08073225295804032,11.87655727350194,12.37298170624972,34.35569844738104,7.864243541527676,26.214522676952885,0.2146446641391273,0,0,0.0,f33be82c46fc68faa0d3ec8d84663a31e9bac05e6bfce3fde03d9cb64a3a004d,38182b4cfa8739f52abde455806581e078fbee864ac72c09d66476f8365125a7,docs/warehouse_cross_aisles_5_routes/execution/wide_diagonal_transfer/wide_diagonal_transfer_navfndijkstra_savitzky_golay.json
wide_diagonal_transfer,R02,NavFnDijkstra,constrained,new_20261003,True,58.137,11.738674643286293,0.02052477182229057,0.047237698237305024,0.035843622844915386,0.0655034515006263,11.893470178671365,13.041812221257105,47.969468367217196,8.97564407717351,36.21383690349887,0.2146446641391273,0,0,0.048,f33be82c46fc68faa0d3ec8d84663a31e9bac05e6bfce3fde03d9cb64a3a004d,b50fc7efea98048d11480ebeb46ad2065ce52fcb430c6123cdfccc28abaf9bff,docs/warehouse_cross_aisles_5_routes/execution/wide_diagonal_transfer/wide_diagonal_transfer_navfndijkstra_constrained.json
wide_diagonal_transfer,R02,NavFnDijkstra,pstmo,new_20261003,True,52.581,11.579959247956852,0.019440366508093287,0.035032899380021854,0.036058770737514935,0.08326576020450638,11.630715323464042,1.6540856411433555,1.198056868166185,0.9019446527540672,1.1231248921471013,0.1449222268733815,0,0,0.07500000000000001,f33be82c46fc68faa0d3ec8d84663a31e9bac05e6bfce3fde03d9cb64a3a004d,811db5d2d5a505f17ea6e58c14720a39c14054785147d7019e4e07ed5f24be6a,docs/warehouse_cross_aisles_5_routes/execution/wide_diagonal_transfer/wide_diagonal_transfer_navfndijkstra_pstmo.json
wide_diagonal_transfer,R02,ThetaStar,raw,new_20261003,True,57.852000000000004,11.764087803494743,0.017881950803566395,0.04933967884531723,0.03366603945335955,0.08513657179514446,11.84498284206114,16.675492463594367,36.07038674232608,9.429517913988308,22.12160481042036,0.1449222268733815,0,0,0.0,62ec2af4bba7d21da5fee13de7dc6c29f5304e5cc071a5fe29cfcad4c4d1ff07,62ec2af4bba7d21da5fee13de7dc6c29f5304e5cc071a5fe29cfcad4c4d1ff07,docs/warehouse_cross_aisles_5_routes/execution/wide_diagonal_transfer/wide_diagonal_transfer_thetastar_raw.json
wide_diagonal_transfer,R02,ThetaStar,simple,new_20261003,True,55.128,11.71125147197091,0.018872355338257735,0.04266022581872439,0.028169272521654385,0.08295746675347271,11.773466400201954,2.1577373505828827,2.330950434797768,2.16687367162925,2.3084606741715197,0.2146446641391273,0,0,0.0,62ec2af4bba7d21da5fee13de7dc6c29f5304e5cc071a5fe29cfcad4c4d1ff07,5f40c3dd77475441c1f54ea08e122037c7268d331e4a882055ebe610284f42b3,docs/warehouse_cross_aisles_5_routes/execution/wide_diagonal_transfer/wide_diagonal_transfer_thetastar_simple.json
wide_diagonal_transfer,R02,ThetaStar,savitzky_golay,new_20261003,True,56.856,11.733302448812326,0.018756094412075035,0.0510564974578517,0.03526185834363485,0.09285780085088426,11.81623087891772,3.8468762843270103,5.697123865174032,3.662863259975998,5.3349010793926075,0.2474873771031409,0,0,0.0,62ec2af4bba7d21da5fee13de7dc6c29f5304e5cc071a5fe29cfcad4c4d1ff07,a290d358c408d3c80d40d504a7f3f842dc457ae9f55b61bcc9178d61d8a395b3,docs/warehouse_cross_aisles_5_routes/execution/wide_diagonal_transfer/wide_diagonal_transfer_thetastar_savitzky_golay.json
wide_diagonal_transfer,R02,ThetaStar,constrained,new_20261003,True,56.703,11.74374683616764,0.02009982302655687,0.04366667496020566,0.04968034945432892,0.08625853291304407,11.84107104255762,13.88223233526612,17.485289451978744,5.105967349944496,10.827397670570788,0.2474873771031409,0,0,0.015000000000000001,62ec2af4bba7d21da5fee13de7dc6c29f5304e5cc071a5fe29cfcad4c4d1ff07,1c1d2c0744657d7966f7924d2f8dbd27a30a14acd403525a938b54ad71643a61,docs/warehouse_cross_aisles_5_routes/execution/wide_diagonal_transfer/wide_diagonal_transfer_thetastar_constrained.json
wide_diagonal_transfer,R02,ThetaStar,pstmo,new_20261003,True,55.764,11.722995501350546,0.025302902082887845,0.05994188623948629,0.0322922853702884,0.06478936311943073,11.774567469485422,3.0045212638039165,2.7108341005627468,3.0294868778554904,2.5978620666677927,0.2146446641391273,0,0,0.09000000000000001,62ec2af4bba7d21da5fee13de7dc6c29f5304e5cc071a5fe29cfcad4c4d1ff07,95abaeb0a5a1ff6e1ad1f1c39310301e7c5eea910b729b42c853235b98eda5d9,docs/warehouse_cross_aisles_5_routes/execution/wide_diagonal_transfer/wide_diagonal_transfer_thetastar_pstmo.json
wide_diagonal_transfer,R02,Smac2D,raw,new_20261003,True,61.356,11.828996296615664,0.020024451578694463,0.051473159500281834,0.041414283374523755,0.0896916072025653,11.896187281804476,2.090806463495109,4.145309275709879,2.088095737642015,4.0823769544270325,0.2146446641391273,0,0,0.0,325db6d302dfc534cb6b4ad07b04bdefab05572f77bfaeed321cec475888c86e,325db6d302dfc534cb6b4ad07b04bdefab05572f77bfaeed321cec475888c86e,docs/warehouse_cross_aisles_5_routes/execution/wide_diagonal_transfer/wide_diagonal_transfer_smac2d_raw.json
wide_diagonal_transfer,R02,Smac2D,simple,new_20261003,True,55.041000000000004,11.767398905588841,0.022566894067016764,0.04975369345840082,0.044854087552948264,0.08511899355859298,11.85514627087381,1.4459728656708242,2.409420640493593,1.5713842235071822,2.4004312081716623,0.2146446641391273,0,0,0.0,325db6d302dfc534cb6b4ad07b04bdefab05572f77bfaeed321cec475888c86e,0cb344ebdba9d7ee3e11b78813a52b07ca9a3f271f1555deb2c68cc2e3e80cd2,docs/warehouse_cross_aisles_5_routes/execution/wide_diagonal_transfer/wide_diagonal_transfer_smac2d_simple.json
wide_diagonal_transfer,R02,Smac2D,savitzky_golay,new_20261003,True,59.919000000000004,11.84162763448447,0.019557208732876964,0.04344743989029469,0.04434757072121094,0.072548023722941,11.894445864503174,1.8787946904261088,3.770225507357033,1.869302633819064,3.735517917107888,0.2146446641391273,0,0,0.0,325db6d302dfc534cb6b4ad07b04bdefab05572f77bfaeed321cec475888c86e,8cb7555b45059861a8ff8cc48d77cf9c717e799813bd97f6bb51950a703dd7b0,docs/warehouse_cross_aisles_5_routes/execution/wide_diagonal_transfer/wide_diagonal_transfer_smac2d_savitzky_golay.json
wide_diagonal_transfer,R02,Smac2D,constrained,new_20261003,True,60.087,11.86372841816212,0.0200938269357516,0.05486187478111376,0.04343441017516511,0.059253417063706015,11.921602881422196,1.901624218717732,4.056573472856943,1.8916176774642472,4.026324148804316,0.23390290478282266,0,0,0.021,325db6d302dfc534cb6b4ad07b04bdefab05572f77bfaeed321cec475888c86e,e51310f7ac593e5d732041d330bd77999e6bdc8cedf8330b9377e8887a06f85e,docs/warehouse_cross_aisles_5_routes/execution/wide_diagonal_transfer/wide_diagonal_transfer_smac2d_constrained.json
wide_diagonal_transfer,R02,Smac2D,pstmo,new_20261003,True,56.067,11.734394804921411,0.025828880439528728,0.050904117888068236,0.03457763627951894,0.08429474697975747,11.791161331221172,1.7989220441246099,2.0637648437906466,1.7512904910257574,1.9896783009394767,0.1449222268733815,0,0,0.117,325db6d302dfc534cb6b4ad07b04bdefab05572f77bfaeed321cec475888c86e,246f5e2e52e1e25872914a459d7d39c51f28b595adda5bcf87007f29b441c8e6,docs/warehouse_cross_aisles_5_routes/execution/wide_diagonal_transfer/wide_diagonal_transfer_smac2d_pstmo.json
wide_diagonal_transfer,R02,SmacHybrid,raw,new_20261003,True,52.947,12.013269536708274,0.018310008632483867,0.04842371621765389,0.04024033892516112,0.09236047769227307,12.084349966722508,2.857161268027197,5.900585502838953,3.5621817565076492,6.097653465950939,0.2808724311428359,0,0,0.0,1921084828cb1adfeba0cb66b45962bd206c9075f0092445afdd02983e5db850,1921084828cb1adfeba0cb66b45962bd206c9075f0092445afdd02983e5db850,docs/warehouse_cross_aisles_5_routes/execution/wide_diagonal_transfer/wide_diagonal_transfer_smachybrid_raw.json
wide_diagonal_transfer,R02,SmacHybrid,simple,new_20261003,True,51.426,11.99062046891435,0.02411734677538495,0.04449953995343526,0.03472914400411741,0.05890500575122614,12.01512756760323,0.8463538056043863,1.189880412114652,1.3828016127712173,1.4328987356409022,0.2474873771031409,0,0,0.0,1921084828cb1adfeba0cb66b45962bd206c9075f0092445afdd02983e5db850,417cc1579767aa3ced87c215eb202b31223b3e218454b0b2f13dbefe9e99854c,docs/warehouse_cross_aisles_5_routes/execution/wide_diagonal_transfer/wide_diagonal_transfer_smachybrid_simple.json
wide_diagonal_transfer,R02,SmacHybrid,savitzky_golay,new_20261003,True,52.083000000000006,12.01364225559287,0.02055382474290389,0.0446131510170426,0.04442706917818598,0.08283508224879665,12.07126742507356,1.6124827333574636,2.8687691647743985,1.975100809402848,3.237187171232439,0.2808724311428359,0,0,0.0,1921084828cb1adfeba0cb66b45962bd206c9075f0092445afdd02983e5db850,574180e20705dbade4a14f830b6fafd05edf2945fc61b8c9fbd3393f36e89fbe,docs/warehouse_cross_aisles_5_routes/execution/wide_diagonal_transfer/wide_diagonal_transfer_smachybrid_savitzky_golay.json
wide_diagonal_transfer,R02,SmacHybrid,constrained,new_20261003,True,52.482000000000006,12.01647966578914,0.019372341145584723,0.04470531027478534,0.051496191504803945,0.07766918325332049,12.084805285274092,1.9964123554605673,3.38476477594632,2.2587425015172182,3.875686541796036,0.28480087705617874,0,0,0.015000000000000001,1921084828cb1adfeba0cb66b45962bd206c9075f0092445afdd02983e5db850,b7c8e5da6c18d3623d941956301e62ef6821cee3cb188d1aca1b54b9117d8b9d,docs/warehouse_cross_aisles_5_routes/execution/wide_diagonal_transfer/wide_diagonal_transfer_smachybrid_constrained.json
wide_diagonal_transfer,R02,SmacHybrid,pstmo,new_20261003,True,52.977000000000004,11.949101861183665,0.025784008615314432,0.05877435628712473,0.04387780950494812,0.09253299433660533,11.976814897452073,1.4803755982041449,1.6035048288376792,1.396609795196338,1.5543069203269837,0.2146446641391273,0,0,0.15000000000000002,1921084828cb1adfeba0cb66b45962bd206c9075f0092445afdd02983e5db850,73b461f19ae635a69c78ea3f0e6458522f23863ce89fe93ed8101f84d00f8b94,docs/warehouse_cross_aisles_5_routes/execution/wide_diagonal_transfer/wide_diagonal_transfer_smachybrid_pstmo.json
south_u_transfer,R03,NavFnAStar,raw,new_20261003,True,43.146,6.949933548517267,0.03012365397906885,0.09186670936414275,0.08559067714135445,0.10150075804123593,7.194290825789315,48.86524286761316,256.95510385849786,16.990787122599105,60.77801278265505,0.1449222268733815,0,0,0.0,be659c378379be16fffaab9334259ec9c4ab79434c3b4d6d9240f7e5d952bddf,be659c378379be16fffaab9334259ec9c4ab79434c3b4d6d9240f7e5d952bddf,docs/warehouse_cross_aisles_5_routes/execution/south_u_transfer/south_u_transfer_navfnastar_raw.json
south_u_transfer,R03,NavFnAStar,simple,new_20261003,True,42.519000000000005,6.94128076794154,0.02915630085884722,0.07308859489778723,0.08614238216406002,0.08448718371639985,7.11389067333358,4.619030424160814,8.521049892084287,4.311739645686865,7.707984376015763,0.2146446641391273,0,0,0.003,be659c378379be16fffaab9334259ec9c4ab79434c3b4d6d9240f7e5d952bddf,53cc7916d121a2ad36cbcabcd5d3bae9be69698b253e6af2eb8da91e58ac3e57,docs/warehouse_cross_aisles_5_routes/execution/south_u_transfer/south_u_transfer_navfnastar_simple.json
south_u_transfer,R03,NavFnAStar,savitzky_golay,new_20261003,True,42.93,6.963777427827235,0.026937252312810134,0.08228246300721942,0.08130941132751723,0.07448946344075003,7.151161554604809,14.29500741204263,37.61498556371627,10.929772584664146,27.7246714714987,0.16464466339406925,0,0,0.0,be659c378379be16fffaab9334259ec9c4ab79434c3b4d6d9240f7e5d952bddf,49024ec2617f4fa4580e5fb6dc3aaa87eae9eb0c231b79127081da8465b499b5,docs/warehouse_cross_aisles_5_routes/execution/south_u_transfer/south_u_transfer_navfnastar_savitzky_golay.json
south_u_transfer,R03,NavFnAStar,constrained,new_20261003,True,42.972,6.947022858543399,0.033458526202552394,0.10314287272994643,0.08223966697322528,0.07423205689621248,7.16740062676507,20.536362297905843,40.72521685155993,9.524750940823461,28.55939155451677,0.17079994476667312,0,0,0.045000000000000005,be659c378379be16fffaab9334259ec9c4ab79434c3b4d6d9240f7e5d952bddf,918a4bf27e295dc3d02c5fa99f59cf2e86a9eba66bced06dedad5b1dc9f70ff9,docs/warehouse_cross_aisles_5_routes/execution/south_u_transfer/south_u_transfer_navfnastar_constrained.json
south_u_transfer,R03,NavFnAStar,pstmo,new_20261003,True,40.137,6.894556281943914,0.030270142258146122,0.06939345459381659,0.09636123126682898,0.028277504380296303,7.051127247909446,3.426264256289789,5.34265433933384,2.898701944061108,4.927542099852605,0.2146446641391273,0,0,0.132,be659c378379be16fffaab9334259ec9c4ab79434c3b4d6d9240f7e5d952bddf,69007fb6a5b3b69059d75342a2dd7cf82cf2c93a1fea62aebba4be5c263cddb4,docs/warehouse_cross_aisles_5_routes/execution/south_u_transfer/south_u_transfer_navfnastar_pstmo.json
south_u_transfer,R03,NavFnDijkstra,raw,new_20261003,True,45.921,6.95822973190738,0.030722560752947867,0.06799545237857754,0.08283718884442094,0.08610588285334231,7.169116527022141,33.082298943549795,211.17659070300022,13.713712484950685,61.31839726216313,0.1449222268733815,0,0,0.0,e5ad6d5c222d7030c7a1a4dbc5227e885ba5227b225d1237a0e9711fecc57b83,e5ad6d5c222d7030c7a1a4dbc5227e885ba5227b225d1237a0e9711fecc57b83,docs/warehouse_cross_aisles_5_routes/execution/south_u_transfer/south_u_transfer_navfndijkstra_raw.json
south_u_transfer,R03,NavFnDijkstra,simple,new_20261003,True,45.78,6.924261090841151,0.029964458377354623,0.07384722500401127,0.07632631619169572,0.09075798965719639,7.1030924024783255,4.389827634084972,8.653709483048523,3.8674509302674904,8.096988891698278,0.23390290478282266,0,0,0.006,e5ad6d5c222d7030c7a1a4dbc5227e885ba5227b225d1237a0e9711fecc57b83,6beabec6d05eb90ac76234666801ccd38a441b101e57b309d01df68a2b83a032,docs/warehouse_cross_aisles_5_routes/execution/south_u_transfer/south_u_transfer_navfndijkstra_simple.json
south_u_transfer,R03,NavFnDijkstra,savitzky_golay,new_20261003,True,46.113,6.971413225077259,0.027645332513058,0.06371028477667348,0.0782305902643704,0.07459435127290302,7.1366668597819505,10.975876928678657,27.02613643206051,8.547604091138906,21.429446119265673,0.2146446641391273,0,0,0.0,e5ad6d5c222d7030c7a1a4dbc5227e885ba5227b225d1237a0e9711fecc57b83,1252664f2031fef5a67e7d8a6309b32a39358bac57038b40fed83ff426c4c9cd,docs/warehouse_cross_aisles_5_routes/execution/south_u_transfer/south_u_transfer_navfndijkstra_savitzky_golay.json
south_u_transfer,R03,NavFnDijkstra,constrained,new_20261003,True,46.365,6.9690401821148,0.028864187969418365,0.06345124886341119,0.08037145575389151,0.08757053799024117,7.151213838891671,10.518641506398255,35.86380810816729,8.906462479386084,27.852704485155552,0.2146446641391273,0,0,0.027000000000000003,e5ad6d5c222d7030c7a1a4dbc5227e885ba5227b225d1237a0e9711fecc57b83,7c309596144945968245e26939f70e712aaa8697a7ec9b2736ef673e38c50848,docs/warehouse_cross_aisles_5_routes/execution/south_u_transfer/south_u_transfer_navfndijkstra_constrained.json
south_u_transfer,R03,NavFnDijkstra,pstmo,new_20261003,True,42.558,6.89198553393297,0.024401359682961813,0.06021810149501253,0.08395676163034779,0.019254645162491535,7.027995783342862,3.150832951365181,5.805904157644455,2.9642431822217548,5.401943492067043,0.2146446641391273,0,0,0.111,e5ad6d5c222d7030c7a1a4dbc5227e885ba5227b225d1237a0e9711fecc57b83,22d324369c56389c9e3d8ddf5215cd837c5b9fdc02336b553b6face0ef3d18e5,docs/warehouse_cross_aisles_5_routes/execution/south_u_transfer/south_u_transfer_navfndijkstra_pstmo.json
south_u_transfer,R03,ThetaStar,raw,new_20261003,True,43.401,6.965183798842123,0.022957277914393708,0.04085235966390999,0.08940217180417136,0.07276017881240728,7.103477847559156,18.833067537994193,73.60407116404346,14.559562602010603,48.76211487045854,0.1449222268733815,0,0,0.0,36c08bf24abccee694117031456a3fbf418defa72b695a2098ae98b36569919c,36c08bf24abccee694117031456a3fbf418defa72b695a2098ae98b36569919c,docs/warehouse_cross_aisles_5_routes/execution/south_u_transfer/south_u_transfer_thetastar_raw.json
south_u_transfer,R03,ThetaStar,simple,new_20261003,True,41.169000000000004,6.8715279247669985,0.018939606898906624,0.037141020898065584,0.09003537710270886,0.03953059574445583,6.989252843309028,2.08031944696895,4.153674097503933,2.1237464770822583,4.136570635591981,0.2146446641391273,0,0,0.0,36c08bf24abccee694117031456a3fbf418defa72b695a2098ae98b36569919c,b6dab0f12d1d58e92a55c1f9cc64e03392d577ac6adb2c3a92211a0b67d508dd,docs/warehouse_cross_aisles_5_routes/execution/south_u_transfer/south_u_transfer_thetastar_simple.json
south_u_transfer,R03,ThetaStar,savitzky_golay,new_20261003,True,43.824000000000005,6.933525508444256,0.018991297362114648,0.039566657540085266,0.08267977433459314,0.03997270026570088,7.0544557113563515,4.394932853856753,7.862947340939885,3.5256775218078684,7.23826521413722,0.21959563989254183,0,0,0.0,36c08bf24abccee694117031456a3fbf418defa72b695a2098ae98b36569919c,03c9aa61b86eb01625b609647bb32e3b1651242554760a093e2abeeaa11f1d1c,docs/warehouse_cross_aisles_5_routes/execution/south_u_transfer/south_u_transfer_thetastar_savitzky_golay.json
south_u_transfer,R03,ThetaStar,constrained,new_20261003,True,44.730000000000004,6.966141714443743,0.018714310996730883,0.056746476317496235,0.07782183787104746,0.027012202772573657,7.09494904113162,14.473354826489885,25.933293410176503,8.602719505207391,18.883961253998866,0.23390290478282266,0,0,0.024,36c08bf24abccee694117031456a3fbf418defa72b695a2098ae98b36569919c,e1694b94d493f8b9e62e281da12a219deabc2ccd682e5af0f9c4a25c6c67a80b,docs/warehouse_cross_aisles_5_routes/execution/south_u_transfer/south_u_transfer_thetastar_constrained.json
south_u_transfer,R03,ThetaStar,pstmo,new_20261003,True,42.342000000000006,6.882210671270486,0.024074621169276767,0.06009387794739645,0.09211658451581697,0.025012121589164993,6.98852751096232,3.1144364960249824,5.707395820095557,3.0202655955819107,5.411636941062953,0.18825146149581692,0,0,0.10500000000000001,36c08bf24abccee694117031456a3fbf418defa72b695a2098ae98b36569919c,c2a8dcf9a2a312209750f8e1d2d2cf561d8afc203d373f35eadfd019b6ccd8ca,docs/warehouse_cross_aisles_5_routes/execution/south_u_transfer/south_u_transfer_thetastar_pstmo.json
south_u_transfer,R03,Smac2D,raw,new_20261003,True,45.138000000000005,6.7658706807164775,0.032725172737807624,0.07093555872052858,0.07905899443618469,0.09066957944743947,6.945016508321872,2.066852825391142,5.726006405935424,2.128114653131855,5.658970486654901,0.17677669793081488,0,0,0.0,453e35a2ab75d493646c9da4c5217adafdc66d5b0672f93872619b1cbb77d1f8,453e35a2ab75d493646c9da4c5217adafdc66d5b0672f93872619b1cbb77d1f8,docs/warehouse_cross_aisles_5_routes/execution/south_u_transfer/south_u_transfer_smac2d_raw.json
south_u_transfer,R03,Smac2D,simple,new_20261003,True,43.965,6.7196821109409175,0.029657900828258883,0.06764667042131829,0.08422875472451037,0.08080577994028237,6.885217326226228,1.6757797960822358,4.3574544818439875,1.741067785374754,4.346261543120663,0.1449222268733815,0,0,0.0,453e35a2ab75d493646c9da4c5217adafdc66d5b0672f93872619b1cbb77d1f8,56169c86e44741727c9f3dee85414c1f37ab41e7b42a5beb33d0e3cb6faa482c,docs/warehouse_cross_aisles_5_routes/execution/south_u_transfer/south_u_transfer_smac2d_simple.json
south_u_transfer,R03,Smac2D,savitzky_golay,new_20261003,True,45.846000000000004,6.7856496496454675,0.032173607123369675,0.0650629248922203,0.07860011058374251,0.0859071694868323,6.943499400953766,1.797274459098466,5.3499725701518654,1.9192108413421107,5.312069005967619,0.17677669793081488,0,0,0.0,453e35a2ab75d493646c9da4c5217adafdc66d5b0672f93872619b1cbb77d1f8,49faa2ed3b259e2d845a272cd4ad7e343fb1bd729a32c9e69fd931adf85a948b,docs/warehouse_cross_aisles_5_routes/execution/south_u_transfer/south_u_transfer_smac2d_savitzky_golay.json
south_u_transfer,R03,Smac2D,constrained,new_20261003,True,46.428000000000004,6.885393431467727,0.03280479629888783,0.05981983315989351,0.08398497697128036,0.08723905216117767,7.061313427510134,2.2420627467369783,6.113676167144532,2.3167424995836465,5.972738782793962,0.23390290478282266,0,0,0.027000000000000003,453e35a2ab75d493646c9da4c5217adafdc66d5b0672f93872619b1cbb77d1f8,ff68f29fa7c3ccef0083fe9fe3a2c134e2830a379b0faf08f1fbbed572a6e664,docs/warehouse_cross_aisles_5_routes/execution/south_u_transfer/south_u_transfer_smac2d_constrained.json
south_u_transfer,R03,Smac2D,pstmo,new_20261003,True,42.738,6.691847058619035,0.0301682000594322,0.06124986482094174,0.08597575387740372,0.08263687901852634,6.858687591292158,2.6589018816735654,5.248152045171199,2.507611795464896,4.917926009451596,0.1449222268733815,0,0,0.10500000000000001,453e35a2ab75d493646c9da4c5217adafdc66d5b0672f93872619b1cbb77d1f8,fa3ba5da5d76c8f99511a4544e8971c7e6bf651842b5672945a38505e580fc09,docs/warehouse_cross_aisles_5_routes/execution/south_u_transfer/south_u_transfer_smac2d_pstmo.json
south_u_transfer,R03,SmacHybrid,raw,new_20261003,True,40.86,6.850882986465269,0.033923550451805416,0.1085360669590693,0.09722756237146796,0.04652118520793702,7.068549648119657,2.8572235555558576,7.84046028006876,5.072327604010197,9.209365484925897,0.2146446641391273,0,0,0.0,7c859bfa6b4d4fd737fa9541aaa5bd37331134de552ed42759a781ccaa32e2d3,7c859bfa6b4d4fd737fa9541aaa5bd37331134de552ed42759a781ccaa32e2d3,docs/warehouse_cross_aisles_5_routes/execution/south_u_transfer/south_u_transfer_smachybrid_raw.json
south_u_transfer,R03,SmacHybrid,simple,new_20261003,True,38.277,6.7813904005934065,0.027400673552886445,0.06771904303211336,0.09594714508538484,0.049348287380224676,6.93491632882652,1.6702007569344701,3.2194577862453175,2.43929373488961,3.7134180557117604,0.17079994476667312,0,0,0.0,7c859bfa6b4d4fd737fa9541aaa5bd37331134de552ed42759a781ccaa32e2d3,9020fbca2e2b6e8d7db17102123886bfa5e9c18a8a42d0832b27d96481d72b9a,docs/warehouse_cross_aisles_5_routes/execution/south_u_transfer/south_u_transfer_smachybrid_simple.json
south_u_transfer,R03,SmacHybrid,savitzky_golay,new_20261003,True,39.696000000000005,6.853477608080878,0.032084496918474564,0.09409691773801733,0.09083449154786274,0.0071539930683375275,7.055119983084677,2.1812531087595097,4.849010338749457,3.5130169474637074,5.75324611190136,0.2146446641391273,0,0,0.0,7c859bfa6b4d4fd737fa9541aaa5bd37331134de552ed42759a781ccaa32e2d3,fcc7e2991cbb925f854414ee1919a31d6e89825407ee826b13e02a2639b2c276,docs/warehouse_cross_aisles_5_routes/execution/south_u_transfer/south_u_transfer_smachybrid_savitzky_golay.json
south_u_transfer,R03,SmacHybrid,constrained,new_20261003,True,40.266000000000005,6.877843118782671,0.03106476408887246,0.09037129052955413,0.09212387145197774,0.002515850636882533,7.068910952473945,2.828255386625695,6.001275954817114,3.4791356642988025,6.941489461301156,0.2146446641391273,0,0,0.012,7c859bfa6b4d4fd737fa9541aaa5bd37331134de552ed42759a781ccaa32e2d3,4173f465d1faeb63b3088f9c75d33cd8b5c3485a913a6cdfb9ca05bc342ca81a,docs/warehouse_cross_aisles_5_routes/execution/south_u_transfer/south_u_transfer_smachybrid_constrained.json
south_u_transfer,R03,SmacHybrid,pstmo,new_20261003,False,39.801,6.835285751179117,0.026198903759947642,0.05930555286351774,0.10238477128626383,0.023824725499199895,6.97997807380416,3.475973397355763,5.262268460987997,3.101010510553585,4.8434851760412485,0.17677669793081488,0,0,0.063,7c859bfa6b4d4fd737fa9541aaa5bd37331134de552ed42759a781ccaa32e2d3,a2d39c87a05da2956dfd08d0099b9391961dca30639081873a114d1190bd9e98,docs/warehouse_cross_aisles_5_routes/execution/south_u_transfer/south_u_transfer_smachybrid_pstmo.json
reverse_diagonal_transfer,R04,NavFnAStar,raw,new_20261003,True,54.24,9.557163177693072,0.028844909134811574,0.058441367085953114,0.07920274603236364,0.0704795292776479,9.774461841737828,45.066667621234814,260.4355030059062,19.341893178874685,79.07981873490887,0.1449222268733815,0,0,0.0,8c0bb4866c1c4af8124c4719017ad40b3ddd7bc1e09387579fca1a116d7bd5ff,8c0bb4866c1c4af8124c4719017ad40b3ddd7bc1e09387579fca1a116d7bd5ff,docs/warehouse_cross_aisles_5_routes/execution/reverse_diagonal_transfer/reverse_diagonal_transfer_navfnastar_raw.json
reverse_diagonal_transfer,R04,NavFnAStar,simple,new_20261003,True,53.415000000000006,9.541517357340014,0.0335901511649894,0.07829288283939304,0.0845762046719257,0.08693796355661565,9.672343450797706,6.277002249821975,14.491176228794394,5.379126345133453,13.018785477750635,0.2146446641391273,0,0,0.003,8c0bb4866c1c4af8124c4719017ad40b3ddd7bc1e09387579fca1a116d7bd5ff,bfb72c9c7ad75b0534a3b89e5b6c530780e7274810d04dcbd7c1b516274e92d5,docs/warehouse_cross_aisles_5_routes/execution/reverse_diagonal_transfer/reverse_diagonal_transfer_navfnastar_simple.json
reverse_diagonal_transfer,R04,NavFnAStar,savitzky_golay,new_20261003,True,53.922000000000004,9.572829445108967,0.031254052410628466,0.07130226311088277,0.08090261143492587,0.09190202627045019,9.730099841382431,14.490950109881553,53.28052637202254,10.758229910386628,42.179305999745054,0.18825146149581692,0,0,0.0,8c0bb4866c1c4af8124c4719017ad40b3ddd7bc1e09387579fca1a116d7bd5ff,42a86b5b1db740b31d41fa9c9ab01b9b11719ae5967228352d4f7cade0252695,docs/warehouse_cross_aisles_5_routes/execution/reverse_diagonal_transfer/reverse_diagonal_transfer_navfnastar_savitzky_golay.json
reverse_diagonal_transfer,R04,NavFnAStar,constrained,new_20261003,True,54.219,9.549064564586848,0.032251775065636236,0.07453467847674827,0.08898841334428131,0.0906294623732753,9.757667643879154,19.938673889806,91.62444725048664,15.616513561957978,63.73226713234163,0.16464466339406925,0,0,0.039,8c0bb4866c1c4af8124c4719017ad40b3ddd7bc1e09387579fca1a116d7bd5ff,99b8000212776cff9d91d0d88810f496ab2d3dca67b9e61cc7a616de82f729ec,docs/warehouse_cross_aisles_5_routes/execution/reverse_diagonal_transfer/reverse_diagonal_transfer_navfnastar_constrained.json
reverse_diagonal_transfer,R04,NavFnAStar,pstmo,new_20261003,True,53.550000000000004,9.485264759242867,0.02884609604629307,0.05937815889462965,0.08682673118284782,0.08206970327790741,9.64875650884423,2.4543054235562005,3.52452756215926,2.3836620286756185,3.3323400549019504,0.2146446641391273,0,0,0.078,8c0bb4866c1c4af8124c4719017ad40b3ddd7bc1e09387579fca1a116d7bd5ff,e11d118d0d6ce6435dd08ae695f35a9727c749451b31d613785709906f99329f,docs/warehouse_cross_aisles_5_routes/execution/reverse_diagonal_transfer/reverse_diagonal_transfer_navfnastar_pstmo.json
reverse_diagonal_transfer,R04,NavFnDijkstra,raw,new_20261003,True,51.183,9.488594246567422,0.026512499848689912,0.062182616187782466,0.07055891217126391,0.08878886769143368,9.66224536817339,33.1725015402494,113.59797791877469,12.504921649028837,40.934885359012036,0.1449222268733815,0,0,0.0,d88af14cb63f2258fa13e42a0175a6b0563bf75f8030b226658bcff6e66b2884,d88af14cb63f2258fa13e42a0175a6b0563bf75f8030b226658bcff6e66b2884,docs/warehouse_cross_aisles_5_routes/execution/reverse_diagonal_transfer/reverse_diagonal_transfer_navfndijkstra_raw.json
reverse_diagonal_transfer,R04,NavFnDijkstra,simple,new_20261003,True,50.622,9.480408696758799,0.025509799717411342,0.0464326775205876,0.07975185025258867,0.08730465757576078,9.611624962563676,3.2894167020919216,7.374951410400133,3.0381245625276536,6.915309016156155,0.23390290478282266,0,0,0.003,d88af14cb63f2258fa13e42a0175a6b0563bf75f8030b226658bcff6e66b2884,1b2d8023178e51b2396017c4708b86303dc8c9a5a05f3cf63e58a8cf51cf16b1,docs/warehouse_cross_aisles_5_routes/execution/reverse_diagonal_transfer/reverse_diagonal_transfer_navfndijkstra_simple.json
reverse_diagonal_transfer,R04,NavFnDijkstra,savitzky_golay,new_20261003,True,50.949000000000005,9.482733128922266,0.028094804050030127,0.059339447645783125,0.0750767995966578,0.07542513304424237,9.641331035888323,7.092579540740265,22.541146030558707,6.140715881446992,18.17325341625433,0.2146446641391273,0,0,0.0,d88af14cb63f2258fa13e42a0175a6b0563bf75f8030b226658bcff6e66b2884,2f2451f4d58f72e19471acaf158239d607e39b481bbaf97cdf80a7480d838742,docs/warehouse_cross_aisles_5_routes/execution/reverse_diagonal_transfer/reverse_diagonal_transfer_navfndijkstra_savitzky_golay.json
reverse_diagonal_transfer,R04,NavFnDijkstra,constrained,new_20261003,True,50.910000000000004,9.495154762840604,0.029710560220986844,0.06409832123522984,0.07973860758038218,0.08281796484319437,9.655923557840701,9.20114592585065,23.970314012904172,7.918526400437779,20.33477935090444,0.23390290478282266,0,0,0.030000000000000002,d88af14cb63f2258fa13e42a0175a6b0563bf75f8030b226658bcff6e66b2884,2f67b3a3cc2f1c3d75137d7401417d4051289d5b980804f894a550c48ff516d2,docs/warehouse_cross_aisles_5_routes/execution/reverse_diagonal_transfer/reverse_diagonal_transfer_navfndijkstra_constrained.json
reverse_diagonal_transfer,R04,NavFnDijkstra,pstmo,new_20261003,True,46.182,9.450269444938076,0.026459718081373977,0.0614171172882179,0.08477358270902206,0.09262791208103849,9.551789449677774,2.21715683016226,2.8338543622183403,2.088121780176991,2.6757930631573954,0.2146446641391273,0,0,0.042,d88af14cb63f2258fa13e42a0175a6b0563bf75f8030b226658bcff6e66b2884,42a3b629a60cdcaf1b6cccee3781811b9ae048ff8f24f99feca4a6beae296c35,docs/warehouse_cross_aisles_5_routes/execution/reverse_diagonal_transfer/reverse_diagonal_transfer_navfndijkstra_pstmo.json
reverse_diagonal_transfer,R04,ThetaStar,raw,new_20261003,False,44.625,9.419381371289674,0.025666594074201,0.04405160555449704,0.10023371805080009,0.09341820298957494,9.567907749965977,16.493402461966824,30.317152340247446,14.616126540497667,24.60567601322726,0.10606601875848895,0,0,0.0,7212a1d84be4026bebfea8f0acc385c058d4895fa51fc321a7e5d61918ee921a,7212a1d84be4026bebfea8f0acc385c058d4895fa51fc321a7e5d61918ee921a,docs/warehouse_cross_aisles_5_routes/execution/reverse_diagonal_transfer/reverse_diagonal_transfer_thetastar_raw.json
reverse_diagonal_transfer,R04,ThetaStar,simple,new_20261003,True,43.521,9.411308780787166,0.025823852745509097,0.04499757969128325,0.09273078655100794,0.06498823469950143,9.512878436073231,1.4028734445090782,1.7362206380419298,1.4068736195094733,1.7216277113393053,0.2146446641391273,0,0,0.0,7212a1d84be4026bebfea8f0acc385c058d4895fa51fc321a7e5d61918ee921a,3f79c92d88d7b8e0a6ccc1867e8fb018b6fb09a02eb9ac1eaff8a36c7057248e,docs/warehouse_cross_aisles_5_routes/execution/reverse_diagonal_transfer/reverse_diagonal_transfer_thetastar_simple.json
reverse_diagonal_transfer,R04,ThetaStar,savitzky_golay,new_20261003,True,45.606,9.435464850722274,0.023246805124603104,0.038348709492011274,0.08329745087831049,0.05166782057403996,9.54397761341668,3.9382733718488923,4.424198091251426,3.148422926578506,4.082787804906303,0.2146446641391273,0,0,0.0,7212a1d84be4026bebfea8f0acc385c058d4895fa51fc321a7e5d61918ee921a,b15ad399dc2c3595687558a4193673c00761967f90b0e10ce226cf6fea07f08d,docs/warehouse_cross_aisles_5_routes/execution/reverse_diagonal_transfer/reverse_diagonal_transfer_thetastar_savitzky_golay.json
reverse_diagonal_transfer,R04,ThetaStar,constrained,new_20261003,True,46.662000000000006,9.433819613332954,0.027554237718567128,0.06036349596879581,0.0872954985870306,0.0017962849337993523,9.585482373017218,8.811425908703253,15.64607820898118,9.067097252449114,14.898367102992701,0.2146446641391273,0,0,0.036000000000000004,7212a1d84be4026bebfea8f0acc385c058d4895fa51fc321a7e5d61918ee921a,e69497d142de5978cdead43b25a3a9691d50f4c0c595ec13259af03b400da286,docs/warehouse_cross_aisles_5_routes/execution/reverse_diagonal_transfer/reverse_diagonal_transfer_thetastar_constrained.json
reverse_diagonal_transfer,R04,ThetaStar,pstmo,new_20261003,True,44.154,9.405405280615994,0.01693909931016252,0.03500835945952778,0.09065361208687403,0.07109733086889092,9.51346910571422,1.9590219130588633,2.0345539013744314,1.8184693102796547,1.906520088301582,0.17677669793081488,0,0,0.12000000000000001,7212a1d84be4026bebfea8f0acc385c058d4895fa51fc321a7e5d61918ee921a,b6a26eab94224bf097bc70608ff1843c847d047959a3d6ec56ea7a51c7121181,docs/warehouse_cross_aisles_5_routes/execution/reverse_diagonal_transfer/reverse_diagonal_transfer_thetastar_pstmo.json
reverse_diagonal_transfer,R04,Smac2D,raw,new_20261003,True,57.966,9.754853977269834,0.030764037558830597,0.06419943607695593,0.08095623214004785,0.10250542448384037,9.918617323650013,2.32385769984505,5.945717312383033,2.507003060131542,5.90074039902908,0.17677669793081488,0,0,0.0,b02b1f4dda8b0fa572b52a152c7f8d00c5b9026464015a2a640603b7604e9c6a,b02b1f4dda8b0fa572b52a152c7f8d00c5b9026464015a2a640603b7604e9c6a,docs/warehouse_cross_aisles_5_routes/execution/reverse_diagonal_transfer/reverse_diagonal_transfer_smac2d_raw.json
reverse_diagonal_transfer,R04,Smac2D,simple,new_20261003,True,54.255,9.697374701112636,0.032962977101626295,0.07225590820149705,0.07682940847953044,0.07857340790951639,9.85692439064687,1.6757896334899067,4.07331194168622,1.7681327807704887,4.057816534760756,0.1449222268733815,0,0,0.0,b02b1f4dda8b0fa572b52a152c7f8d00c5b9026464015a2a640603b7604e9c6a,78d5d437f0ac9ebdc34563009e16dae7c9070a320baf6670b14c2e58b013255e,docs/warehouse_cross_aisles_5_routes/execution/reverse_diagonal_transfer/reverse_diagonal_transfer_smac2d_simple.json
reverse_diagonal_transfer,R04,Smac2D,savitzky_golay,new_20261003,True,57.018,9.749870427020259,0.028915660585946707,0.05980483687088004,0.08195781289148808,0.07910389525238815,9.916815555127254,2.187701475360091,5.609902172003781,2.195283727524197,5.59007063817086,0.17677669793081488,0,0,0.0,b02b1f4dda8b0fa572b52a152c7f8d00c5b9026464015a2a640603b7604e9c6a,675840eb088688e4a3336a5bcba3fda150cca3500df566c59f104cc783c75473,docs/warehouse_cross_aisles_5_routes/execution/reverse_diagonal_transfer/reverse_diagonal_transfer_smac2d_savitzky_golay.json
reverse_diagonal_transfer,R04,Smac2D,constrained,new_20261003,True,57.834,9.81181653540282,0.033249001485211316,0.06994913754917896,0.08099028536498497,0.08530811602307309,10.004990696562363,2.2932105111913796,6.32298687664099,2.256096937996356,6.274358735185923,0.23390290478282266,0,0,0.027000000000000003,b02b1f4dda8b0fa572b52a152c7f8d00c5b9026464015a2a640603b7604e9c6a,b56fc6d65d19dfe4e7f1f528359c42b4e8faaa9683a1a74862e9195300c101b5,docs/warehouse_cross_aisles_5_routes/execution/reverse_diagonal_transfer/reverse_diagonal_transfer_smac2d_constrained.json
reverse_diagonal_transfer,R04,Smac2D,pstmo,new_20261003,True,50.13,9.587577564761297,0.02722091465940846,0.06258573569030557,0.0901621150990676,0.09749484054940871,9.745294836884353,2.6532637369400263,3.641788703649348,2.54180798632281,3.4844606936737836,0.1449222268733815,0,0,0.114,b02b1f4dda8b0fa572b52a152c7f8d00c5b9026464015a2a640603b7604e9c6a,683e365d3cf9febd06154c325cd561cb885e2dc687a8712d0990f6e96a150a97,docs/warehouse_cross_aisles_5_routes/execution/reverse_diagonal_transfer/reverse_diagonal_transfer_smac2d_pstmo.json
reverse_diagonal_transfer,R04,SmacHybrid,raw,new_20261003,True,45.096000000000004,9.577715821228498,0.03907010682791752,0.07467968634359304,0.09978424821488889,0.037190150858251725,9.761300032171226,2.857160650791228,7.254520640881352,5.040104085619172,8.784731750390913,0.21959563989254183,0,0,0.0,9b8e0403b7c374bcdf0a796b0d5e556022a15f1fff34607a3cb1a37f2247d641,9b8e0403b7c374bcdf0a796b0d5e556022a15f1fff34607a3cb1a37f2247d641,docs/warehouse_cross_aisles_5_routes/execution/reverse_diagonal_transfer/reverse_diagonal_transfer_smachybrid_raw.json
reverse_diagonal_transfer,R04,SmacHybrid,simple,new_20261003,True,43.488,9.522389784464314,0.023897019058056076,0.04519405273840058,0.09222578106395007,0.010238003221544556,9.657110923232912,1.3765504953172805,2.2750761936726414,1.8918613065336873,2.6268328729411077,0.18825146149581692,0,0,0.0,9b8e0403b7c374bcdf0a796b0d5e556022a15f1fff34607a3cb1a37f2247d641,bbafa39b0a4609cde22392aee50285cb0bae39879cb1f7a473cb0c04f67e5fca,docs/warehouse_cross_aisles_5_routes/execution/reverse_diagonal_transfer/reverse_diagonal_transfer_smachybrid_simple.json
reverse_diagonal_transfer,R04,SmacHybrid,savitzky_golay,new_20261003,True,44.826,9.579136355594658,0.032338297673164,0.06254761494698781,0.08785632912021651,0.02533041183059881,9.74710766284565,1.9732462468311487,4.133736580715702,2.651040633617488,5.026227249906194,0.21959563989254183,0,0,0.0,9b8e0403b7c374bcdf0a796b0d5e556022a15f1fff34607a3cb1a37f2247d641,8892dd0fc00ecd05bdaddd47de2b3c01ed6aca632552ce3d2aea48b5ffeaaf34,docs/warehouse_cross_aisles_5_routes/execution/reverse_diagonal_transfer/reverse_diagonal_transfer_smachybrid_savitzky_golay.json
reverse_diagonal_transfer,R04,SmacHybrid,constrained,new_20261003,True,44.508,9.589752919645555,0.031814712508473085,0.0576790228044246,0.09080799495007943,0.0768055808961583,9.759444126768615,1.8646597143288208,3.966803682394374,2.385839269449994,4.664084295441472,0.23390290478282266,0,0,0.015000000000000001,9b8e0403b7c374bcdf0a796b0d5e556022a15f1fff34607a3cb1a37f2247d641,d500d2d0bf9ec285c24b2bb6f4106dd0e1a5a925d8abbc2d88e3b1d6174a8cc8,docs/warehouse_cross_aisles_5_routes/execution/reverse_diagonal_transfer/reverse_diagonal_transfer_smachybrid_constrained.json
reverse_diagonal_transfer,R04,SmacHybrid,pstmo,new_20261003,True,44.556000000000004,9.527688431321238,0.022627986298415,0.04306716720125172,0.0847971476741015,0.03845485331184828,9.629992943278202,2.1648009447817413,2.4315888447463503,2.007255995067008,2.311317826198734,0.2146446641391273,0,0,0.114,9b8e0403b7c374bcdf0a796b0d5e556022a15f1fff34607a3cb1a37f2247d641,9389c21e20f245e4e4943400da6191a510c1be9ecdc59d170ba66f2b353e252f,docs/warehouse_cross_aisles_5_routes/execution/reverse_diagonal_transfer/reverse_diagonal_transfer_smachybrid_pstmo.json
cross_to_picking_turn,R05,NavFnAStar,raw,new_20261003,True,42.711000000000006,6.887920394239355,0.021116868792315086,0.053320186544249956,0.0290027123546276,0.08077333454771041,7.068984684882034,60.9829029574945,460.17988043263915,26.043384473628166,89.50838514417313,0.16464466339406925,0,0,0.0,19a98c9a2bf973aa918e056a97de2cdc4c40725bcfa0bb43679b95c83c32ebe0,19a98c9a2bf973aa918e056a97de2cdc4c40725bcfa0bb43679b95c83c32ebe0,docs/warehouse_cross_aisles_5_routes/execution/cross_to_picking_turn/cross_to_picking_turn_navfnastar_raw.json
cross_to_picking_turn,R05,NavFnAStar,simple,new_20261003,True,39.963,6.817057881296783,0.026086571459847815,0.06105673648449241,0.045197467813160884,0.08880676007256416,6.96858768464966,38.116863795453746,47.2738557750997,7.112580084660467,16.305721599509262,0.16464466339406925,0,0,0.003,19a98c9a2bf973aa918e056a97de2cdc4c40725bcfa0bb43679b95c83c32ebe0,ca5772ecdfbf5ac7796a616f163a17354584012b02261132302c1bd9f1a2e51e,docs/warehouse_cross_aisles_5_routes/execution/cross_to_picking_turn/cross_to_picking_turn_navfnastar_simple.json
cross_to_picking_turn,R05,NavFnAStar,savitzky_golay,new_20261003,True,41.646,6.884285199525663,0.02414224552107279,0.06769656453250737,0.029560068133726865,0.08753247976279144,7.017206447562217,61.74015467677875,120.54083928526441,22.14803223394866,52.217688256639065,0.12275854577833645,0,0,0.0,19a98c9a2bf973aa918e056a97de2cdc4c40725bcfa0bb43679b95c83c32ebe0,dcc350d35140158b862298e6ce9ae1000e32717216559c354c37dd39a7a41597,docs/warehouse_cross_aisles_5_routes/execution/cross_to_picking_turn/cross_to_picking_turn_navfnastar_savitzky_golay.json
cross_to_picking_turn,R05,NavFnAStar,constrained,new_20261003,True,41.721000000000004,6.8705697037582985,0.02691415130327013,0.08150958737803843,0.04779684792094198,0.07787976042228893,7.02119640782991,25.809872783698818,70.81394181704381,13.679078612500286,48.82397537159438,0.16464466339406925,0,0,0.030000000000000002,19a98c9a2bf973aa918e056a97de2cdc4c40725bcfa0bb43679b95c83c32ebe0,bbd7f71872ff586b1e415234f0d32d27158dff1cd2211d7293f8bc6f5d401a68,docs/warehouse_cross_aisles_5_routes/execution/cross_to_picking_turn/cross_to_picking_turn_navfnastar_constrained.json
cross_to_picking_turn,R05,NavFnAStar,pstmo,new_20261003,True,40.098,6.80302865114325,0.022835122103513655,0.04380603398889809,0.04284726938239272,0.06633189145170038,6.896816125977667,2.490931007380211,3.510252910836036,2.4254524278043075,3.3559190803528525,0.23390290478282266,0,0,0.09000000000000001,19a98c9a2bf973aa918e056a97de2cdc4c40725bcfa0bb43679b95c83c32ebe0,6b72790ed808c855854eaa0b6c20863589f684d2265cac8f2e62806cc8b05874,docs/warehouse_cross_aisles_5_routes/execution/cross_to_picking_turn/cross_to_picking_turn_navfnastar_pstmo.json
cross_to_picking_turn,R05,NavFnDijkstra,raw,new_20261003,True,40.245000000000005,6.78935073473614,0.0251041749544837,0.07408152544088435,0.031755987512513593,0.08340203374950717,6.945458293478458,32.83911519432495,202.1492758851696,10.611045405069108,46.70429242142556,0.16464466339406925,0,0,0.0,f64142235da84725aa70b509b71929e69f6f67c25242bf73d4f25053efae974f,f64142235da84725aa70b509b71929e69f6f67c25242bf73d4f25053efae974f,docs/warehouse_cross_aisles_5_routes/execution/cross_to_picking_turn/cross_to_picking_turn_navfndijkstra_raw.json
cross_to_picking_turn,R05,NavFnDijkstra,simple,new_20261003,True,39.303000000000004,6.78365957195332,0.024592344195913746,0.06318052594137538,0.03993356770596273,0.07844338343855273,6.880541442547274,4.443334841207313,7.571781283589143,3.729109461117029,6.894265039761972,0.25619225950049973,0,0,0.0,f64142235da84725aa70b509b71929e69f6f67c25242bf73d4f25053efae974f,cb3b4f8a6d3b84571aae94f9e92096815e75f8a5adbc77efd4fc37d0ad0cec23,docs/warehouse_cross_aisles_5_routes/execution/cross_to_picking_turn/cross_to_picking_turn_navfndijkstra_simple.json
cross_to_picking_turn,R05,NavFnDijkstra,savitzky_golay,new_20261003,True,41.121,6.7950131648406025,0.02162127025603893,0.07238402149582608,0.03212946127147675,0.08937707304821198,6.91322667006636,10.293145798871892,28.361580765867636,8.35844333308446,22.941080853942754,0.2146446641391273,0,0,0.0,f64142235da84725aa70b509b71929e69f6f67c25242bf73d4f25053efae974f,9b37c7595099b9228d8b01f7665bceafd504476b1ddd2aa1d4f32b3d0601da6f,docs/warehouse_cross_aisles_5_routes/execution/cross_to_picking_turn/cross_to_picking_turn_navfndijkstra_savitzky_golay.json
cross_to_picking_turn,R05,NavFnDijkstra,constrained,new_20261003,True,39.798,6.779160295699439,0.027771804538119237,0.07726377170533923,0.036118009517772,0.07311311112464769,6.927062087621594,12.318697273162481,34.02245573398369,9.909909835956205,28.307963119833197,0.2146446641391273,0,0,0.024,f64142235da84725aa70b509b71929e69f6f67c25242bf73d4f25053efae974f,8cce64955a58ee9be94c645d8e72d17f375b77d498df409d741d1db4034f07cf,docs/warehouse_cross_aisles_5_routes/execution/cross_to_picking_turn/cross_to_picking_turn_navfndijkstra_constrained.json
cross_to_picking_turn,R05,NavFnDijkstra,pstmo,new_20261003,True,36.246,6.728402046799507,0.02010345253734657,0.04758501858789575,0.04244271146369912,0.09755430382848586,6.804542833957538,1.9795306145971618,2.0026836149380687,1.9171441837721892,1.9423847280155868,0.2146446641391273,0,0,0.078,f64142235da84725aa70b509b71929e69f6f67c25242bf73d4f25053efae974f,e74c1cfdebdc60106ea691350777df703d741990b08151d47a7aeb618993a8b7,docs/warehouse_cross_aisles_5_routes/execution/cross_to_picking_turn/cross_to_picking_turn_navfndijkstra_pstmo.json
cross_to_picking_turn,R05,ThetaStar,raw,new_20261003,True,38.769000000000005,6.806191013476825,0.016622324734302356,0.038190247014368836,0.05058872630240711,0.09612364771481641,6.880642880211881,18.58616458386267,37.58871716879303,12.330718158139264,23.72469751323097,0.1449222268733815,0,0,0.0,1aa4863bedc0794c107a003fdc8eb475aa1c220c8daf162e3d0ef4c9b0fe3416,1aa4863bedc0794c107a003fdc8eb475aa1c220c8daf162e3d0ef4c9b0fe3416,docs/warehouse_cross_aisles_5_routes/execution/cross_to_picking_turn/cross_to_picking_turn_thetastar_raw.json
cross_to_picking_turn,R05,ThetaStar,simple,new_20261003,True,36.582,6.740317528899217,0.02104184047422521,0.05631704619965871,0.049512608319248134,0.057208391929172826,6.816976736291978,2.290577579631518,2.360792959219009,2.403439053665369,2.3538851402908767,0.2146446641391273,0,0,0.003,1aa4863bedc0794c107a003fdc8eb475aa1c220c8daf162e3d0ef4c9b0fe3416,a03abf0ba853aa2346775affcba07e1b5570f7d8c28226feadee67dff970361e,docs/warehouse_cross_aisles_5_routes/execution/cross_to_picking_turn/cross_to_picking_turn_thetastar_simple.json
cross_to_picking_turn,R05,ThetaStar,savitzky_golay,new_20261003,True,39.273,6.785706335713724,0.01723873581387433,0.05199254424182614,0.04458723004122132,0.06855735837661814,6.856885246779603,4.145228598540814,5.68256723230056,4.061247774041561,5.326931225970793,0.2474873771031409,0,0,0.0,1aa4863bedc0794c107a003fdc8eb475aa1c220c8daf162e3d0ef4c9b0fe3416,bdf3aca5b1bd7aa7fa1e7bc34ac44aede26e5e38ddcd30ada4b2be413063021a,docs/warehouse_cross_aisles_5_routes/execution/cross_to_picking_turn/cross_to_picking_turn_thetastar_savitzky_golay.json
cross_to_picking_turn,R05,ThetaStar,constrained,new_20261003,True,39.120000000000005,6.796643242639908,0.01862540337201603,0.05123732282494438,0.04304628409869652,0.06267372618952205,6.879070204192226,14.993925904113844,15.644017196855804,7.224322011210207,9.841713939856938,0.2474873771031409,0,0,0.009000000000000001,1aa4863bedc0794c107a003fdc8eb475aa1c220c8daf162e3d0ef4c9b0fe3416,536a1683cfe07581e48f7cc7ef8c71db665226f4b1632f942746c47bf8f626e7,docs/warehouse_cross_aisles_5_routes/execution/cross_to_picking_turn/cross_to_picking_turn_thetastar_constrained.json
cross_to_picking_turn,R05,ThetaStar,pstmo,new_20261003,True,39.132000000000005,6.74130927988194,0.018952512931364407,0.057978155630194976,0.04856099135745977,0.027864751692696643,6.819691659123025,2.4746130477770203,2.835078492472819,2.316536731947964,2.6820453318940016,0.23390290478282266,0,0,0.063,1aa4863bedc0794c107a003fdc8eb475aa1c220c8daf162e3d0ef4c9b0fe3416,f67750f476b740e082e0fc055309054ce739719ea402b8a213c393a978640d8e,docs/warehouse_cross_aisles_5_routes/execution/cross_to_picking_turn/cross_to_picking_turn_thetastar_pstmo.json
cross_to_picking_turn,R05,Smac2D,raw,new_20261003,True,42.831,6.833428639083441,0.02742131975342016,0.07259319434603216,0.03338653593531271,0.0775738423905894,6.957449050138332,2.298235753172078,4.067534619090573,2.3025189168290736,4.039492663690563,0.2146446641391273,0,0,0.0,fdb471343bb46c918bcc1c11f7e498791ef3bc890aac4c94ca5b70dfe577bf9a,fdb471343bb46c918bcc1c11f7e498791ef3bc890aac4c94ca5b70dfe577bf9a,docs/warehouse_cross_aisles_5_routes/execution/cross_to_picking_turn/cross_to_picking_turn_smac2d_raw.json
cross_to_picking_turn,R05,Smac2D,simple,new_20261003,True,42.801,6.789827669091659,0.028249569877743425,0.07390690789706493,0.03335214891979821,0.08085039177512865,6.91518619990803,1.6757961190224435,2.9738691439178955,1.781330415436061,2.963152382138355,0.17677669793081488,0,0,0.0,fdb471343bb46c918bcc1c11f7e498791ef3bc890aac4c94ca5b70dfe577bf9a,75f2fb910dd549992c07c0223905c7041ba530a7896d4c0036a9c1313d556a24,docs/warehouse_cross_aisles_5_routes/execution/cross_to_picking_turn/cross_to_picking_turn_smac2d_simple.json
cross_to_picking_turn,R05,Smac2D,savitzky_golay,new_20261003,True,42.765,6.84644425701258,0.027332622377826594,0.06545309189184945,0.027037757358015346,0.08991336724325882,6.956201807992217,2.1653097396309344,3.8022122386592416,2.1780453854742516,3.7846820990176666,0.2146446641391273,0,0,0.0,fdb471343bb46c918bcc1c11f7e498791ef3bc890aac4c94ca5b70dfe577bf9a,dc27247b59d5331e3e61fc79b15f2d1a783c358ae22e54ffeae54a5c7fa052f7,docs/warehouse_cross_aisles_5_routes/execution/cross_to_picking_turn/cross_to_picking_turn_smac2d_savitzky_golay.json
cross_to_picking_turn,R05,Smac2D,constrained,new_20261003,True,42.153000000000006,6.8397459077050105,0.03135360590029559,0.08838283085210451,0.03641199553157243,0.08941628098731291,6.985227888727861,2.3931198598763994,3.985742453740018,2.2479389727765646,3.943602567966231,0.23390290478282266,0,0,0.018000000000000002,fdb471343bb46c918bcc1c11f7e498791ef3bc890aac4c94ca5b70dfe577bf9a,5cc658c93b511409906362e3541f61caf7a27d1518274b46662f31f2bb97ec8f,docs/warehouse_cross_aisles_5_routes/execution/cross_to_picking_turn/cross_to_picking_turn_smac2d_constrained.json
cross_to_picking_turn,R05,Smac2D,pstmo,new_20261003,True,40.416000000000004,6.746823105326931,0.02748477256711955,0.061179166719256675,0.04469236545047231,0.05779828299194679,6.842606791214344,2.8481721462740146,2.922152679879631,2.585352011501922,2.7458672421036936,0.1449222268733815,0,0,0.069,fdb471343bb46c918bcc1c11f7e498791ef3bc890aac4c94ca5b70dfe577bf9a,76d88c48ce187125557ba934d567170b7a599e4099be046aa9876f88f253d5f9,docs/warehouse_cross_aisles_5_routes/execution/cross_to_picking_turn/cross_to_picking_turn_smac2d_pstmo.json
cross_to_picking_turn,R05,SmacHybrid,raw,new_20261003,True,36.789,6.996523350416219,0.015836040379702303,0.03613667116554998,0.05665860859158864,0.06911505038340193,7.063356532568769,2.857173915979376,3.515799601299148,3.5946423374471115,3.551693207898714,0.2474873771031409,0,0,0.0,77b0ec9f84fa0a6b560f54f0e0c9069dfc8734b2239a26c32d69d2f07f780a6b,77b0ec9f84fa0a6b560f54f0e0c9069dfc8734b2239a26c32d69d2f07f780a6b,docs/warehouse_cross_aisles_5_routes/execution/cross_to_picking_turn/cross_to_picking_turn_smachybrid_raw.json
cross_to_picking_turn,R05,SmacHybrid,simple,new_20261003,True,32.601,6.9691009028920785,0.015010141679840433,0.040190213621588165,0.06003367426933584,0.08982339051968169,7.017485247878725,1.3713547164661635,1.071937520792496,1.7586830107149307,1.1931561838333349,0.2474873771031409,0,0,0.003,77b0ec9f84fa0a6b560f54f0e0c9069dfc8734b2239a26c32d69d2f07f780a6b,3108278a39c2da13d1a18bf3c97aca5bc72c4660661b2b026d14a3bf420c2182,docs/warehouse_cross_aisles_5_routes/execution/cross_to_picking_turn/cross_to_picking_turn_smachybrid_simple.json
cross_to_picking_turn,R05,SmacHybrid,savitzky_golay,new_20261003,True,35.304,6.995161654552414,0.02036177616390981,0.04002023408512728,0.057979798783790615,0.04922367142914852,7.057207356610899,2.4214396400374216,2.1906416597607064,2.656584572481066,2.323962839381233,0.2474873771031409,0,0,0.0,77b0ec9f84fa0a6b560f54f0e0c9069dfc8734b2239a26c32d69d2f07f780a6b,83353ddffc74755aa8f15fcce8a6bfacfee5b3e4b6c211c7fc0230e7ded74cbd,docs/warehouse_cross_aisles_5_routes/execution/cross_to_picking_turn/cross_to_picking_turn_smachybrid_savitzky_golay.json
cross_to_picking_turn,R05,SmacHybrid,constrained,new_20261003,True,33.873000000000005,6.980838800270644,0.017431442196993465,0.037029899391269785,0.06057185426270802,0.009918620001994949,7.063388070612065,2.273333596184996,2.2961216183182103,2.7582886967189717,2.528390898666202,0.2474873771031409,0,0,0.030000000000000002,77b0ec9f84fa0a6b560f54f0e0c9069dfc8734b2239a26c32d69d2f07f780a6b,12d1d94fcf1f8c0cc53428545eede371fa08eff8c0fe456785d1fe748c7b4d45,docs/warehouse_cross_aisles_5_routes/execution/cross_to_picking_turn/cross_to_picking_turn_smachybrid_constrained.json
cross_to_picking_turn,R05,SmacHybrid,pstmo,new_20261003,True,32.556000000000004,6.95846035421515,0.014577086871875328,0.04006373747781172,0.054172834675247986,0.0646518424203142,6.9916600087190295,0.8582392180400902,0.9249515593979022,0.8473741936888993,0.9067552925137,0.2146446641391273,0,0,0.08700000000000001,77b0ec9f84fa0a6b560f54f0e0c9069dfc8734b2239a26c32d69d2f07f780a6b,ba06781f1b991803002011370bef01d104ce926cd670114d37c0818028b2a4ea,docs/warehouse_cross_aisles_5_routes/execution/cross_to_picking_turn/cross_to_picking_turn_smachybrid_pstmo.json
