algorithm_time_s,curvature_energy_1pm,deviation_max_m,deviation_rmse_m,error,max_abs_curvature_1pm,method,metric_spacing_m,native_point_count,output_path_sha256,path_length_m,pivot_competitive_candidates,pivot_corners,pivot_g2_transitions,pivot_max_footprint_cost,pivot_mean_transition_score,pivot_output_points,pivot_pivots,pivot_runtime_s,pivot_valid_candidates,planner,point_count,raw_path_sha256,repetition,scenario,success,wall_time_s
0.003,0.0,6.938893903907228e-18,5.703735654108328e-19,,0.0,raw,0.05,147,add2ed7455133f04c01841cf099b6b1df721535004bdbce80ec899711a5b8c65,7.300000108778477,,,,,,,,,,ThetaStar,148,add2ed7455133f04c01841cf099b6b1df721535004bdbce80ec899711a5b8c65,1,straight_lower_aisle,True,0.004401586998938001
0.0,0.0,6.938893903907228e-18,5.703735654108328e-19,,0.0,simple,0.05,147,add2ed7455133f04c01841cf099b6b1df721535004bdbce80ec899711a5b8c65,7.300000108778477,,,,,,,,,,ThetaStar,148,add2ed7455133f04c01841cf099b6b1df721535004bdbce80ec899711a5b8c65,1,straight_lower_aisle,True,0.005615637001028517
0.0,2.524352150757912e-26,1.3322676295501878e-15,8.866770324764645e-16,,7.105411899280466e-13,savitzky_golay,0.05,147,9d9963921d672f848bbbce000581e77dffdd9b861cf4ce221db68ecefa6e5f7f,7.300000108778477,,,,,,,,,,ThetaStar,148,add2ed7455133f04c01841cf099b6b1df721535004bdbce80ec899711a5b8c65,1,straight_lower_aisle,True,0.003965134999816655
0.0,0.0,6.938893903907228e-18,5.703735654108328e-19,,0.0,constrained,0.05,147,add2ed7455133f04c01841cf099b6b1df721535004bdbce80ec899711a5b8c65,7.300000108778477,,,,,,,,,,ThetaStar,148,add2ed7455133f04c01841cf099b6b1df721535004bdbce80ec899711a5b8c65,1,straight_lower_aisle,True,0.004160693999438081
0.003,0.0,6.938893903907228e-18,5.703735654108328e-19,,0.0,pivot_g2,0.05,148,f8d586166ebc2f39179c841ca7d09e963884e93a373a07a9887063a473599054,7.300000108778477,0,0,0,200,0,148,0,0.000127746,0,ThetaStar,148,add2ed7455133f04c01841cf099b6b1df721535004bdbce80ec899711a5b8c65,1,straight_lower_aisle,True,0.004821205999178346
0.003,12.138576666130517,4.440892098500626e-16,9.99278793868207e-17,,9.863537468001397,raw,0.05,68,7f8db06446639d742403d117f9c1fab020f33d31b3834bd821b2a5b30c2fd3b6,3.8683436744480577,,,,,,,,,,ThetaStar,79,7f8db06446639d742403d117f9c1fab020f33d31b3834bd821b2a5b30c2fd3b6,1,crate_detour,True,0.003390690999367507
0.0,1.686682373962275,0.03457297979983675,0.01053766004196429,,1.6224265460598053,simple,0.05,68,dc1c9e66d1160e97e89d1b40ef9e8e2c2e3a4555c8081fa1197b8ae4b3224288,3.8304827714379397,,,,,,,,,,ThetaStar,78,7f8db06446639d742403d117f9c1fab020f33d31b3834bd821b2a5b30c2fd3b6,1,crate_detour,True,0.0026329140000598272
0.0,3.167745431813206,0.012077343974447829,0.002776452721434416,,2.653939714260079,savitzky_golay,0.05,68,d88b48abda821a809ffcbe2d05f7d66ef6e1d4de87ebd7ab35926f9fe46b127e,3.8578646806502856,,,,,,,,,,ThetaStar,79,7f8db06446639d742403d117f9c1fab020f33d31b3834bd821b2a5b30c2fd3b6,1,crate_detour,True,0.0038628319998679217
0.003,1.8640334345355996,0.03382560688324926,0.015798579887399168,,1.3644267695382046,constrained,0.05,68,91980c8a691117042ecaf50b35626ceb14c7d9cdb91f87d1d126324c5d8db204,3.874395980858607,,,,,,,,,,ThetaStar,79,7f8db06446639d742403d117f9c1fab020f33d31b3834bd821b2a5b30c2fd3b6,1,crate_detour,True,0.007197478000307456
0.003,3.9625474045243543,0.016087897245085303,0.0029584959395048288,,2.5681883408775388,pivot_g2,0.05,183,7dcac9f1277791ed62c061fa3f0108b999129db82dcf67b9778151f0314c453c,3.8553668638352034,19,7,7,200,0.974089,183,0,0.00290907,45,ThetaStar,79,7f8db06446639d742403d117f9c1fab020f33d31b3834bd821b2a5b30c2fd3b6,1,crate_detour,True,0.00849658900006034
0.003,23.87058952795239,2.220446049250313e-16,4.04438252565071e-17,,14.931846648030852,raw,0.05,64,a299e1e7dd5588157e5a2ac2fc4890eb31b101a5da017be804e3ae85f391b60d,3.530643425136016,,,,,,,,,,ThetaStar,72,a299e1e7dd5588157e5a2ac2fc4890eb31b101a5da017be804e3ae85f391b60d,1,vertical_rack_detour,True,0.002496018001693301
0.0,2.69980353777387,0.044072077855329184,0.013308686049750855,,2.293623360186472,simple,0.05,64,f56472744b66b0292da2b5175b194e5cfb5d66c9a80b6328cdbb0424356192bb,3.4646457659623295,,,,,,,,,,ThetaStar,71,a299e1e7dd5588157e5a2ac2fc4890eb31b101a5da017be804e3ae85f391b60d,1,vertical_rack_detour,True,0.004160534999755328
0.0,6.554474460229572,0.012676580913731242,0.0031457652171464788,,4.241276717628401,savitzky_golay,0.05,64,58bf12dca4e20b30f753aca11b3d42945c770ebb005b103cc3136ddd52671357,3.5117239907177593,,,,,,,,,,ThetaStar,72,a299e1e7dd5588157e5a2ac2fc4890eb31b101a5da017be804e3ae85f391b60d,1,vertical_rack_detour,True,0.0025658550002845004
0.003,5.392965780501481,0.03412586597790765,0.020411183982538664,,5.821461258258319,constrained,0.05,64,ec2bbcbd025b30b1da874046f8aaa7127abf3f08abaf74554d772465d618195f,3.5178381912862036,,,,,,,,,,ThetaStar,72,a299e1e7dd5588157e5a2ac2fc4890eb31b101a5da017be804e3ae85f391b60d,1,vertical_rack_detour,True,0.005228471000009449
0.0,8.041783288738452,0.033655060302978275,0.006122941818113916,,6.160423033766875,pivot_g2,0.05,168,801e5501e28491c6b3915a99f14958a31dbf0b793977f869e1f42eabfd213621,3.501618474462215,14,6,5,200,0.9636,168,1,0.00181381,25,ThetaStar,72,a299e1e7dd5588157e5a2ac2fc4890eb31b101a5da017be804e3ae85f391b60d,1,vertical_rack_detour,True,0.0059218860005785245
0.003,9.530291928849314,2.220446049250313e-16,6.341108682771403e-17,,6.643693474215089,raw,0.05,120,65aaa283caed754a8bb3966a6b85ab75445919f82ba672dca47878e621bb4791,6.09131844125298,,,,,,,,,,ThetaStar,123,65aaa283caed754a8bb3966a6b85ab75445919f82ba672dca47878e621bb4791,1,horizontal_rack_detour,True,0.0034280410000064876
0.0,1.889525106270428,0.03230289833691292,0.008133944054384425,,1.7630170993106318,simple,0.05,120,6712a8c20b1fc0dcaa0c93b3a7411cf9cfd9d6cd47667a7adefd5dc621240780,6.056375742432696,,,,,,,,,,ThetaStar,123,65aaa283caed754a8bb3966a6b85ab75445919f82ba672dca47878e621bb4791,1,horizontal_rack_detour,True,0.004995227000108571
0.0,2.960311540742575,0.006054739778988966,0.001418125707843634,,2.423044196634234,savitzky_golay,0.05,120,78d7377be3f69d8d7a1a38a2964f63e7328af99e84f62d733806fe8ddfae68f7,6.08550583428731,,,,,,,,,,ThetaStar,123,65aaa283caed754a8bb3966a6b85ab75445919f82ba672dca47878e621bb4791,1,horizontal_rack_detour,True,0.004659357000491582
0.006,2.5971722267750983,0.040916998086207794,0.014212948203775116,,2.9250842836670796,constrained,0.05,120,dcc9b04919babdd803e9ce90146d926e913d13b8f3c66033a13e02c5976c595c,6.096362962674666,,,,,,,,,,ThetaStar,123,65aaa283caed754a8bb3966a6b85ab75445919f82ba672dca47878e621bb4791,1,horizontal_rack_detour,True,0.008625808999568108
0.003,5.921932801020326,0.013257416396934325,0.004213117611255582,,5.35963694813357,pivot_g2,0.05,181,072dd82e610148e891df9d113ea5e57f6ed5bbd0d441bb8b942bcc7c638d57b2,6.085466506322992,9,7,4,200,1,181,3,0.00148164,22,ThetaStar,123,65aaa283caed754a8bb3966a6b85ab75445919f82ba672dca47878e621bb4791,1,horizontal_rack_detour,True,0.005809270998724969
0.003,10.586468416278914,1.6653345369377348e-16,3.2300595708537726e-17,,9.250310114884396,raw,0.05,95,c822244724d7cdacecb1bb00cfdbec119fa871ae56f86dc726b5492033d970fe,4.804138924663965,,,,,,,,,,ThetaStar,98,c822244724d7cdacecb1bb00cfdbec119fa871ae56f86dc726b5492033d970fe,1,right_rack_detour,True,0.003222928000468528
0.0,2.1132032467520028,0.03899918485629024,0.00959186287674576,,1.9794215068088645,simple,0.05,95,0d2b5fca29c24039dc9b4f191de317cc3db56168206dd855db0c6e668f99eff1,4.765797971185257,,,,,,,,,,ThetaStar,97,c822244724d7cdacecb1bb00cfdbec119fa871ae56f86dc726b5492033d970fe,1,right_rack_detour,True,0.003208382999218884
0.0,2.9273428443473986,0.009817754106654973,0.0018296988328444955,,2.7775261891175456,savitzky_golay,0.05,95,32bd40a56e6d870cfb8bdee770d54ecfb44245759b1a878cc3bb654b38651e7a,4.7975576164903755,,,,,,,,,,ThetaStar,97,c822244724d7cdacecb1bb00cfdbec119fa871ae56f86dc726b5492033d970fe,1,right_rack_detour,True,0.0035566209990065545
0.003,2.2721471387894843,0.042489118484206015,0.015333340947729101,,2.040825207474077,constrained,0.05,95,69c68e9c5babf0557cd239346f2965516723577272cc21ad1dad45d2b78caba0,4.812059078642961,,,,,,,,,,ThetaStar,98,c822244724d7cdacecb1bb00cfdbec119fa871ae56f86dc726b5492033d970fe,1,right_rack_detour,True,0.006255203999899095
0.0,3.5924949216829387,0.0324150966299789,0.013311109938408021,,3.751558766782812,pivot_g2,0.05,151,830ed8543ebbee0a1218dabcb1667dff42f7a7d02807ee7a35e2d1892722ae38,4.79559628646277,8,4,4,200,1,151,0,0.0011684,21,ThetaStar,97,c822244724d7cdacecb1bb00cfdbec119fa871ae56f86dc726b5492033d970fe,1,right_rack_detour,True,0.004851968000366469
0.006,29.713728404822206,4.440892098500626e-16,7.490085566027925e-17,,11.914644724232218,raw,0.05,258,168a173f07855a187d6c2c58eded41b3c5b14207581a7783898b5c0b701bd73f,13.650142300625356,,,,,,,,,,ThetaStar,275,168a173f07855a187d6c2c58eded41b3c5b14207581a7783898b5c0b701bd73f,1,long_southwest_to_northeast,True,0.02529953199882584
0.0,4.163921694297389,0.03804404378173487,0.00850379491533607,,2.0812606257319244,simple,0.05,258,aac70a3eb1d57a0cf06f625073151ebc3558ff4c44c2f5f0d51dab1515220d8a,13.557226606194742,,,,,,,,,,ThetaStar,273,168a173f07855a187d6c2c58eded41b3c5b14207581a7783898b5c0b701bd73f,1,long_southwest_to_northeast,True,0.007854372001020238
0.0,8.851668446413926,0.018731656720177323,0.0021552159038439366,,5.024601027122457,savitzky_golay,0.05,258,db04c76cb8e7084e335eae6aff7d2fc6b39e8252753971180089b3ab93d0642c,13.627644482831244,,,,,,,,,,ThetaStar,274,168a173f07855a187d6c2c58eded41b3c5b14207581a7783898b5c0b701bd73f,1,long_southwest_to_northeast,True,0.011469533999843406
0.012,6.149653954506279,0.030133447158078717,0.009438615663213341,,3.8206150994412527,constrained,0.05,258,92062ca59cd7ef4cbff8335632fd683874dcde748a7a70bfb494dbd8027fe813,13.636584800605325,,,,,,,,,,ThetaStar,274,168a173f07855a187d6c2c58eded41b3c5b14207581a7783898b5c0b701bd73f,1,long_southwest_to_northeast,True,0.018208215000413475
0.003,30.037852105952165,0.03665208598686319,0.009693488290209672,,14.606847838065073,pivot_g2,0.05,460,430a42c791c6f3d2df01ba08cfb66ba63399ff35740a73d8f92b1d53919a3fbe,13.641410726698112,31,18,13,200,1,460,5,0.00418648,83,ThetaStar,274,168a173f07855a187d6c2c58eded41b3c5b14207581a7783898b5c0b701bd73f,1,long_southwest_to_northeast,True,0.012528057999588782
0.003,35.86313346018871,2.220446049250313e-16,3.941311727779985e-17,,13.211045397234837,raw,0.05,259,7624a0bc6b964fcabe219675f37ed371998503fdb10599150e695cde769780e2,13.655353025710083,,,,,,,,,,ThetaStar,275,7624a0bc6b964fcabe219675f37ed371998503fdb10599150e695cde769780e2,1,long_northeast_to_southwest,True,0.008827923998978804
0.003,4.180596131040947,0.036625392833916415,0.008758160776272575,,1.8921730784334378,simple,0.05,259,d93f09fa34c9793dd0f22712e0a864101f196d64017f16b646e7e15ca1d363f1,13.55266185245519,,,,,,,,,,ThetaStar,273,7624a0bc6b964fcabe219675f37ed371998503fdb10599150e695cde769780e2,1,long_northeast_to_southwest,True,0.007572211001388496
0.0,9.615439632368913,0.01486201384118413,0.002318322805683771,,4.038571942491414,savitzky_golay,0.05,259,f2f63d511f90979f3e67dc37d013b77b858b7ff3371fdb27962d4a3fa516b41b,13.625722153920535,,,,,,,,,,ThetaStar,274,7624a0bc6b964fcabe219675f37ed371998503fdb10599150e695cde769780e2,1,long_northeast_to_southwest,True,0.006510203000289039
0.012,6.298425752633718,0.031257552692555604,0.011579973431311178,,4.164416474647219,constrained,0.05,259,e5b0f1fd7982cc0d001bcdd2fd73b433205350fcb4bebd8e1ce3c4d9694923df,13.638153366451794,,,,,,,,,,ThetaStar,274,7624a0bc6b964fcabe219675f37ed371998503fdb10599150e695cde769780e2,1,long_northeast_to_southwest,True,0.017183947000376065
0.006,21.64266702206326,0.013190805467195975,0.001416188837993775,,13.211045397234995,pivot_g2,0.05,526,046db5c5e354b4bda749e4ea2134e60696d92b85de65f73889d69aed7112c8e4,13.638705656278894,34,21,18,200,0.980556,526,3,0.00516521,107,ThetaStar,274,7624a0bc6b964fcabe219675f37ed371998503fdb10599150e695cde769780e2,1,long_northeast_to_southwest,True,0.015148409000175889
0.003,5.1002111312387,4.440892098500626e-16,9.677360986340288e-17,,3.4349646960949354,raw,0.05,214,b44b951f1f0f1074e0aaa7cc3f66a29c15d57fed8b98fe1f14aefdc8d6bd7c20,12.085153966863464,,,,,,,,,,ThetaStar,243,b44b951f1f0f1074e0aaa7cc3f66a29c15d57fed8b98fe1f14aefdc8d6bd7c20,1,crossing_northwest_to_southeast,True,0.007760098000289872
0.0,0.45547820703997566,0.015010734665652496,0.003636870670919907,,0.6708777790248245,simple,0.05,214,7b500bc3656cab94463541f697ef05e8806ac2eecd1d189a895c932543fe9090,12.070657687966037,,,,,,,,,,ThetaStar,243,b44b951f1f0f1074e0aaa7cc3f66a29c15d57fed8b98fe1f14aefdc8d6bd7c20,1,crossing_northwest_to_southeast,True,0.005471426999065443
0.0,1.3845109680217234,0.005211393706604708,0.0011629650496660733,,1.0931732620949273,savitzky_golay,0.05,214,35c72090d3d1cecea67d0e22d9ffd4972f12d76182a32f17a6c81b1937d15e6a,12.079880240350828,,,,,,,,,,ThetaStar,243,b44b951f1f0f1074e0aaa7cc3f66a29c15d57fed8b98fe1f14aefdc8d6bd7c20,1,crossing_northwest_to_southeast,True,0.005292819998430787
0.009000000000000001,0.6557588211011167,0.019133616608167796,0.005718666923033917,,0.8302609007902736,constrained,0.05,214,72c67787a32f4388790890c83bcf458d5caae0df99139e6c0a7384781b83734a,12.083892327539157,,,,,,,,,,ThetaStar,243,b44b951f1f0f1074e0aaa7cc3f66a29c15d57fed8b98fe1f14aefdc8d6bd7c20,1,crossing_northwest_to_southeast,True,0.013310414000443416
0.006,3.302763147542872,0.055709836274717026,0.017554458624060326,,1.8505512907373534,pivot_g2,0.05,430,9c9f6a1fb48f5b4ae702c584ac1999916254b3f158f6bad1fd21118d62846250,12.080805156345736,26,13,13,200,0.946154,430,0,0.00505909,88,ThetaStar,243,b44b951f1f0f1074e0aaa7cc3f66a29c15d57fed8b98fe1f14aefdc8d6bd7c20,1,crossing_northwest_to_southeast,True,0.013106132000757498
0.0,10.393284616382514,2.220446049250313e-16,2.8328685509662797e-17,,10.645834363835602,raw,0.05,127,5589fb3e223a928f4fb9989c8e0410f5ce39bfe2cfe513957fa0c32ff5f7c8f6,6.844286294984423,,,,,,,,,,ThetaStar,138,5589fb3e223a928f4fb9989c8e0410f5ce39bfe2cfe513957fa0c32ff5f7c8f6,1,central_south_to_north,True,0.003643840998847736
0.003,0.7153701772419533,0.030800461798113438,0.005823686373111144,,1.448581680804423,simple,0.05,127,2e65fe2b2d006d28f2e180d4317112efca9b9223874925ad5f4cc5217328a4dc,6.821921027306835,,,,,,,,,,ThetaStar,138,5589fb3e223a928f4fb9989c8e0410f5ce39bfe2cfe513957fa0c32ff5f7c8f6,1,central_south_to_north,True,0.003778349999265629
0.0,1.9025128333016252,0.010359212325773725,0.0015979460782152804,,2.8432617146292185,savitzky_golay,0.05,127,9a74cfafc4e5e6f521e9f9b8e4c658218c9fc2be8d33e7abe0fe7a7dd67290b8,6.83641272902456,,,,,,,,,,ThetaStar,138,5589fb3e223a928f4fb9989c8e0410f5ce39bfe2cfe513957fa0c32ff5f7c8f6,1,central_south_to_north,True,0.004466565000257106
0.003,0.863662731443444,0.03274169056571484,0.012123617991480597,,1.220399151444222,constrained,0.05,127,33b631f1eafb153d9f36bafe7fcf6d88138eba931c2076b2bfc7e6576f17b199,6.845169797587614,,,,,,,,,,ThetaStar,138,5589fb3e223a928f4fb9989c8e0410f5ce39bfe2cfe513957fa0c32ff5f7c8f6,1,central_south_to_north,True,0.007724424998741597
0.0,5.090104165944354,0.03615092394707737,0.015858671949878216,,6.340573464917724,pivot_g2,0.05,194,2176e299856fb86a2afd8744f0d58b27e8e2b2c6f0270efd74b5ed03ec84d86c,6.833079713195753,10,5,3,200,0.956549,194,2,0.001648,20,ThetaStar,138,5589fb3e223a928f4fb9989c8e0410f5ce39bfe2cfe513957fa0c32ff5f7c8f6,1,central_south_to_north,True,0.008518262000507093
0.0,13.870986572076308,2.220446049250313e-16,4.7745371109350785e-17,,8.26565566327993,raw,0.05,127,5947e6176039f34fe93c4e279c1b28d548cf2c869d971f5bf1e3390372e035d4,6.5845954185214275,,,,,,,,,,ThetaStar,133,5947e6176039f34fe93c4e279c1b28d548cf2c869d971f5bf1e3390372e035d4,1,right_south_to_north,True,0.0037628879999829223
0.0,1.538616149658576,0.03178326842389366,0.007636422662908055,,1.9625011099809855,simple,0.05,127,c2e4cd1015d4fc857335871ba815db917e1630461b0d62990729393041dbb3e9,6.547103733462999,,,,,,,,,,ThetaStar,132,5947e6176039f34fe93c4e279c1b28d548cf2c869d971f5bf1e3390372e035d4,1,right_south_to_north,True,0.004036804999486776
0.0,3.687074145297738,0.00922196030987555,0.0017622916932267696,,3.1943424772381164,savitzky_golay,0.05,127,ee6d1d0a7748ffd388f1c088d4b0fca95a3b20beb4e5c4972807022b0047e737,6.575339777001091,,,,,,,,,,ThetaStar,133,5947e6176039f34fe93c4e279c1b28d548cf2c869d971f5bf1e3390372e035d4,1,right_south_to_north,True,0.00434198400034802
0.003,3.0570236052452784,0.019257996581353458,0.007448018018390045,,2.4887925827801127,constrained,0.05,127,1aa7d482f702a2a03ded53200d8db75c8587c843f34cd81367745ba90530f9c5,6.575784615356439,,,,,,,,,,ThetaStar,133,5947e6176039f34fe93c4e279c1b28d548cf2c869d971f5bf1e3390372e035d4,1,right_south_to_north,True,0.00893430299947795
0.003,5.544116484605846,0.006791028944331718,0.0012099926211660739,,3.7512582948085362,pivot_g2,0.05,259,9f3894240c4e382dd938512fc4b6c0bcefaa6b9cc8100c00dab8ab8e4460bf4a,6.5763812030226925,19,10,9,200,1,259,1,0.00294859,53,ThetaStar,133,5947e6176039f34fe93c4e279c1b28d548cf2c869d971f5bf1e3390372e035d4,1,right_south_to_north,True,0.011449965000792872
0.0,0.0,0.0,0.0,,0.0,raw,0.05,57,8e8937e9c159df347bfeb35a8ef5ba9f07427b0a573b34c67b41c67bdab7e75a,2.8000000417232513,,,,,,,,,,ThetaStar,58,8e8937e9c159df347bfeb35a8ef5ba9f07427b0a573b34c67b41c67bdab7e75a,1,upper_open_short,True,0.0024441719997412292
0.0,0.0,0.0,0.0,,0.0,simple,0.05,57,8e8937e9c159df347bfeb35a8ef5ba9f07427b0a573b34c67b41c67bdab7e75a,2.8000000417232513,,,,,,,,,,ThetaStar,58,8e8937e9c159df347bfeb35a8ef5ba9f07427b0a573b34c67b41c67bdab7e75a,1,upper_open_short,True,0.0026627420011209324
0.0,0.0,0.0,0.0,,0.0,savitzky_golay,0.05,57,38d167a9cddc73aed4a5d9587122df47491cc11cac9552a7d4b00496f69a366a,2.8000000417232513,,,,,,,,,,ThetaStar,58,8e8937e9c159df347bfeb35a8ef5ba9f07427b0a573b34c67b41c67bdab7e75a,1,upper_open_short,True,0.0027655359990603756
0.0,0.0,0.0,0.0,,0.0,constrained,0.05,57,8e8937e9c159df347bfeb35a8ef5ba9f07427b0a573b34c67b41c67bdab7e75a,2.8000000417232513,,,,,,,,,,ThetaStar,58,8e8937e9c159df347bfeb35a8ef5ba9f07427b0a573b34c67b41c67bdab7e75a,1,upper_open_short,True,0.0028151589995104587
0.0,0.0,0.0,0.0,,0.0,pivot_g2,0.05,58,6de335806f6b7d59090c0852d3544939486942abfe4d5491ea76baf846d5e922,2.8000000417232513,,,,,,,,,,ThetaStar,58,8e8937e9c159df347bfeb35a8ef5ba9f07427b0a573b34c67b41c67bdab7e75a,1,upper_open_short,True,0.0031557689999317518
0.0,10.139551727913762,4.440892098500626e-16,1.0424990832178849e-16,,9.086775345792875,raw,0.05,89,20dfad1b79a4bf460646e09e5329098cbd0b5c6278343d55ea2d05098b468ebc,4.590290824969264,,,,,,,,,,ThetaStar,93,20dfad1b79a4bf460646e09e5329098cbd0b5c6278343d55ea2d05098b468ebc,1,lower_left_diagonal,True,0.002871536000384367
0.0,1.7735313119510328,0.03151575141014538,0.009413078814448137,,1.962658841685122,simple,0.05,89,d3b93295120292a51a4e5bd1b184c0f5bb6dd2001f10fb91d24708431b8b6b6a,4.554076390670286,,,,,,,,,,ThetaStar,93,20dfad1b79a4bf460646e09e5329098cbd0b5c6278343d55ea2d05098b468ebc,1,lower_left_diagonal,True,0.004025974001706345
0.0,3.130439638043494,0.009063263237212054,0.001836758468207754,,3.2892591539010594,savitzky_golay,0.05,89,7d4c237a554d2aa2b5f44da92ccfebb175d16a4ddd8003ba2e6f07f0d703224d,4.583173644429239,,,,,,,,,,ThetaStar,93,20dfad1b79a4bf460646e09e5329098cbd0b5c6278343d55ea2d05098b468ebc,1,lower_left_diagonal,True,0.0035345819997019134
0.006,2.6785366802196395,0.024906989927903172,0.010084625834016592,,2.145485300112047,constrained,0.05,89,69ece2555b6c25aeebbf6b706d668baf17cb03e8cf7c017ee73b42387efefeea,4.592775760182392,,,,,,,,,,ThetaStar,93,20dfad1b79a4bf460646e09e5329098cbd0b5c6278343d55ea2d05098b468ebc,1,lower_left_diagonal,True,0.006085287999667344
0.0,5.076284181244837,0.021860473809287812,0.010622082447180405,,4.8995157360255055,pivot_g2,0.05,148,9b95a616684303349390a679cc521016ac3cf64539c95902267dfc6667242c8f,4.582064139569124,,,,,,,,,,ThetaStar,93,20dfad1b79a4bf460646e09e5329098cbd0b5c6278343d55ea2d05098b468ebc,1,lower_left_diagonal,True,0.0056447449987899745
0.0,1.7763614716181782e-12,0.0,0.0,,5.9604738034203535e-06,raw,0.05,290,be14d93aff78ca16b2f92bbb5d5e98f259e4565841c31705a5b127bd8f5ca41b,7.299999947845938,,,,,,,,,,GridBased,147,be14d93aff78ca16b2f92bbb5d5e98f259e4565841c31705a5b127bd8f5ca41b,1,straight_lower_aisle,True,0.00521198200112849
0.003,5.397380654863941e-14,9.344196971738938e-09,8.933066392227504e-10,,6.392212981154437e-07,simple,0.05,290,91ee51f8939ae83354405ee1b2d9ffdd35d275ad207b441045bbde3cbde626f0,7.2999999478459365,,,,,,,,,,GridBased,147,be14d93aff78ca16b2f92bbb5d5e98f259e4565841c31705a5b127bd8f5ca41b,1,straight_lower_aisle,True,0.008297454000057769
0.0,2.2284348670517425e-13,6.7243886014978216e-09,5.700390583637994e-10,,1.2809257654566832e-06,savitzky_golay,0.05,290,03db3973afa47bbc07a72a16fa7eff76094d57797268a9f1b3e5c41967deffa9,7.2999999478459365,,,,,,,,,,GridBased,147,be14d93aff78ca16b2f92bbb5d5e98f259e4565841c31705a5b127bd8f5ca41b,1,straight_lower_aisle,True,0.007858678000047803
0.0,1.7763614716181782e-12,0.0,0.0,,5.9604738034203535e-06,constrained,0.05,290,be14d93aff78ca16b2f92bbb5d5e98f259e4565841c31705a5b127bd8f5ca41b,7.299999947845938,,,,,,,,,,GridBased,147,be14d93aff78ca16b2f92bbb5d5e98f259e4565841c31705a5b127bd8f5ca41b,1,straight_lower_aisle,True,0.024399432999416604
0.0,5.688865484455407e-26,1.4799098391193866e-08,8.529820412649114e-09,,1.776356839503667e-13,pivot_g2,0.05,147,d0c4b934cab7e7bc2ba152c5bc2239287818340c65b220f11c7ffa9fdb4743a0,7.299999947845936,,,,,,,,,,GridBased,147,be14d93aff78ca16b2f92bbb5d5e98f259e4565841c31705a5b127bd8f5ca41b,1,straight_lower_aisle,True,0.006660085999101284
0.0,46.04737177855979,2.220446049250313e-16,9.614813431917819e-17,,11.32726484143173,raw,0.05,157,2d43c8d9d3c601a6b227938a96cbe29dc4f2c79885646818ae388fadd5548ff9,3.9303063373087306,,,,,,,,,,GridBased,80,2d43c8d9d3c601a6b227938a96cbe29dc4f2c79885646818ae388fadd5548ff9,1,crate_detour,True,0.0036509450001176447
0.0,5.792573135688793,0.014006150228471067,0.004051300922205603,,4.166210088815926,simple,0.05,157,2d53437629e44076f24b582e95e30442939d8687229e1470e9eaabb99e263bb9,3.8913501976506355,,,,,,,,,,GridBased,79,2d43c8d9d3c601a6b227938a96cbe29dc4f2c79885646818ae388fadd5548ff9,1,crate_detour,True,0.006563449000168475
0.0,20.00218480760085,0.006266025167069741,0.0014594724677487042,,9.459161511162337,savitzky_golay,0.05,157,fcbd14240f7f112861000830dc40471074305521c7a66d73b26a667a2709eee7,3.9150170690210504,,,,,,,,,,GridBased,80,2d43c8d9d3c601a6b227938a96cbe29dc4f2c79885646818ae388fadd5548ff9,1,crate_detour,True,0.005121010000948445
0.006,14.275235912211157,0.018919539214985136,0.005522689172431453,,11.249075237697724,constrained,0.05,157,66c34c4441b5a2c7ef23af43a2cae5602873f4a8ab4c1f6b915e3765c5e0a3e7,3.921899915417503,,,,,,,,,,GridBased,80,2d43c8d9d3c601a6b227938a96cbe29dc4f2c79885646818ae388fadd5548ff9,1,crate_detour,True,0.009325914999863016
0.006,47.3243424724922,0.0070439597724640405,0.0024949496022678317,,11.533763592130748,pivot_g2,0.05,259,b5f741bb0892242112325aaf7c585a873921edfed2a969edfe1f31d43c35173a,3.9299503701716008,15,45,8,200,0.95625,259,37,0.00470533,36,GridBased,80,2d43c8d9d3c601a6b227938a96cbe29dc4f2c79885646818ae388fadd5548ff9,1,crate_detour,True,0.013360324999666773
0.0,19.273854441431098,1.1102230246251565e-16,4.11876251692137e-17,,11.665257782698554,raw,0.05,138,dc6c76ce8a5307a7d102a708c0c3716ed26dfbee9bbb6f4bdd250b592c255651,3.4725596158543266,,,,,,,,,,GridBased,71,dc6c76ce8a5307a7d102a708c0c3716ed26dfbee9bbb6f4bdd250b592c255651,1,vertical_rack_detour,True,0.0041368570000486216
0.0,4.377582427499444,0.016696120907306225,0.003584393593011107,,5.5453013946408625,simple,0.05,138,e75249b678614a610aa403a02fbd341ba5a36b6af81d748442f36947d4ecd24c,3.451128814924107,,,,,,,,,,GridBased,71,dc6c76ce8a5307a7d102a708c0c3716ed26dfbee9bbb6f4bdd250b592c255651,1,vertical_rack_detour,True,0.004194264000034309
0.0,13.575340371564497,0.0033496901863436825,0.0008986785912143991,,9.954275446192172,savitzky_golay,0.05,138,5536f4fe921e59e31463b604705bc32d92215a4f996f3c2739b81a1ccbc3cf13,3.4685814168114213,,,,,,,,,,GridBased,71,dc6c76ce8a5307a7d102a708c0c3716ed26dfbee9bbb6f4bdd250b592c255651,1,vertical_rack_detour,True,0.005616430998998112
0.003,7.867099682463329,0.04446540402521614,0.017420824666334284,,5.507556960579554,constrained,0.05,138,3c57bd6fef13676c8629d9daee1fe6d943b151e3e2803e7918458ef3a933832f,3.4892904524501165,,,,,,,,,,GridBased,71,dc6c76ce8a5307a7d102a708c0c3716ed26dfbee9bbb6f4bdd250b592c255651,1,vertical_rack_detour,True,0.009301700998548768
0.003,20.2302556485191,0.014544884241370782,0.005860518118112222,,11.599902327677265,pivot_g2,0.05,216,ad6a3b6669db4fbd27cd8aa5d4d196dd0d8c4ecbf148f45d1743b691390d8919,3.4701491558120634,14,23,8,200,1,216,15,0.00339483,33,GridBased,71,dc6c76ce8a5307a7d102a708c0c3716ed26dfbee9bbb6f4bdd250b592c255651,1,vertical_rack_detour,True,0.010726685000918224
0.0,101.8821277049117,4.440892098500626e-16,6.036540181301671e-17,,21.85241000672994,raw,0.05,249,21cc4cb48fb433bf5f1bb579c9f7d7f4a485f0047a020c6f4d7fd226f3f7d849,6.207132352223753,,,,,,,,,,GridBased,126,21cc4cb48fb433bf5f1bb579c9f7d7f4a485f0047a020c6f4d7fd226f3f7d849,1,horizontal_rack_detour,True,0.0051472239993017865
0.0,7.475682098443688,0.015481684015920405,0.003930933609591634,,4.808838692059182,simple,0.05,249,b3357ab09915ca7ac5ed353eec9dda1d0c2222dcb10739317dd6662dd39ab5a2,6.140585471679679,,,,,,,,,,GridBased,124,21cc4cb48fb433bf5f1bb579c9f7d7f4a485f0047a020c6f4d7fd226f3f7d849,1,horizontal_rack_detour,True,0.006023836000167648
0.0,33.61699913609234,0.007370372294872326,0.001766181143558224,,10.101780757798043,savitzky_golay,0.05,249,5f753bef74a3484a17ccd2fcf1abd99fcf71a5c04078bb3a9518476706a1e2a8,6.174361094394669,,,,,,,,,,GridBased,125,21cc4cb48fb433bf5f1bb579c9f7d7f4a485f0047a020c6f4d7fd226f3f7d849,1,horizontal_rack_detour,True,0.007809153001289815
0.009000000000000001,21.063445526640784,0.010522694551220485,0.002576883168980001,,7.107863662074466,constrained,0.05,249,8827d5fdc9d1fc232feb6fceca7a8f7d6c122e771c453adc680a11209cf89fe5,6.167660384604149,,,,,,,,,,GridBased,125,21cc4cb48fb433bf5f1bb579c9f7d7f4a485f0047a020c6f4d7fd226f3f7d849,1,horizontal_rack_detour,True,0.01471592500092811
0.003,107.92716992423867,0.01735191595053869,0.007953995029748136,,22.207452791262074,pivot_g2,0.05,333,3211b03b5f8b4c8efea1c84a98a128381f8070f12083731571a5a608953dbb49,6.207894455479693,22,54,9,200,0.976315,333,45,0.00311116,40,GridBased,126,21cc4cb48fb433bf5f1bb579c9f7d7f4a485f0047a020c6f4d7fd226f3f7d849,1,horizontal_rack_detour,True,0.009953841999958968
0.0,56.016010192764995,1.942890293094024e-16,3.8591318507370155e-17,,13.692591494588108,raw,0.05,178,f331278ef43395ecaca1280fe38872eca72707a9417dfaa7b4a19cb5a26da4e0,4.898626163389801,,,,,,,,,,GridBased,100,f331278ef43395ecaca1280fe38872eca72707a9417dfaa7b4a19cb5a26da4e0,1,right_rack_detour,True,0.004334795001341263
0.0,5.491401303557697,0.0186117063050145,0.0042922432239772415,,5.439491190921189,simple,0.05,178,549c18a11b4512e18df9f853a4ef7d0ed70655f10e2a6e728ff597427b62fa8b,4.854328330903376,,,,,,,,,,GridBased,99,f331278ef43395ecaca1280fe38872eca72707a9417dfaa7b4a19cb5a26da4e0,1,right_rack_detour,True,0.005067596999651869
0.0,25.41725570177771,0.006796336807282287,0.0018544173596532797,,9.263667605753264,savitzky_golay,0.05,178,5fec2e6a6bf48c290fb4fba8d7d179502759808917945b1bbab28f223707e214,4.8808198281131165,,,,,,,,,,GridBased,99,f331278ef43395ecaca1280fe38872eca72707a9417dfaa7b4a19cb5a26da4e0,1,right_rack_detour,True,0.0059108430014021
0.003,22.24073986791101,0.01034728821124536,0.004428230245349604,,9.53278619073565,constrained,0.05,178,86eba3b1015bd40d87930c7636420c4c6f6da563d33dc8f744586001542e2b0a,4.886225150435173,,,,,,,,,,GridBased,99,f331278ef43395ecaca1280fe38872eca72707a9417dfaa7b4a19cb5a26da4e0,1,right_rack_detour,True,0.009425625999938347
0.003,55.816547456597405,0.03510413360626091,0.01587707601273266,,14.119224525716449,pivot_g2,0.05,182,f6ffcbb5703801efe767500db1d7a011f8e59b368898183ff51b0d83a03a9804,4.896379786035009,4,36,2,200,1,182,34,0.00114887,10,GridBased,100,f331278ef43395ecaca1280fe38872eca72707a9417dfaa7b4a19cb5a26da4e0,1,right_rack_detour,True,0.006745517999661388
0.0,130.2710822085761,8.881784197001252e-16,7.636512971185225e-17,,20.202280903214376,raw,0.05,554,b59cb11aef0589c0798bebaef15651d48aa5e12f3c23ce9b5e9818c37c6557c4,13.82591982371838,,,,,,,,,,GridBased,279,b59cb11aef0589c0798bebaef15651d48aa5e12f3c23ce9b5e9818c37c6557c4,1,long_southwest_to_northeast,True,0.009260319999157218
0.003,13.256728837509941,0.01634795143827375,0.0034466339777810343,,4.682873558143949,simple,0.05,554,d6e832056a147dc4dfc8e842b03a5c3c8653536635f03d15989bb84388f5b43f,13.726994109625894,,,,,,,,,,GridBased,276,b59cb11aef0589c0798bebaef15651d48aa5e12f3c23ce9b5e9818c37c6557c4,1,long_southwest_to_northeast,True,0.012812168000891688
0.003,44.643482253720656,0.005609918499819413,0.0012716808103510413,,9.259187519852253,savitzky_golay,0.05,554,863b35baeff173ea4398439a09da7cf86988b68b60c1e6f717193dcea676a3bf,13.782744262127078,,,,,,,,,,GridBased,277,b59cb11aef0589c0798bebaef15651d48aa5e12f3c23ce9b5e9818c37c6557c4,1,long_southwest_to_northeast,True,0.012824250999983633
0.018000000000000002,36.05367820805639,0.008633877777220121,0.0018975763682087194,,7.2970201744535075,constrained,0.05,554,201dcc5e8444c260c749104a4f4b4d67dd066c97dcc5135ecdde1577e600c771,13.783711200624625,,,,,,,,,,GridBased,277,b59cb11aef0589c0798bebaef15651d48aa5e12f3c23ce9b5e9818c37c6557c4,1,long_southwest_to_northeast,True,0.029965005998747074
0.009000000000000001,107.90818479626894,0.024063937296810396,0.007878918641049067,,19.767411199626775,pivot_g2,0.05,653,b3b8d8c51d14ce505c9f8ea5f04d89a9219ec67d60640c4740b40a7082426a20,13.810916168614954,30,108,17,200,1,653,91,0.0102229,112,GridBased,279,b59cb11aef0589c0798bebaef15651d48aa5e12f3c23ce9b5e9818c37c6557c4,1,long_southwest_to_northeast,True,0.02405825999994704
0.003,90.164351566831,4.440892098500626e-16,5.89213407572247e-17,,19.393504824430707,raw,0.05,546,64bfc725b8f5a9f51e5d422872e31f8bec54aad8053d4a749bf6b3878d4a10d9,13.84058902236635,,,,,,,,,,GridBased,279,64bfc725b8f5a9f51e5d422872e31f8bec54aad8053d4a749bf6b3878d4a10d9,1,long_northeast_to_southwest,True,0.01023165200058429
0.003,10.71709275171787,0.023282516322809692,0.003929030525446568,,4.32257196158752,simple,0.05,546,ef89750220c7750d372fa3bb659026459ad9770b7014f3b6cea888198d51935f,13.749551638025794,,,,,,,,,,GridBased,277,64bfc725b8f5a9f51e5d422872e31f8bec54aad8053d4a749bf6b3878d4a10d9,1,long_northeast_to_southwest,True,0.014399286001207656
0.0,30.78522485964865,0.017926933034333924,0.0017671174422458867,,8.514255764488404,savitzky_golay,0.05,546,05d16cfef9890d0dd8632dabf6506541f3d687ab653c142b6c88cad42a7a1129,13.797718389709804,,,,,,,,,,GridBased,278,64bfc725b8f5a9f51e5d422872e31f8bec54aad8053d4a749bf6b3878d4a10d9,1,long_northeast_to_southwest,True,0.012857857998824329
0.015000000000000001,47.162652745407804,0.03047525356624473,0.0033823081908157505,,16.8601544793145,constrained,0.05,546,747acda2b8f9685ce3a61408b9f8129cec3b2380b4ff3fa4f62d35a18a1e69df,13.81706557289136,,,,,,,,,,GridBased,278,64bfc725b8f5a9f51e5d422872e31f8bec54aad8053d4a749bf6b3878d4a10d9,1,long_northeast_to_southwest,True,0.026548918000116828
0.009000000000000001,79.79872360767871,0.0343030553045176,0.011480118911015108,,17.17983173066438,pivot_g2,0.05,786,4822e33604a98f81542f621747b44229198b6b4492ac9a732dfa386ac458a0e4,13.82655503501428,54,57,30,200,0.988333,786,27,0.00998942,125,GridBased,279,64bfc725b8f5a9f51e5d422872e31f8bec54aad8053d4a749bf6b3878d4a10d9,1,long_northeast_to_southwest,True,0.02659010999923339
0.003,343.51020326418643,4.440892098500626e-16,9.852460345605397e-17,,23.01060778365861,raw,0.05,463,8f774092ca8cd19f4f43ddc68834b323868822944e65714ea8cb91b866e0e97f,12.72738021570756,,,,,,,,,,GridBased,258,8f774092ca8cd19f4f43ddc68834b323868822944e65714ea8cb91b866e0e97f,1,crossing_northwest_to_southeast,True,0.008642344000691082
0.003,24.502441699074687,0.030235591266983265,0.008295551604249827,,4.573283932925954,simple,0.05,463,2fdafd013384653e1e15d5cc6a825c5fed8ec899b6946d38d93c9e436f836d55,12.37251230300007,,,,,,,,,,GridBased,249,8f774092ca8cd19f4f43ddc68834b323868822944e65714ea8cb91b866e0e97f,1,crossing_northwest_to_southeast,True,0.027550345001145615
0.0,135.76060731816256,0.018243401172589217,0.0034283863583744805,,12.963186700513177,savitzky_golay,0.05,463,b58de0ed4831513661cccba4eba038603a075e5685dc443b937958d1e660d34c,12.566306613055211,,,,,,,,,,GridBased,253,8f774092ca8cd19f4f43ddc68834b323868822944e65714ea8cb91b866e0e97f,1,crossing_northwest_to_southeast,True,0.011249518998738495
0.015000000000000001,100.61012321535753,0.03763825233318832,0.00941244200284954,,12.23308543434385,constrained,0.05,463,3739c6417b1f9de2620e72a8e7593a65e1acb89f075271770d26eb18c4be8a62,12.530196831595813,,,,,,,,,,GridBased,252,8f774092ca8cd19f4f43ddc68834b323868822944e65714ea8cb91b866e0e97f,1,crossing_northwest_to_southeast,True,0.023902222999822698
0.006,342.14269585692955,0.018990509628779774,0.007931701048990875,,23.985431607531755,pivot_g2,0.05,592,3dbe0e8c3483924825f067c12e54534481df6f454f9277d1f825cf193c2c0b51,12.720823172293459,27,68,17,200,0.979412,592,51,0.00495242,60,GridBased,258,8f774092ca8cd19f4f43ddc68834b323868822944e65714ea8cb91b866e0e97f,1,crossing_northwest_to_southeast,True,0.01648037000086333
0.0,69.04281061498111,2.220446049250313e-16,3.965425973735828e-17,,21.435755735421946,raw,0.05,267,81d62284b89644fb950571c12145e38b825a8f873f6082f31bd563173a08e7b3,6.8425175544195245,,,,,,,,,,GridBased,139,81d62284b89644fb950571c12145e38b825a8f873f6082f31bd563173a08e7b3,1,central_south_to_north,True,0.006063020999135915
0.0,14.766779700209167,0.02028028115785102,0.0038904973200594873,,12.309014835662651,simple,0.05,267,29875d389b5dec2616ea621acb4f84b242aead64cc2f655b7ced91b824d980b4,6.800551522303143,,,,,,,,,,GridBased,138,81d62284b89644fb950571c12145e38b825a8f873f6082f31bd563173a08e7b3,1,central_south_to_north,True,0.008104811000521295
0.0,31.194727735297395,0.0060346092575756065,0.001387709632136494,,11.03778953504903,savitzky_golay,0.05,267,eeb5c82f36330602d5cb013740c02f4b0a7c42e5e977606c3c5700f8d59cba7d,6.824949644663813,,,,,,,,,,GridBased,138,81d62284b89644fb950571c12145e38b825a8f873f6082f31bd563173a08e7b3,1,central_south_to_north,True,0.007921145999716828
0.009000000000000001,19.857514643484794,0.01605531034556556,0.0036512566860407176,,10.972661905129863,constrained,0.05,267,9afa33da1f7e2b41ccc0d602fa0d499bf0f6dd10291cc56f1a7ace12316ae102,6.831365405117782,,,,,,,,,,GridBased,138,81d62284b89644fb950571c12145e38b825a8f873f6082f31bd563173a08e7b3,1,central_south_to_north,True,0.015725381999800447
0.003,71.05034626762028,0.010543002498213914,0.005259564122678063,,21.933170433130165,pivot_g2,0.05,260,91e56f04a27014a4bca2ec6861f5513f0b3f3c949594baaa625ac40fa43a8b3f,6.842327204963037,6,32,5,200,1,260,27,0.00144124,10,GridBased,139,81d62284b89644fb950571c12145e38b825a8f873f6082f31bd563173a08e7b3,1,central_south_to_north,True,0.0077196349993755575
0.0,50.51848327571568,8.881784197001252e-16,1.0527253102252686e-16,,16.14672471351275,raw,0.05,266,21b17e8f8f2827796c6bf5d94690fcc16a3809dbb403ef5b59510735985223d5,6.650303970600595,,,,,,,,,,GridBased,135,21b17e8f8f2827796c6bf5d94690fcc16a3809dbb403ef5b59510735985223d5,1,right_south_to_north,True,0.005651138999382965
0.0,2.8418120124128583,0.02015040738573328,0.0029698618933056775,,2.872127574233266,simple,0.05,266,3fbf9822f228d579ef239abc31babeda470c55f7e54659d0eed6fbd09da7418e,6.6208566557407345,,,,,,,,,,GridBased,134,21b17e8f8f2827796c6bf5d94690fcc16a3809dbb403ef5b59510735985223d5,1,right_south_to_north,True,0.010058859001219389
0.0,9.960727038295218,0.009117094134149689,0.002046154221196331,,5.913609588435364,savitzky_golay,0.05,266,389c5f4c9f233079e0d423b59929bed6856e6a4af35c8e23f9a8552d83ce456a,6.633833693062027,,,,,,,,,,GridBased,134,21b17e8f8f2827796c6bf5d94690fcc16a3809dbb403ef5b59510735985223d5,1,right_south_to_north,True,0.0076082550003775395
0.012,14.801860597258193,0.012195531875296615,0.002095925482508531,,8.624827039281204,constrained,0.05,266,d23f2aa0848c85c13519b226b802dc20c7c6f7413ecc73207de894353f00efea,6.640382668261501,,,,,,,,,,GridBased,134,21b17e8f8f2827796c6bf5d94690fcc16a3809dbb403ef5b59510735985223d5,1,right_south_to_north,True,0.018638400999407168
0.003,51.45795742691592,0.022924854653632778,0.01037943027655837,,14.691724646671501,pivot_g2,0.05,354,ac66dcc5c2ea5657e879962cb9c8e1d459cfbfa24bdb7c4648c1a182f59e12ab,6.646793033048502,18,46,11,200,1,354,35,0.00375579,40,GridBased,135,21b17e8f8f2827796c6bf5d94690fcc16a3809dbb403ef5b59510735985223d5,1,right_south_to_north,True,0.016158419999555917
0.0,9.208640685884915e-11,0.0,0.0,,4.291536335176199e-05,raw,0.05,110,1d42386cca9a7372817d3620841662533ccd7594b83a2a609ffe355668937b9c,2.7999999850989536,,,,,,,,,,GridBased,57,1d42386cca9a7372817d3620841662533ccd7594b83a2a609ffe355668937b9c,1,upper_open_short,True,0.003914497998266597
0.0,2.797995831056164e-12,6.727822166041619e-08,1.032890788290622e-08,,4.6023853172990104e-06,simple,0.05,110,110ed904ab240ef7d031aa8f3038f84cacf728c995b6690669ecc8369ad4a1ed,2.7999999850988697,,,,,,,,,,GridBased,57,1d42386cca9a7372817d3620841662533ccd7594b83a2a609ffe355668937b9c,1,upper_open_short,True,0.005923801998505951
0.0,1.155217345508268e-11,4.8415617737163075e-08,6.591110026953787e-09,,9.222650732000944e-06,savitzky_golay,0.05,110,0f8fa80675560d80449c602c7150e18465496cf4e9b79527772ecce8a3f2ebc4,2.7999999850988915,,,,,,,,,,GridBased,57,1d42386cca9a7372817d3620841662533ccd7594b83a2a609ffe355668937b9c,1,upper_open_short,True,0.00506944399967324
0.0,9.208640685884915e-11,0.0,0.0,,4.291536335176199e-05,constrained,0.05,110,1d42386cca9a7372817d3620841662533ccd7594b83a2a609ffe355668937b9c,2.7999999850989536,,,,,,,,,,GridBased,57,1d42386cca9a7372817d3620841662533ccd7594b83a2a609ffe355668937b9c,1,upper_open_short,True,0.004937817000609357
0.0,5.377133488725522e-26,1.0537249739428489e-07,6.05742964155003e-08,,3.552713748283655e-13,pivot_g2,0.05,57,6dc2339dac10d593477aec67bd71434797c5c109e9cfd86667a23a364c1ff631,2.7999999850988404,,,,,,,,,,GridBased,57,1d42386cca9a7372817d3620841662533ccd7594b83a2a609ffe355668937b9c,1,upper_open_short,True,0.004271067000445328
0.0,75.39851305976038,1.1102230246251565e-16,2.5337258102033824e-17,,19.09638138878903,raw,0.05,188,eacd42b9295c4637cc4748a5ebab640b48d4812f08a52cdc5430e0638357bc44,4.681507389946505,,,,,,,,,,GridBased,96,eacd42b9295c4637cc4748a5ebab640b48d4812f08a52cdc5430e0638357bc44,1,lower_left_diagonal,True,0.003922411000530701
0.0,15.49329518122034,0.021048461200040783,0.004744793178314282,,8.49177894307765,simple,0.05,188,4b7a2ca5cbd9da6debfc7d6c666b385d17a254825a8c5e90cdb84e367ca8177b,4.638443679621264,,,,,,,,,,GridBased,94,eacd42b9295c4637cc4748a5ebab640b48d4812f08a52cdc5430e0638357bc44,1,lower_left_diagonal,True,0.006523008998556179
0.0,62.96418638216648,0.005204653318933545,0.001592258753113926,,27.655009792022998,savitzky_golay,0.05,188,bfd94c72741559f27e478c07fbba8bb7caedeaa5cf740ce5432cc3dfe019088e,4.681589749450684,,,,,,,,,,GridBased,95,eacd42b9295c4637cc4748a5ebab640b48d4812f08a52cdc5430e0638357bc44,1,lower_left_diagonal,True,0.0066555410012369975
0.006,16.106250977805587,0.01750025679195519,0.003795647207351672,,7.933693227688235,constrained,0.05,188,4d045ebafdae9507da18ec12c07c0f7f1cfb3b3f31654a5a4660797dcb0310fa,4.65849627374577,,,,,,,,,,GridBased,95,eacd42b9295c4637cc4748a5ebab640b48d4812f08a52cdc5430e0638357bc44,1,lower_left_diagonal,True,0.01073775699842372
0.003,78.28590675430347,0.014346252322929324,0.0059811147967899604,,18.422592075667396,pivot_g2,0.05,242,1f40559949fb347c45b535b28deff1f386c16a8d1e31d8db99a6e4a17a6aaa71,4.681080449321687,10,44,6,200,1,242,38,0.00230518,26,GridBased,96,eacd42b9295c4637cc4748a5ebab640b48d4812f08a52cdc5430e0638357bc44,1,lower_left_diagonal,True,0.008394965998377302
