algorithm_time_s,curvature_energy_1pm,deviation_max_m,deviation_rmse_m,error,footprint_clearance_mean_m,footprint_clearance_min_m,footprint_clearance_p05_m,footprint_collision_sample_count,footprint_pose_sample_count,hybrid_pivot_energy,hybrid_pivot_markers,hybrid_pivot_max_cost,hybrid_pivot_safe,hybrid_reason,hybrid_selected,hybrid_simple_energy,hybrid_simple_max_cost,hybrid_simple_safe,max_abs_curvature_1pm,method,metric_spacing_m,native_point_count,output_path_sha256,path_length_m,pivot_competitive_candidates,pivot_corners,pivot_g2_transitions,pivot_marker_count,pivot_max_angle_rad,pivot_max_footprint_cost,pivot_mean_transition_score,pivot_output_points,pivot_pivots,pivot_runtime_s,pivot_total_angle_rad,pivot_valid_candidates,planner,point_count,raw_path_sha256,repetition,scenario,success,translation_curvature_energy_1pm,translation_max_abs_curvature_1pm,translation_path_length_m,translation_segment_count,wall_time_s
0.0,0.0,6.938893903907228e-18,5.703735654108328e-19,,0.7144474719628296,0.685754926252015,0.7146446715897079,0,293,,,,,,,,,,0.0,raw,0.05,147,add2ed7455133f04c01841cf099b6b1df721535004bdbce80ec899711a5b8c65,7.300000108778477,,,,0,0.0,,,,,,0,,ThetaStar,148,add2ed7455133f04c01841cf099b6b1df721535004bdbce80ec899711a5b8c65,1,straight_lower_aisle,True,0.0,0.0,7.300000108778477,1,0.004648586000257637
0.0,0.0,6.938893903907228e-18,5.703735654108328e-19,,0.7144474719628296,0.685754926252015,0.7146446715897079,0,293,,,,,,,,,,0.0,simple,0.05,147,add2ed7455133f04c01841cf099b6b1df721535004bdbce80ec899711a5b8c65,7.300000108778477,,,,0,0.0,,,,,,0,,ThetaStar,148,add2ed7455133f04c01841cf099b6b1df721535004bdbce80ec899711a5b8c65,1,straight_lower_aisle,True,0.0,0.0,7.300000108778477,1,0.004889171999820974
0.0,2.524352150757912e-26,1.3322676295501878e-15,8.866770324764645e-16,,0.7144405037781343,0.685754926252015,0.7146446715897079,0,283,,,,,,,,,,7.105411899280466e-13,savitzky_golay,0.05,147,9d9963921d672f848bbbce000581e77dffdd9b861cf4ce221db68ecefa6e5f7f,7.300000108778477,,,,0,0.0,,,,,,0,,ThetaStar,148,add2ed7455133f04c01841cf099b6b1df721535004bdbce80ec899711a5b8c65,1,straight_lower_aisle,True,2.524352150757912e-26,7.105411899280466e-13,7.300000108778477,1,0.007534162999945693
0.0,0.0,6.938893903907228e-18,5.703735654108328e-19,,0.7144474719628296,0.685754926252015,0.7146446715897079,0,293,,,,,,,,,,0.0,constrained,0.05,147,add2ed7455133f04c01841cf099b6b1df721535004bdbce80ec899711a5b8c65,7.300000108778477,,,,0,0.0,,,,,,0,,ThetaStar,148,add2ed7455133f04c01841cf099b6b1df721535004bdbce80ec899711a5b8c65,1,straight_lower_aisle,True,0.0,0.0,7.300000108778477,1,0.005926562000240665
0.0,0.0,6.938893903907228e-18,5.703735654108328e-19,,0.7144494706076967,0.685754926252015,0.7146446715897079,0,148,,,,,,,,,,0.0,pivot_g2,0.05,148,f8d586166ebc2f39179c841ca7d09e963884e93a373a07a9887063a473599054,7.300000108778477,0,0,0,0,0.0,200,0,148,0,0.000465775,0,0,ThetaStar,148,add2ed7455133f04c01841cf099b6b1df721535004bdbce80ec899711a5b8c65,1,straight_lower_aisle,True,0.0,0.0,7.300000108778477,1,0.004531896000116831
0.003,0.0,6.938893903907228e-18,5.703735654108328e-19,,0.7144474719628296,0.685754926252015,0.7146446715897079,0,293,0,0,0,True,simple_default,simple,0,0,True,0.0,adaptive_hybrid,0.05,147,add2ed7455133f04c01841cf099b6b1df721535004bdbce80ec899711a5b8c65,7.300000108778477,,,,0,0.0,,,,,,0,,ThetaStar,148,add2ed7455133f04c01841cf099b6b1df721535004bdbce80ec899711a5b8c65,1,straight_lower_aisle,True,0.0,0.0,7.300000108778477,1,0.006415988998924149
0.0,18.05299448687164,4.440892098500626e-16,1.3148516175038695e-16,,0.35330933291834277,0.10606601875848895,0.13827312254486798,0,135,,,,,,,,,,13.956952205240771,raw,0.05,68,ea9dca7a3ff310994678f42ba1f3459213181f17bbe29fd9a831eda656e2f44c,3.7920137990609635,,,,0,0.0,,,,,,0,,ThetaStar,77,ea9dca7a3ff310994678f42ba1f3459213181f17bbe29fd9a831eda656e2f44c,1,crate_detour,True,18.05299448687164,13.956952205240771,3.7920137990609635,1,0.001989754999158322
0.0,1.9220447589044192,0.038564600548580776,0.010845830722140149,,0.3622769635234817,0.17677669793081488,0.18825146149581692,0,144,,,,,,,,,,2.0750454846133035,simple,0.05,68,b3e56f04bee56b15a3d938fe87906d4e86a5b1f209ad265ca291e3299e67a8d3,3.7449393245965465,,,,0,0.0,,,,,,0,,ThetaStar,76,ea9dca7a3ff310994678f42ba1f3459213181f17bbe29fd9a831eda656e2f44c,1,crate_detour,True,1.9220447589044192,2.0750454846133035,3.7449393245965465,1,0.002640609000081895
0.0,4.115384858098399,0.012738830024263662,0.0029744593759804035,,0.37700859814514137,0.2146446641391273,0.2146446641391273,0,131,,,,,,,,,,4.147738215452254,savitzky_golay,0.05,68,e88f4c0a40d6bbfe023f3b12fb9ca80a03627e83352543dfc7c7a669d9c36fc8,3.7775736209523965,,,,0,0.0,,,,,,0,,ThetaStar,77,ea9dca7a3ff310994678f42ba1f3459213181f17bbe29fd9a831eda656e2f44c,1,crate_detour,True,4.115384858098399,4.147738215452254,3.7775736209523965,1,0.002561274000981939
0.003,2.115360204028474,0.03496470083722073,0.01960114081472951,,0.4072160994378441,0.2146446641391273,0.22531854584865416,0,129,,,,,,,,,,1.7597887947637492,constrained,0.05,68,3d83844c8c92fe07f9a8c4ae5acc462b519d09deb178de127db05a3c8772c8de,3.795473518603526,,,,0,0.0,,,,,,0,,ThetaStar,77,ea9dca7a3ff310994678f42ba1f3459213181f17bbe29fd9a831eda656e2f44c,1,crate_detour,True,2.115360204028474,1.7597887947637492,3.795473518603526,1,0.005391096001403639
0.003,4.315773698288794,0.05079568372567523,0.010898927902650166,,0.3600081150725422,0.2146446641391273,0.2146446641391273,0,233,,,,,,,,,,4.39001342972244,pivot_g2,0.05,221,7b023a3c2bdfbaab37260478a3c5f2f1a995473a14980aea43b17006ee3b8ef5,3.7537042567757166,28,6,5,1,0.321750554396642,200,0.902725,221,1,0.00172841,0.321750554396642,30,ThetaStar,77,ea9dca7a3ff310994678f42ba1f3459213181f17bbe29fd9a831eda656e2f44c,1,crate_detour,True,3.1841937949456196,3.073824358719529,3.7542672542150473,2,0.006197511000209488
0.003,1.9220447589044192,0.038564600548580776,0.010845830722140149,,0.3622769635234817,0.17677669793081488,0.18825146149581692,0,144,3.18419,1,202,True,simple_default,simple,1.92204,221,True,2.0750454846133035,adaptive_hybrid,0.05,68,b3e56f04bee56b15a3d938fe87906d4e86a5b1f209ad265ca291e3299e67a8d3,3.7449393245965465,,,,0,0.0,,,,,,0,,ThetaStar,76,ea9dca7a3ff310994678f42ba1f3459213181f17bbe29fd9a831eda656e2f44c,1,crate_detour,True,1.9220447589044192,2.0750454846133035,3.7449393245965465,1,0.00603565999881539
0.0,23.87058952795239,2.220446049250313e-16,4.04438252565071e-17,,0.37643715229605246,0.07644806095482698,0.11464466264901119,0,127,,,,,,,,,,14.931846648030852,raw,0.05,64,a299e1e7dd5588157e5a2ac2fc4890eb31b101a5da017be804e3ae85f391b60d,3.530643425136016,,,,0,0.0,,,,,,0,,ThetaStar,72,a299e1e7dd5588157e5a2ac2fc4890eb31b101a5da017be804e3ae85f391b60d,1,vertical_rack_detour,True,23.87058952795239,14.931846648030852,3.530643425136016,1,0.0024567180007579736
0.0,2.69980353777387,0.044072077855329184,0.013308686049750855,,0.3810786937404516,0.11464466264901119,0.11464466264901119,0,120,,,,,,,,,,2.293623360186472,simple,0.05,64,f56472744b66b0292da2b5175b194e5cfb5d66c9a80b6328cdbb0424356192bb,3.4646457659623295,,,,0,0.0,,,,,,0,,ThetaStar,71,a299e1e7dd5588157e5a2ac2fc4890eb31b101a5da017be804e3ae85f391b60d,1,vertical_rack_detour,True,2.69980353777387,2.293623360186472,3.4646457659623295,1,0.002596923999590217
0.0,6.554474460229572,0.012676580913731242,0.0031457652171464788,,0.3627175659510503,0.11464466264901119,0.11464466264901119,0,122,,,,,,,,,,4.241276717628401,savitzky_golay,0.05,64,58bf12dca4e20b30f753aca11b3d42945c770ebb005b103cc3136ddd52671357,3.5117239907177593,,,,0,0.0,,,,,,0,,ThetaStar,72,a299e1e7dd5588157e5a2ac2fc4890eb31b101a5da017be804e3ae85f391b60d,1,vertical_rack_detour,True,6.554474460229572,4.241276717628401,3.5117239907177593,1,0.0024245429995062295
0.003,5.392965780501481,0.03412586597790765,0.020411183982538664,,0.39813801069183585,0.11464466264901119,0.11464466264901119,0,120,,,,,,,,,,5.821461258258319,constrained,0.05,64,ec2bbcbd025b30b1da874046f8aaa7127abf3f08abaf74554d772465d618195f,3.5178381912862036,,,,0,0.0,,,,,,0,,ThetaStar,72,a299e1e7dd5588157e5a2ac2fc4890eb31b101a5da017be804e3ae85f391b60d,1,vertical_rack_detour,True,5.392965780501481,5.821461258258319,3.5178381912862036,1,0.006535602000440122
0.003,7.3229360578435285,0.04175107313182946,0.00892442326844224,,0.3578399920692143,0.11464466264901119,0.12275854577833645,0,189,,,,,,,,,,5.316022048697846,pivot_g2,0.05,175,861195b6cac245f924d1735c34d76120818ce49d9093e52da068e26e2beed5a8,3.493619127484157,23,6,5,1,0.4636476090008062,200,0.932663,175,1,0.00134639,0.4636476090008062,23,ThetaStar,71,a299e1e7dd5588157e5a2ac2fc4890eb31b101a5da017be804e3ae85f391b60d,1,vertical_rack_detour,True,5.103538886345719,5.316022048697846,3.49495664505899,2,0.005781522999313893
0.003,2.69980353777387,0.044072077855329184,0.013308686049750855,,0.3810786937404516,0.11464466264901119,0.11464466264901119,0,120,5.10354,1,253,True,simple_default,simple,2.6998,253,True,2.293623360186472,adaptive_hybrid,0.05,64,f56472744b66b0292da2b5175b194e5cfb5d66c9a80b6328cdbb0424356192bb,3.4646457659623295,,,,0,0.0,,,,,,0,,ThetaStar,71,a299e1e7dd5588157e5a2ac2fc4890eb31b101a5da017be804e3ae85f391b60d,1,vertical_rack_detour,True,2.69980353777387,2.293623360186472,3.4646457659623295,1,0.0045377019996521994
0.0,9.530291928849314,2.220446049250313e-16,6.341108682771403e-17,,0.5067631613317073,0.1449222268733815,0.2146446641391273,0,243,,,,,,,,,,6.643693474215089,raw,0.05,120,65aaa283caed754a8bb3966a6b85ab75445919f82ba672dca47878e621bb4791,6.09131844125298,,,,0,0.0,,,,,,0,,ThetaStar,123,65aaa283caed754a8bb3966a6b85ab75445919f82ba672dca47878e621bb4791,1,horizontal_rack_detour,True,9.530291928849314,6.643693474215089,6.09131844125298,1,0.003887359000145807
0.0,1.889525106270428,0.03230289833691292,0.008133944054384425,,0.4871734907247575,0.2146446641391273,0.2146446641391273,0,234,,,,,,,,,,1.7630170993106318,simple,0.05,120,6712a8c20b1fc0dcaa0c93b3a7411cf9cfd9d6cd47667a7adefd5dc621240780,6.056375742432696,,,,0,0.0,,,,,,0,,ThetaStar,123,65aaa283caed754a8bb3966a6b85ab75445919f82ba672dca47878e621bb4791,1,horizontal_rack_detour,True,1.889525106270428,1.7630170993106318,6.056375742432696,1,0.004474352999750408
0.0,2.960311540742575,0.006054739778988966,0.001418125707843634,,0.4793945387227183,0.2146446641391273,0.2413743645589977,0,212,,,,,,,,,,2.423044196634234,savitzky_golay,0.05,120,78d7377be3f69d8d7a1a38a2964f63e7328af99e84f62d733806fe8ddfae68f7,6.08550583428731,,,,0,0.0,,,,,,0,,ThetaStar,123,65aaa283caed754a8bb3966a6b85ab75445919f82ba672dca47878e621bb4791,1,horizontal_rack_detour,True,2.960311540742575,2.423044196634234,6.08550583428731,1,0.003542851000020164
0.006,2.5971722267750983,0.040916998086207794,0.014212948203775116,,0.4837159918650767,0.2146446641391273,0.23390290478282266,0,199,,,,,,,,,,2.9250842836670796,constrained,0.05,120,dcc9b04919babdd803e9ce90146d926e913d13b8f3c66033a13e02c5976c595c,6.096362962674666,,,,0,0.0,,,,,,0,,ThetaStar,123,65aaa283caed754a8bb3966a6b85ab75445919f82ba672dca47878e621bb4791,1,horizontal_rack_detour,True,2.5971722267750983,2.9250842836670796,6.096362962674666,1,0.008838564001052873
0.003,5.808037707967326,0.013270156057246562,0.004398212001890783,,0.409695560282759,0.2146446641391273,0.23390290478282266,0,225,,,,,,,,,,5.2642717471208895,pivot_g2,0.05,204,fd5cabc804879ce86059c6c089c92ba60ffc48decc60b0527df1fbc3833241fd,6.084266664481301,17,7,4,3,0.3217505543966422,200,1,204,3,0.00133025,0.954499389398825,18,ThetaStar,123,65aaa283caed754a8bb3966a6b85ab75445919f82ba672dca47878e621bb4791,1,horizontal_rack_detour,True,3.243435276464288,3.718362707526044,6.085956981171804,4,0.005883128000277793
0.003,5.808037707967326,0.013270156057246562,0.004398212001890783,,0.409695560282759,0.2146446641391273,0.23390290478282266,0,225,3.24344,3,177,True,safety_gain_within_energy_budget,pivot_g2,1.88953,202,True,5.2642717471208895,adaptive_hybrid,0.05,204,fd5cabc804879ce86059c6c089c92ba60ffc48decc60b0527df1fbc3833241fd,6.084266664481301,,,,3,0.3217505543966422,,,,,,0.954499389398825,,ThetaStar,123,65aaa283caed754a8bb3966a6b85ab75445919f82ba672dca47878e621bb4791,1,horizontal_rack_detour,True,3.243435276464288,3.718362707526044,6.085956981171804,4,0.007729405000645784
0.003,10.586468416278914,1.6653345369377348e-16,3.2300595708537726e-17,,0.3125696764130022,0.1449222268733815,0.2146446641391273,0,199,,,,,,,,,,9.250310114884396,raw,0.05,95,c822244724d7cdacecb1bb00cfdbec119fa871ae56f86dc726b5492033d970fe,4.804138924663965,,,,0,0.0,,,,,,0,,ThetaStar,98,c822244724d7cdacecb1bb00cfdbec119fa871ae56f86dc726b5492033d970fe,1,right_rack_detour,True,10.586468416278914,9.250310114884396,4.804138924663965,1,0.0027898120006284444
0.0,2.1132032467520028,0.03899918485629024,0.00959186287674576,,0.32998398886408375,0.2146446641391273,0.2146446641391273,0,174,,,,,,,,,,1.9794215068088645,simple,0.05,95,0d2b5fca29c24039dc9b4f191de317cc3db56168206dd855db0c6e668f99eff1,4.765797971185257,,,,0,0.0,,,,,,0,,ThetaStar,97,c822244724d7cdacecb1bb00cfdbec119fa871ae56f86dc726b5492033d970fe,1,right_rack_detour,True,2.1132032467520028,1.9794215068088645,4.765797971185257,1,0.003215192999050487
0.0,2.9273428443473986,0.009817754106654973,0.0018296988328444955,,0.33437328004887884,0.21959563989254183,0.23390290478282266,0,167,,,,,,,,,,2.7775261891175456,savitzky_golay,0.05,95,32bd40a56e6d870cfb8bdee770d54ecfb44245759b1a878cc3bb654b38651e7a,4.7975576164903755,,,,0,0.0,,,,,,0,,ThetaStar,97,c822244724d7cdacecb1bb00cfdbec119fa871ae56f86dc726b5492033d970fe,1,right_rack_detour,True,2.9273428443473986,2.7775261891175456,4.7975576164903755,1,0.003230090998840751
0.006,2.2721471387894843,0.042489118484206015,0.015333340947729101,,0.3362177243468454,0.2146446641391273,0.23390290478282266,0,157,,,,,,,,,,2.040825207474077,constrained,0.05,95,69c68e9c5babf0557cd239346f2965516723577272cc21ad1dad45d2b78caba0,4.812059078642961,,,,0,0.0,,,,,,0,,ThetaStar,98,c822244724d7cdacecb1bb00cfdbec119fa871ae56f86dc726b5492033d970fe,1,right_rack_detour,True,2.2721471387894843,2.040825207474077,4.812059078642961,1,0.006016462000843603
0.003,3.34593653650444,0.0323758151092393,0.01334098745741387,,0.3108286493469702,0.21959563989254183,0.21959563989254183,0,169,,,,,,,,,,3.7492307169352492,pivot_g2,0.05,163,dadc1114b39f060a88be00967f7045267b19258bf242dc4f3405bdea568bff16,4.794701842470732,19,4,4,0,0.0,200,1,163,0,0.00145566,0,21,ThetaStar,97,c822244724d7cdacecb1bb00cfdbec119fa871ae56f86dc726b5492033d970fe,1,right_rack_detour,True,3.34593653650444,3.7492307169352492,4.794701842470732,1,0.005635724000967457
0.0,3.34593653650444,0.0323758151092393,0.01334098745741387,,0.3108286493469702,0.21959563989254183,0.21959563989254183,0,169,3.34594,0,177,True,safety_gain_within_energy_budget,pivot_g2,2.1132,202,True,3.7492307169352492,adaptive_hybrid,0.05,163,dadc1114b39f060a88be00967f7045267b19258bf242dc4f3405bdea568bff16,4.794701842470732,,,,0,0.0,,,,,,0,,ThetaStar,97,c822244724d7cdacecb1bb00cfdbec119fa871ae56f86dc726b5492033d970fe,1,right_rack_detour,True,3.34593653650444,3.7492307169352492,4.794701842470732,1,0.006038024001099984
0.009000000000000001,27.255751021200826,4.440892098500626e-16,7.145304777218859e-17,,0.48540778056671346,0.06464466190395313,0.2146446641391273,0,524,,,,,,,,,,11.656228105628351,raw,0.05,260,e5d1348111c868021774536b83d52d389c6f2015862241d82f8105e9bcd04f2f,13.646315280980623,,,,0,0.0,,,,,,0,,ThetaStar,275,e5d1348111c868021774536b83d52d389c6f2015862241d82f8105e9bcd04f2f,1,long_southwest_to_northeast,True,27.255751021200826,11.656228105628351,13.646315280980623,1,0.013665306998518645
0.003,4.351472288051532,0.03730312840053469,0.008552606176866215,,0.4671293341528261,0.06464466190395313,0.2146446641391273,0,524,,,,,,,,,,2.0721477609566445,simple,0.05,260,41ee15fdc31d858fdeaca09c0db9c962e0487c165393bd4322f6d3975abbf746,13.552568035118897,,,,0,0.0,,,,,,0,,ThetaStar,273,e5d1348111c868021774536b83d52d389c6f2015862241d82f8105e9bcd04f2f,1,long_southwest_to_northeast,True,4.351472288051532,2.0721477609566445,13.552568035118897,1,0.008206915999835473
0.0,8.858459519611403,0.01773894803918704,0.0020268166195472155,,0.46921481510209134,0.06464466190395313,0.2146446641391273,0,485,,,,,,,,,,5.263759217985202,savitzky_golay,0.05,260,adf5436f642f2422bed7834d4e01e049f831fc6d93afe643058e87e126afcaad,13.624985612881288,,,,0,0.0,,,,,,0,,ThetaStar,274,e5d1348111c868021774536b83d52d389c6f2015862241d82f8105e9bcd04f2f,1,long_southwest_to_northeast,True,8.858459519611403,5.263759217985202,13.624985612881288,1,0.006067980999432621
0.015000000000000001,6.170812059826186,0.04107251326888098,0.012201362142580406,,0.4602375138314119,0.06464466190395313,0.2146446641391273,0,429,,,,,,,,,,3.5527299133952157,constrained,0.05,260,5afa3f0fead0cb9c99b1e0a88ced5b4a140dde4c6d103053793d0abfe0209216,13.641180917189766,,,,0,0.0,,,,,,0,,ThetaStar,274,e5d1348111c868021774536b83d52d389c6f2015862241d82f8105e9bcd04f2f,1,long_southwest_to_northeast,True,6.170812059826186,3.5527299133952157,13.641180917189766,1,0.020003709998491104
0.006,12.888409080387714,0.0254092016213417,0.004037783580979994,,0.43856404752197164,0.06464466190395313,0.2146446641391273,0,589,,,,,,,,,,10.819119507340732,pivot_g2,0.05,560,1ca6225e4020fc97965b22fb1457e2ecf18ac55a1feef5e1369d00d84009d77c,13.620622011926027,93,15,14,1,0.7853981633974485,200,0.988827,560,1,0.0047397,0.7853981633974485,99,ThetaStar,274,e5d1348111c868021774536b83d52d389c6f2015862241d82f8105e9bcd04f2f,1,long_southwest_to_northeast,True,5.878589854787002,3.790883346060526,13.623996443069236,2,0.014641474999734783
0.009000000000000001,4.351472288051532,0.03730312840053469,0.008552606176866215,,0.4671293341528261,0.06464466190395313,0.2146446641391273,0,524,5.87859,1,253,True,simple_default,simple,4.35147,253,True,2.0721477609566445,adaptive_hybrid,0.05,260,41ee15fdc31d858fdeaca09c0db9c962e0487c165393bd4322f6d3975abbf746,13.552568035118897,,,,0,0.0,,,,,,0,,ThetaStar,273,e5d1348111c868021774536b83d52d389c6f2015862241d82f8105e9bcd04f2f,1,long_southwest_to_northeast,True,4.351472288051532,2.0721477609566445,13.552568035118897,1,0.01382926599944767
0.003,28.96562795319141,4.440892098500626e-16,6.555245309585932e-17,,0.42121572864968787,0.1449222268733815,0.2146446641391273,0,545,,,,,,,,,,13.211045397234837,raw,0.05,259,4afa89142cfe3e30f8fe4dceb140edf61b9a1983a400144d93c37f30c2cec56b,13.6437870078889,,,,0,0.0,,,,,,0,,ThetaStar,274,4afa89142cfe3e30f8fe4dceb140edf61b9a1983a400144d93c37f30c2cec56b,1,long_northeast_to_southwest,True,28.96562795319141,13.211045397234837,13.6437870078889,1,0.007998162000149023
0.0,3.450046293064265,0.036625392834008785,0.00773681919482065,,0.4021667463744682,0.11464466264901119,0.2146446641391273,0,480,,,,,,,,,,1.892173078429749,simple,0.05,259,b369a4e3d597ebf36f7371badc74fd9b5f9dbc0fbc265e1c7c5ec2511e8a6cf5,13.56224182296272,,,,0,0.0,,,,,,0,,ThetaStar,273,4afa89142cfe3e30f8fe4dceb140edf61b9a1983a400144d93c37f30c2cec56b,1,long_northeast_to_southwest,True,3.450046293064265,1.892173078429749,13.56224182296272,1,0.007199214000138454
0.0,7.4064853957899865,0.01486201384118413,0.001990646586850631,,0.40234169033231726,0.11464466264901119,0.2474873771031409,0,450,,,,,,,,,,4.038571942491414,savitzky_golay,0.05,259,15a436818e31908d78e80368d26e9fb05152f6665fe68edecf708915cf397538,13.619395906724673,,,,0,0.0,,,,,,0,,ThetaStar,274,4afa89142cfe3e30f8fe4dceb140edf61b9a1983a400144d93c37f30c2cec56b,1,long_northeast_to_southwest,True,7.4064853957899865,4.038571942491414,13.619395906724673,1,0.0062292900001921225
0.012,5.522101440203916,0.031286377378145595,0.010057957527126122,,0.3960187180962296,0.11464466264901119,0.23390290478282266,0,429,,,,,,,,,,4.158181921651146,constrained,0.05,259,4d3ba8d65577dfafec3d7701843f80044392533ae2864ae4574a79097402d6e4,13.639763447229306,,,,0,0.0,,,,,,0,,ThetaStar,274,4afa89142cfe3e30f8fe4dceb140edf61b9a1983a400144d93c37f30c2cec56b,1,long_northeast_to_southwest,True,5.522101440203916,4.158181921651146,13.639763447229306,1,0.01709629499964649
0.006,15.591542422882553,0.014690433622050022,0.00318088108552827,,0.4127613126629138,0.06464466190395313,0.21959563989254183,0,544,,,,,,,,,,13.211045397234995,pivot_g2,0.05,529,442c6a2696f8f838ba2318aa5bcc8f760b8ac644a2e646a3e80e55862a4bd503,13.62532697277245,91,17,15,2,0.785398163397448,200,0.98,529,2,0.00476521,0.9505468408120751,102,ThetaStar,274,4afa89142cfe3e30f8fe4dceb140edf61b9a1983a400144d93c37f30c2cec56b,1,long_northeast_to_southwest,True,6.395730666275555,3.7705112604476474,13.627624599783655,3,0.01486164500056475
0.006,3.450046293064265,0.036625392834008785,0.00773681919482065,,0.4021667463744682,0.11464466264901119,0.2146446641391273,0,480,6.39573,2,253,True,simple_default,simple,3.45005,253,True,1.892173078429749,adaptive_hybrid,0.05,259,b369a4e3d597ebf36f7371badc74fd9b5f9dbc0fbc265e1c7c5ec2511e8a6cf5,13.56224182296272,,,,0,0.0,,,,,,0,,ThetaStar,273,4afa89142cfe3e30f8fe4dceb140edf61b9a1983a400144d93c37f30c2cec56b,1,long_northeast_to_southwest,True,3.450046293064265,1.892173078429749,13.56224182296272,1,0.011411405999751878
0.003,5.1002111312387,4.440892098500626e-16,9.677360986340288e-17,,0.8002824218807613,0.12275854577833645,0.2146446641391273,0,432,,,,,,,,,,3.4349646960949354,raw,0.05,214,b44b951f1f0f1074e0aaa7cc3f66a29c15d57fed8b98fe1f14aefdc8d6bd7c20,12.085153966863464,,,,0,0.0,,,,,,0,,ThetaStar,243,b44b951f1f0f1074e0aaa7cc3f66a29c15d57fed8b98fe1f14aefdc8d6bd7c20,1,crossing_northwest_to_southeast,True,5.1002111312387,3.4349646960949354,12.085153966863464,1,0.0055168350008898415
0.0,0.45547820703997566,0.015010734665652496,0.003636870670919907,,0.7546935874829813,0.2146446641391273,0.2146446641391273,0,432,,,,,,,,,,0.6708777790248245,simple,0.05,214,7b500bc3656cab94463541f697ef05e8806ac2eecd1d189a895c932543fe9090,12.070657687966037,,,,0,0.0,,,,,,0,,ThetaStar,243,b44b951f1f0f1074e0aaa7cc3f66a29c15d57fed8b98fe1f14aefdc8d6bd7c20,1,crossing_northwest_to_southeast,True,0.45547820703997566,0.6708777790248245,12.070657687966037,1,0.005488205999427009
0.0,1.3845109680217234,0.005211393706604708,0.0011629650496660733,,0.7781970313845649,0.2146446641391273,0.2146446641391273,0,381,,,,,,,,,,1.0931732620949273,savitzky_golay,0.05,214,35c72090d3d1cecea67d0e22d9ffd4972f12d76182a32f17a6c81b1937d15e6a,12.079880240350828,,,,0,0.0,,,,,,0,,ThetaStar,243,b44b951f1f0f1074e0aaa7cc3f66a29c15d57fed8b98fe1f14aefdc8d6bd7c20,1,crossing_northwest_to_southeast,True,1.3845109680217234,1.0931732620949273,12.079880240350828,1,0.007023445999948308
0.009000000000000001,0.6557588211011167,0.019133616608167796,0.005718666923033917,,0.7806434549705338,0.2146446641391273,0.23390290478282266,0,371,,,,,,,,,,0.8302609007902736,constrained,0.05,214,72c67787a32f4388790890c83bcf458d5caae0df99139e6c0a7384781b83734a,12.083892327539157,,,,0,0.0,,,,,,0,,ThetaStar,243,b44b951f1f0f1074e0aaa7cc3f66a29c15d57fed8b98fe1f14aefdc8d6bd7c20,1,crossing_northwest_to_southeast,True,0.6557588211011167,0.8302609007902736,12.083892327539157,1,0.013354631999391131
0.006,2.3350043197552774,0.055574420693983106,0.01758903268343575,,0.7372827877609105,0.2146446641391273,0.2146446641391273,0,471,,,,,,,,,,1.7397460246078074,pivot_g2,0.05,465,c26c94b236c6b09b5c31eb3418de1483ba4f0d7122f4772015108c5d4a8b7100,12.07785145439069,81,13,13,0,0.0,200,0.976923,465,0,0.00502713,0,93,ThetaStar,243,b44b951f1f0f1074e0aaa7cc3f66a29c15d57fed8b98fe1f14aefdc8d6bd7c20,1,crossing_northwest_to_southeast,True,2.3350043197552774,1.7397460246078074,12.07785145439069,1,0.01374283400036802
0.006,0.45547820703997566,0.015010734665652496,0.003636870670919907,,0.7546935874829813,0.2146446641391273,0.2146446641391273,0,432,2.335,0,202,True,simple_default,simple,0.455478,202,True,0.6708777790248245,adaptive_hybrid,0.05,214,7b500bc3656cab94463541f697ef05e8806ac2eecd1d189a895c932543fe9090,12.070657687966037,,,,0,0.0,,,,,,0,,ThetaStar,243,b44b951f1f0f1074e0aaa7cc3f66a29c15d57fed8b98fe1f14aefdc8d6bd7c20,1,crossing_northwest_to_southeast,True,0.45547820703997566,0.6708777790248245,12.070657687966037,1,0.012788326999725541
0.003,10.393284616382514,2.220446049250313e-16,2.8328685509662797e-17,,0.6611834378993082,0.1449222268733815,0.2146446641391273,0,266,,,,,,,,,,10.645834363835602,raw,0.05,127,5589fb3e223a928f4fb9989c8e0410f5ce39bfe2cfe513957fa0c32ff5f7c8f6,6.844286294984423,,,,0,0.0,,,,,,0,,ThetaStar,138,5589fb3e223a928f4fb9989c8e0410f5ce39bfe2cfe513957fa0c32ff5f7c8f6,1,central_south_to_north,True,10.393284616382514,10.645834363835602,6.844286294984423,1,0.003879232999679516
0.0,0.7153701772419533,0.030800461798113438,0.005823686373111144,,0.6538552488755797,0.2146446641391273,0.23390290478282266,0,255,,,,,,,,,,1.448581680804423,simple,0.05,127,2e65fe2b2d006d28f2e180d4317112efca9b9223874925ad5f4cc5217328a4dc,6.821921027306835,,,,0,0.0,,,,,,0,,ThetaStar,138,5589fb3e223a928f4fb9989c8e0410f5ce39bfe2cfe513957fa0c32ff5f7c8f6,1,central_south_to_north,True,0.7153701772419533,1.448581680804423,6.821921027306835,1,0.004253437000443228
0.0,1.9025128333016252,0.010359212325773725,0.0015979460782152804,,0.6588291898512924,0.2474873771031409,0.2474873771031409,0,217,,,,,,,,,,2.8432617146292185,savitzky_golay,0.05,127,9a74cfafc4e5e6f521e9f9b8e4c658218c9fc2be8d33e7abe0fe7a7dd67290b8,6.83641272902456,,,,0,0.0,,,,,,0,,ThetaStar,138,5589fb3e223a928f4fb9989c8e0410f5ce39bfe2cfe513957fa0c32ff5f7c8f6,1,central_south_to_north,True,1.9025128333016252,2.8432617146292185,6.83641272902456,1,0.004414499999256805
0.006,0.863662731443444,0.03274169056571484,0.012123617991480597,,0.6569990430283167,0.23390290478282266,0.2474873771031409,0,214,,,,,,,,,,1.220399151444222,constrained,0.05,127,33b631f1eafb153d9f36bafe7fcf6d88138eba931c2076b2bfc7e6576f17b199,6.845169797587614,,,,0,0.0,,,,,,0,,ThetaStar,138,5589fb3e223a928f4fb9989c8e0410f5ce39bfe2cfe513957fa0c32ff5f7c8f6,1,central_south_to_north,True,0.863662731443444,1.220399151444222,6.845169797587614,1,0.009828365000430495
0.003,4.1465330536187865,0.04615643080521961,0.017338198869338864,,0.5706339514491412,0.2146446641391273,0.2146446641391273,0,253,,,,,,,,,,6.34057346491764,pivot_g2,0.05,244,e509dc9614662a823dc893b9591740fa42a2087722621096a6d841f1ebb40230,6.820371006832571,23,5,3,2,0.321750554396642,200,0.952468,244,2,0.00241055,0.643501108793284,24,ThetaStar,138,5589fb3e223a928f4fb9989c8e0410f5ce39bfe2cfe513957fa0c32ff5f7c8f6,1,central_south_to_north,True,1.0580671751638213,1.5058952719178724,6.821020640848066,3,0.007948885999212507
0.003,0.7153701772419533,0.030800461798113438,0.005823686373111144,,0.6538552488755797,0.2146446641391273,0.23390290478282266,0,255,1.05807,2,202,True,simple_default,simple,0.71537,177,True,1.448581680804423,adaptive_hybrid,0.05,127,2e65fe2b2d006d28f2e180d4317112efca9b9223874925ad5f4cc5217328a4dc,6.821921027306835,,,,0,0.0,,,,,,0,,ThetaStar,138,5589fb3e223a928f4fb9989c8e0410f5ce39bfe2cfe513957fa0c32ff5f7c8f6,1,central_south_to_north,True,0.7153701772419533,1.448581680804423,6.821921027306835,1,0.007356548001553165
0.0,13.870986572076308,2.220446049250313e-16,4.7745371109350785e-17,,0.42569600897500753,0.12275854577833645,0.18366155606981613,0,273,,,,,,,,,,8.26565566327993,raw,0.05,127,5947e6176039f34fe93c4e279c1b28d548cf2c869d971f5bf1e3390372e035d4,6.5845954185214275,,,,0,0.0,,,,,,0,,ThetaStar,133,5947e6176039f34fe93c4e279c1b28d548cf2c869d971f5bf1e3390372e035d4,1,right_south_to_north,True,13.870986572076308,8.26565566327993,6.5845954185214275,1,0.004099143001440098
0.0,1.538616149658576,0.03178326842389366,0.007636422662908055,,0.432908203197994,0.2146446641391273,0.2146446641391273,0,275,,,,,,,,,,1.9625011099809855,simple,0.05,127,c2e4cd1015d4fc857335871ba815db917e1630461b0d62990729393041dbb3e9,6.547103733462999,,,,0,0.0,,,,,,0,,ThetaStar,132,5947e6176039f34fe93c4e279c1b28d548cf2c869d971f5bf1e3390372e035d4,1,right_south_to_north,True,1.538616149658576,1.9625011099809855,6.547103733462999,1,0.0038674799998261733
0.0,3.687074145297738,0.00922196030987555,0.0017622916932267696,,0.42974156771503136,0.2146446641391273,0.23390290478282266,0,241,,,,,,,,,,3.1943424772381164,savitzky_golay,0.05,127,ee6d1d0a7748ffd388f1c088d4b0fca95a3b20beb4e5c4972807022b0047e737,6.575339777001091,,,,0,0.0,,,,,,0,,ThetaStar,133,5947e6176039f34fe93c4e279c1b28d548cf2c869d971f5bf1e3390372e035d4,1,right_south_to_north,True,3.687074145297738,3.1943424772381164,6.575339777001091,1,0.0047421929994015954
0.003,3.0570236052452784,0.019257996581353458,0.007448018018390045,,0.4366818763409482,0.21959563989254183,0.23390290478282266,0,225,,,,,,,,,,2.4887925827801127,constrained,0.05,127,1aa7d482f702a2a03ded53200d8db75c8587c843f34cd81367745ba90530f9c5,6.575784615356439,,,,0,0.0,,,,,,0,,ThetaStar,133,5947e6176039f34fe93c4e279c1b28d548cf2c869d971f5bf1e3390372e035d4,1,right_south_to_north,True,3.0570236052452784,2.4887925827801127,6.575784615356439,1,0.007536937999248039
0.003,4.867888938299265,0.013549653404519472,0.0022409852086881883,,0.3770889009900252,0.2146446641391273,0.23390290478282266,0,300,,,,,,,,,,3.7565116972078036,pivot_g2,0.05,295,2145c2a732dfc0cbfa62a17900de4b3054a4ffc255f0f1a8824048be93ba20e3,6.572972348995877,47,10,9,1,0.19739555984988089,200,0.962765,295,1,0.0037496,0.19739555984988089,52,ThetaStar,133,5947e6176039f34fe93c4e279c1b28d548cf2c869d971f5bf1e3390372e035d4,1,right_south_to_north,True,4.413816182189111,3.7565116972078036,6.573215080042836,2,0.009818047999942792
0.006,1.538616149658576,0.03178326842389366,0.007636422662908055,,0.432908203197994,0.2146446641391273,0.2146446641391273,0,275,4.41382,1,202,True,simple_default,simple,1.53862,202,True,1.9625011099809855,adaptive_hybrid,0.05,127,c2e4cd1015d4fc857335871ba815db917e1630461b0d62990729393041dbb3e9,6.547103733462999,,,,0,0.0,,,,,,0,,ThetaStar,132,5947e6176039f34fe93c4e279c1b28d548cf2c869d971f5bf1e3390372e035d4,1,right_south_to_north,True,1.538616149658576,1.9625011099809855,6.547103733462999,1,0.008459187998596462
0.0,0.0,0.0,0.0,,0.564644669354534,0.5646446693545337,0.5646446693545337,0,113,,,,,,,,,,0.0,raw,0.05,57,8e8937e9c159df347bfeb35a8ef5ba9f07427b0a573b34c67b41c67bdab7e75a,2.8000000417232513,,,,0,0.0,,,,,,0,,ThetaStar,58,8e8937e9c159df347bfeb35a8ef5ba9f07427b0a573b34c67b41c67bdab7e75a,1,upper_open_short,True,0.0,0.0,2.8000000417232513,1,0.002526901000237558
0.0,0.0,0.0,0.0,,0.564644669354534,0.5646446693545337,0.5646446693545337,0,113,,,,,,,,,,0.0,simple,0.05,57,8e8937e9c159df347bfeb35a8ef5ba9f07427b0a573b34c67b41c67bdab7e75a,2.8000000417232513,,,,0,0.0,,,,,,0,,ThetaStar,58,8e8937e9c159df347bfeb35a8ef5ba9f07427b0a573b34c67b41c67bdab7e75a,1,upper_open_short,True,0.0,0.0,2.8000000417232513,1,0.003355598999405629
0.0,0.0,0.0,0.0,,0.564644669354534,0.5646446693545337,0.5646446693545337,0,103,,,,,,,,,,0.0,savitzky_golay,0.05,57,38d167a9cddc73aed4a5d9587122df47491cc11cac9552a7d4b00496f69a366a,2.8000000417232513,,,,0,0.0,,,,,,0,,ThetaStar,58,8e8937e9c159df347bfeb35a8ef5ba9f07427b0a573b34c67b41c67bdab7e75a,1,upper_open_short,True,0.0,0.0,2.8000000417232513,1,0.004365652999695158
0.0,0.0,0.0,0.0,,0.564644669354534,0.5646446693545337,0.5646446693545337,0,113,,,,,,,,,,0.0,constrained,0.05,57,8e8937e9c159df347bfeb35a8ef5ba9f07427b0a573b34c67b41c67bdab7e75a,2.8000000417232513,,,,0,0.0,,,,,,0,,ThetaStar,58,8e8937e9c159df347bfeb35a8ef5ba9f07427b0a573b34c67b41c67bdab7e75a,1,upper_open_short,True,0.0,0.0,2.8000000417232513,1,0.003597308999815141
0.0,0.0,0.0,0.0,,0.5646446693545338,0.5646446693545337,0.5646446693545337,0,58,,,,,,,,,,0.0,pivot_g2,0.05,58,6de335806f6b7d59090c0852d3544939486942abfe4d5491ea76baf846d5e922,2.8000000417232513,,,,0,0.0,,,,,,0,,ThetaStar,58,8e8937e9c159df347bfeb35a8ef5ba9f07427b0a573b34c67b41c67bdab7e75a,1,upper_open_short,True,0.0,0.0,2.8000000417232513,1,0.00383594500090112
0.003,0.0,0.0,0.0,,0.564644669354534,0.5646446693545337,0.5646446693545337,0,113,,,,,,,,,,0.0,adaptive_hybrid,0.05,57,8e8937e9c159df347bfeb35a8ef5ba9f07427b0a573b34c67b41c67bdab7e75a,2.8000000417232513,,,,0,0.0,,,,,,0,,ThetaStar,58,8e8937e9c159df347bfeb35a8ef5ba9f07427b0a573b34c67b41c67bdab7e75a,1,upper_open_short,True,0.0,0.0,2.8000000417232513,1,0.00325722500019765
0.0,12.000710034443554,4.440892098500626e-16,1.0352883086820628e-16,,0.4191363326137215,0.1449222268733815,0.2146446641391273,0,181,,,,,,,,,,10.557951692192585,raw,0.05,88,03c013c9c406e0b379af4e678b55a6003f06ff28122680f57659004b4cd16d66,4.54356884770478,,,,0,0.0,,,,,,0,,ThetaStar,92,03c013c9c406e0b379af4e678b55a6003f06ff28122680f57659004b4cd16d66,1,lower_left_diagonal,True,12.000710034443554,10.557951692192585,4.54356884770478,1,0.002761556999757886
0.0,1.8467137708033183,0.03852428016950184,0.009742153246044025,,0.4082684104931502,0.2146446641391273,0.21959563989254183,0,181,,,,,,,,,,2.1497285441432,simple,0.05,88,5cc836a4d4a3895f869c8582fc464d50289c3a5e2d6a7ed3c9804b11f1a7071b,4.503570392795074,,,,0,0.0,,,,,,0,,ThetaStar,92,03c013c9c406e0b379af4e678b55a6003f06ff28122680f57659004b4cd16d66,1,lower_left_diagonal,True,1.8467137708033183,2.1497285441432,4.503570392795074,1,0.003879247000440955
0.0,3.2540899965889634,0.010574299756361958,0.002207322095679013,,0.4056949776806347,0.2474873771031409,0.2474873771031409,0,156,,,,,,,,,,3.626936331889184,savitzky_golay,0.05,88,00c9ee5bc7ae05d6f601090a86ca7df774ce029d65cdaa324e1bcfbb63a4270d,4.5341089018812655,,,,0,0.0,,,,,,0,,ThetaStar,92,03c013c9c406e0b379af4e678b55a6003f06ff28122680f57659004b4cd16d66,1,lower_left_diagonal,True,3.2540899965889634,3.626936331889184,4.5341089018812655,1,0.005716928999390802
0.003,3.067657032105079,0.03209207772846572,0.012852755800202337,,0.40644191556095566,0.23390290478282266,0.2474873771031409,0,152,,,,,,,,,,2.9966421578320315,constrained,0.05,88,2ba577a0da5c587c2e1f2b51874ddaa33cdfaead2c8d65326b1aa8629adf42d3,4.544600862295619,,,,0,0.0,,,,,,0,,ThetaStar,92,03c013c9c406e0b379af4e678b55a6003f06ff28122680f57659004b4cd16d66,1,lower_left_diagonal,True,3.067657032105079,2.9966421578320315,4.544600862295619,1,0.006183625000630855
0.003,4.091440147530679,0.015429408320130778,0.004779670870610797,,0.3897252230963903,0.23390290478282266,0.2474873771031409,0,162,,,,,,,,,,4.950319510107397,pivot_g2,0.05,149,723004de91368b7ac0639d4b1c2a5996a5844bd3a57d558d7804f0d55d7086ec,4.528698229095716,17,4,3,1,0.3296244074207424,200,0.930769,149,1,0.00124584,0.3296244074207424,17,ThetaStar,92,03c013c9c406e0b379af4e678b55a6003f06ff28122680f57659004b4cd16d66,1,lower_left_diagonal,True,2.764093960547493,2.9226664431629423,4.529351775787537,2,0.005073299000287079
0.003,4.091440147530679,0.015429408320130778,0.004779670870610797,,0.3897252230963903,0.23390290478282266,0.2474873771031409,0,162,2.76409,1,177,True,safety_gain_within_energy_budget,pivot_g2,1.84671,202,True,4.950319510107397,adaptive_hybrid,0.05,149,723004de91368b7ac0639d4b1c2a5996a5844bd3a57d558d7804f0d55d7086ec,4.528698229095716,,,,1,0.3296244074207424,,,,,,0.3296244074207424,,ThetaStar,92,03c013c9c406e0b379af4e678b55a6003f06ff28122680f57659004b4cd16d66,1,lower_left_diagonal,True,2.764093960547493,2.9226664431629423,4.529351775787537,2,0.005689854000593186
