algorithm_time_s,curvature_energy_1pm,deviation_max_m,deviation_rmse_m,error,max_abs_curvature_1pm,method,metric_spacing_m,native_point_count,output_path_sha256,path_length_m,pivot_competitive_candidates,pivot_corners,pivot_g2_transitions,pivot_marker_count,pivot_max_angle_rad,pivot_max_footprint_cost,pivot_mean_transition_score,pivot_output_points,pivot_pivots,pivot_runtime_s,pivot_total_angle_rad,pivot_valid_candidates,planner,point_count,raw_path_sha256,repetition,scenario,success,translation_curvature_energy_1pm,translation_max_abs_curvature_1pm,translation_path_length_m,translation_segment_count,wall_time_s
0.0,0.0,6.938893903907228e-18,5.703735654108328e-19,,0.0,raw,0.05,147,add2ed7455133f04c01841cf099b6b1df721535004bdbce80ec899711a5b8c65,7.300000108778477,,,,0,0.0,,,,,,0,,ThetaStar,148,add2ed7455133f04c01841cf099b6b1df721535004bdbce80ec899711a5b8c65,1,straight_lower_aisle,True,0.0,0.0,7.300000108778477,1,0.004015480000816751
0.003,0.0,6.938893903907228e-18,5.703735654108328e-19,,0.0,simple,0.05,147,add2ed7455133f04c01841cf099b6b1df721535004bdbce80ec899711a5b8c65,7.300000108778477,,,,0,0.0,,,,,,0,,ThetaStar,148,add2ed7455133f04c01841cf099b6b1df721535004bdbce80ec899711a5b8c65,1,straight_lower_aisle,True,0.0,0.0,7.300000108778477,1,0.004732655999760027
0.0,2.524352150757912e-26,1.3322676295501878e-15,8.866770324764645e-16,,7.105411899280466e-13,savitzky_golay,0.05,147,9d9963921d672f848bbbce000581e77dffdd9b861cf4ce221db68ecefa6e5f7f,7.300000108778477,,,,0,0.0,,,,,,0,,ThetaStar,148,add2ed7455133f04c01841cf099b6b1df721535004bdbce80ec899711a5b8c65,1,straight_lower_aisle,True,2.524352150757912e-26,7.105411899280466e-13,7.300000108778477,1,0.004157415000008768
0.0,0.0,6.938893903907228e-18,5.703735654108328e-19,,0.0,constrained,0.05,147,add2ed7455133f04c01841cf099b6b1df721535004bdbce80ec899711a5b8c65,7.300000108778477,,,,0,0.0,,,,,,0,,ThetaStar,148,add2ed7455133f04c01841cf099b6b1df721535004bdbce80ec899711a5b8c65,1,straight_lower_aisle,True,0.0,0.0,7.300000108778477,1,0.004381336000733427
0.0,0.0,6.938893903907228e-18,5.703735654108328e-19,,0.0,pivot_g2,0.05,148,f8d586166ebc2f39179c841ca7d09e963884e93a373a07a9887063a473599054,7.300000108778477,0,0,0,0,0.0,200,0,148,0,0.000266339,0,0,ThetaStar,148,add2ed7455133f04c01841cf099b6b1df721535004bdbce80ec899711a5b8c65,1,straight_lower_aisle,True,0.0,0.0,7.300000108778477,1,0.005377802999646519
0.0,8.98258434607253,4.440892098500626e-16,1.3063958923854638e-16,,6.988476699505798,raw,0.05,68,6a1ae826b56307963223b7f37776d2ed3907e7bac517c58ca642bef757088c23,3.8302876858509607,,,,0,0.0,,,,,,0,,ThetaStar,78,6a1ae826b56307963223b7f37776d2ed3907e7bac517c58ca642bef757088c23,1,crate_detour,True,8.98258434607253,6.988476699505798,3.8302876858509607,1,0.0032638650009175763
0.0,1.7960302994608863,0.02848598738476942,0.010415825007287898,,1.527458786254446,simple,0.05,68,e49af2b6473c8eaba367a44382c0d4e8c3c95591c20459162ac9a1335032f4f9,3.795291597749393,,,,0,0.0,,,,,,0,,ThetaStar,77,6a1ae826b56307963223b7f37776d2ed3907e7bac517c58ca642bef757088c23,1,crate_detour,True,1.7960302994608863,1.527458786254446,3.795291597749393,1,0.003787117000683793
0.0,2.709322134942473,0.008020831385194462,0.002329177400459904,,2.0206773485430802,savitzky_golay,0.05,68,b1fbb6389e270bb2e7c06e32fff1b3036b7b82834afdb2bbb18ab8a064a12f6e,3.8230081847231947,,,,0,0.0,,,,,,0,,ThetaStar,78,6a1ae826b56307963223b7f37776d2ed3907e7bac517c58ca642bef757088c23,1,crate_detour,True,2.709322134942473,2.0206773485430802,3.8230081847231947,1,0.0023105820000637323
0.0,2.290047646384631,0.027400984397049386,0.011755106924503373,,1.8131281846817418,constrained,0.05,68,df54816f2b699effce757c2618d3f85cf64fe642f11725181692cfcb2d0483d7,3.832221072103241,,,,0,0.0,,,,,,0,,ThetaStar,78,6a1ae826b56307963223b7f37776d2ed3907e7bac517c58ca642bef757088c23,1,crate_detour,True,2.290047646384631,1.8131281846817418,3.832221072103241,1,0.004567083000438288
0.003,3.6272107544099765,0.010148925623518693,0.002060642156274603,,2.245685944707828,pivot_g2,0.05,170,3fcd8f8237f882e9b0c8c95a075ed2a7a3a8e4d4d3d51921aa3f5fdf4614f92b,3.821610146869,20,7,7,0,0.0,200,0.812857,170,0,0.0027694,0,48,ThetaStar,78,6a1ae826b56307963223b7f37776d2ed3907e7bac517c58ca642bef757088c23,1,crate_detour,True,3.6272107544099765,2.245685944707828,3.821610146869,1,0.008774711999649298
0.0,23.87058952795239,2.220446049250313e-16,4.04438252565071e-17,,14.931846648030852,raw,0.05,64,a299e1e7dd5588157e5a2ac2fc4890eb31b101a5da017be804e3ae85f391b60d,3.530643425136016,,,,0,0.0,,,,,,0,,ThetaStar,72,a299e1e7dd5588157e5a2ac2fc4890eb31b101a5da017be804e3ae85f391b60d,1,vertical_rack_detour,True,23.87058952795239,14.931846648030852,3.530643425136016,1,0.002508028999727685
0.0,2.69980353777387,0.044072077855329184,0.013308686049750855,,2.293623360186472,simple,0.05,64,f56472744b66b0292da2b5175b194e5cfb5d66c9a80b6328cdbb0424356192bb,3.4646457659623295,,,,0,0.0,,,,,,0,,ThetaStar,71,a299e1e7dd5588157e5a2ac2fc4890eb31b101a5da017be804e3ae85f391b60d,1,vertical_rack_detour,True,2.69980353777387,2.293623360186472,3.4646457659623295,1,0.0025081029998546
0.0,6.554474460229572,0.012676580913731242,0.0031457652171464788,,4.241276717628401,savitzky_golay,0.05,64,58bf12dca4e20b30f753aca11b3d42945c770ebb005b103cc3136ddd52671357,3.5117239907177593,,,,0,0.0,,,,,,0,,ThetaStar,72,a299e1e7dd5588157e5a2ac2fc4890eb31b101a5da017be804e3ae85f391b60d,1,vertical_rack_detour,True,6.554474460229572,4.241276717628401,3.5117239907177593,1,0.0026941520009131636
0.003,5.392965780501481,0.03412586597790765,0.020411183982538664,,5.821461258258319,constrained,0.05,64,ec2bbcbd025b30b1da874046f8aaa7127abf3f08abaf74554d772465d618195f,3.5178381912862036,,,,0,0.0,,,,,,0,,ThetaStar,72,a299e1e7dd5588157e5a2ac2fc4890eb31b101a5da017be804e3ae85f391b60d,1,vertical_rack_detour,True,5.392965780501481,5.821461258258319,3.5178381912862036,1,0.005675394999343553
0.0,8.041783288738452,0.033655060302978275,0.006122941818113916,,6.160423033766875,pivot_g2,0.05,168,801e5501e28491c6b3915a99f14958a31dbf0b793977f869e1f42eabfd213621,3.501618474462215,14,6,5,1,0.4636476090008062,200,0.9636,168,1,0.00176626,0.4636476090008062,25,ThetaStar,72,a299e1e7dd5588157e5a2ac2fc4890eb31b101a5da017be804e3ae85f391b60d,1,vertical_rack_detour,True,5.6618258383130255,5.363452244485866,3.502823665598269,2,0.00588853699991887
0.003,9.530291928849314,2.220446049250313e-16,6.341108682771403e-17,,6.643693474215089,raw,0.05,120,65aaa283caed754a8bb3966a6b85ab75445919f82ba672dca47878e621bb4791,6.09131844125298,,,,0,0.0,,,,,,0,,ThetaStar,123,65aaa283caed754a8bb3966a6b85ab75445919f82ba672dca47878e621bb4791,1,horizontal_rack_detour,True,9.530291928849314,6.643693474215089,6.09131844125298,1,0.0036874059987894725
0.0,1.889525106270428,0.03230289833691292,0.008133944054384425,,1.7630170993106318,simple,0.05,120,6712a8c20b1fc0dcaa0c93b3a7411cf9cfd9d6cd47667a7adefd5dc621240780,6.056375742432696,,,,0,0.0,,,,,,0,,ThetaStar,123,65aaa283caed754a8bb3966a6b85ab75445919f82ba672dca47878e621bb4791,1,horizontal_rack_detour,True,1.889525106270428,1.7630170993106318,6.056375742432696,1,0.005360272998586879
0.0,2.960311540742575,0.006054739778988966,0.001418125707843634,,2.423044196634234,savitzky_golay,0.05,120,78d7377be3f69d8d7a1a38a2964f63e7328af99e84f62d733806fe8ddfae68f7,6.08550583428731,,,,0,0.0,,,,,,0,,ThetaStar,123,65aaa283caed754a8bb3966a6b85ab75445919f82ba672dca47878e621bb4791,1,horizontal_rack_detour,True,2.960311540742575,2.423044196634234,6.08550583428731,1,0.0035643910014186986
0.003,2.5971722267750983,0.040916998086207794,0.014212948203775116,,2.9250842836670796,constrained,0.05,120,dcc9b04919babdd803e9ce90146d926e913d13b8f3c66033a13e02c5976c595c,6.096362962674666,,,,0,0.0,,,,,,0,,ThetaStar,123,65aaa283caed754a8bb3966a6b85ab75445919f82ba672dca47878e621bb4791,1,horizontal_rack_detour,True,2.5971722267750983,2.9250842836670796,6.096362962674666,1,0.008298197999465629
0.0,5.921932801020326,0.013257416396934325,0.004213117611255582,,5.35963694813357,pivot_g2,0.05,181,072dd82e610148e891df9d113ea5e57f6ed5bbd0d441bb8b942bcc7c638d57b2,6.085466506322992,9,7,4,3,0.3217505543966422,200,1,181,3,0.000995844,0.954499389398825,22,ThetaStar,123,65aaa283caed754a8bb3966a6b85ab75445919f82ba672dca47878e621bb4791,1,horizontal_rack_detour,True,3.3327886176317514,3.2227088023230275,6.087138832100229,4,0.0049022999992303085
0.003,10.586468416278914,1.6653345369377348e-16,3.2300595708537726e-17,,9.250310114884396,raw,0.05,95,c822244724d7cdacecb1bb00cfdbec119fa871ae56f86dc726b5492033d970fe,4.804138924663965,,,,0,0.0,,,,,,0,,ThetaStar,98,c822244724d7cdacecb1bb00cfdbec119fa871ae56f86dc726b5492033d970fe,1,right_rack_detour,True,10.586468416278914,9.250310114884396,4.804138924663965,1,0.0029609230005007703
0.0,2.1132032467520028,0.03899918485629024,0.00959186287674576,,1.9794215068088645,simple,0.05,95,0d2b5fca29c24039dc9b4f191de317cc3db56168206dd855db0c6e668f99eff1,4.765797971185257,,,,0,0.0,,,,,,0,,ThetaStar,97,c822244724d7cdacecb1bb00cfdbec119fa871ae56f86dc726b5492033d970fe,1,right_rack_detour,True,2.1132032467520028,1.9794215068088645,4.765797971185257,1,0.003065532000618987
0.003,2.9273428443473986,0.009817754106654973,0.0018296988328444955,,2.7775261891175456,savitzky_golay,0.05,95,32bd40a56e6d870cfb8bdee770d54ecfb44245759b1a878cc3bb654b38651e7a,4.7975576164903755,,,,0,0.0,,,,,,0,,ThetaStar,97,c822244724d7cdacecb1bb00cfdbec119fa871ae56f86dc726b5492033d970fe,1,right_rack_detour,True,2.9273428443473986,2.7775261891175456,4.7975576164903755,1,0.0032744389991421485
0.003,2.2721471387894843,0.042489118484206015,0.015333340947729101,,2.040825207474077,constrained,0.05,95,69c68e9c5babf0557cd239346f2965516723577272cc21ad1dad45d2b78caba0,4.812059078642961,,,,0,0.0,,,,,,0,,ThetaStar,98,c822244724d7cdacecb1bb00cfdbec119fa871ae56f86dc726b5492033d970fe,1,right_rack_detour,True,2.2721471387894843,2.040825207474077,4.812059078642961,1,0.005952089000857086
0.003,3.5924949216829387,0.0324150966299789,0.013311109938408021,,3.751558766782812,pivot_g2,0.05,151,830ed8543ebbee0a1218dabcb1667dff42f7a7d02807ee7a35e2d1892722ae38,4.79559628646277,8,4,4,0,0.0,200,1,151,0,0.00171278,0,21,ThetaStar,97,c822244724d7cdacecb1bb00cfdbec119fa871ae56f86dc726b5492033d970fe,1,right_rack_detour,True,3.5924949216829387,3.751558766782812,4.79559628646277,1,0.004984426001101383
0.006,21.872861859447593,4.440892098500626e-16,3.938714908428501e-17,,8.353467325102692,raw,0.05,259,276dfe4bd18923ba637edf397519a72218e9467b539028b1299958f6aab99ea1,13.656872265634105,,,,0,0.0,,,,,,0,,ThetaStar,275,276dfe4bd18923ba637edf397519a72218e9467b539028b1299958f6aab99ea1,1,long_southwest_to_northeast,True,21.872861859447593,8.353467325102692,13.656872265634105,1,0.02745735999997123
0.003,4.051250882331663,0.03509099486080726,0.008247497663556275,,2.1680630660130142,simple,0.05,259,a2efb9aebcfd64ffc29dee4fb0ef31fdb4399dc764aeea1fef129d9c1c50757f,13.574164651671586,,,,0,0.0,,,,,,0,,ThetaStar,273,276dfe4bd18923ba637edf397519a72218e9467b539028b1299958f6aab99ea1,1,long_southwest_to_northeast,True,4.051250882331663,2.1680630660130142,13.574164651671586,1,0.0068430669998633675
0.0,8.164948354042126,0.008275609181332437,0.0016609866481511646,,3.7222312600358602,savitzky_golay,0.05,259,cc861500b4d2014279f28f36ba2ee8d42bf03cad085719c9d076e629068f4bbf,13.640560336078352,,,,0,0.0,,,,,,0,,ThetaStar,274,276dfe4bd18923ba637edf397519a72218e9467b539028b1299958f6aab99ea1,1,long_southwest_to_northeast,True,8.164948354042126,3.7222312600358602,13.640560336078352,1,0.006469292000474525
0.012,5.869206716300773,0.0459866992352822,0.01415113029690177,,2.9503435019918807,constrained,0.05,259,13fed7ff4fbbd0cf0e04bf18a581973e77cf5df3bc3e50edda2000df8fc05b03,13.674891255161404,,,,0,0.0,,,,,,0,,ThetaStar,275,276dfe4bd18923ba637edf397519a72218e9467b539028b1299958f6aab99ea1,1,long_southwest_to_northeast,True,5.869206716300773,2.9503435019918807,13.674891255161404,1,0.017365780999170966
0.006,13.518488887945008,0.0363757212198589,0.009400139370522486,,4.926144803190318,pivot_g2,0.05,517,4a14a95a856a38cc04226e0a234daddcbefaacc245acaadcc72b9173adc58496,13.643864212307868,33,20,17,3,0.463647609000806,200,0.958824,517,3,0.00502705,1.1071487177940904,95,ThetaStar,274,276dfe4bd18923ba637edf397519a72218e9467b539028b1299958f6aab99ea1,1,long_southwest_to_northeast,True,10.456353525290286,5.3862775349545915,13.646253508955569,4,0.014482892998785246
0.006,29.96713440193163,4.440892098500626e-16,4.4167553693319544e-17,,13.211045397234837,raw,0.05,258,f5ceb36db1b18d145d917d9089df9bbc4ebfc0adfc3cb3af3328be267e5a0e63,13.672492277711282,,,,0,0.0,,,,,,0,,ThetaStar,275,f5ceb36db1b18d145d917d9089df9bbc4ebfc0adfc3cb3af3328be267e5a0e63,1,long_northeast_to_southwest,True,29.96713440193163,13.211045397234837,13.672492277711282,1,0.010052543999336194
0.003,3.4980541135937693,0.036625392834008785,0.00813182394054548,,1.892173078429749,simple,0.05,258,248eb487fe486d5a56517a6e5a190fda7c42f92b36dde745e06806e89150fc32,13.586568604674584,,,,0,0.0,,,,,,0,,ThetaStar,273,f5ceb36db1b18d145d917d9089df9bbc4ebfc0adfc3cb3af3328be267e5a0e63,1,long_northeast_to_southwest,True,3.4980541135937693,1.892173078429749,13.586568604674584,1,0.006378288999258075
0.003,7.889111786833237,0.01486201384118413,0.0019550798848322285,,4.038571942491414,savitzky_golay,0.05,258,fe7cd26f17bf2e816378bd46a4b3342386497a00bc0d6a6cb7c894fa1e8ef340,13.647753561432731,,,,0,0.0,,,,,,0,,ThetaStar,275,f5ceb36db1b18d145d917d9089df9bbc4ebfc0adfc3cb3af3328be267e5a0e63,1,long_northeast_to_southwest,True,7.889111786833237,4.038571942491414,13.647753561432731,1,0.005936942998232553
0.009000000000000001,5.092721310802386,0.03344334650124391,0.011297989999259319,,4.068690527773785,constrained,0.05,258,daa01d47dffde011c70cf97d890280e4da88e47589bfbb09daba20a383c8eb93,13.659418360628484,,,,0,0.0,,,,,,0,,ThetaStar,275,f5ceb36db1b18d145d917d9089df9bbc4ebfc0adfc3cb3af3328be267e5a0e63,1,long_northeast_to_southwest,True,5.092721310802386,4.068690527773785,13.659418360628484,1,0.016738856000301894
0.009000000000000001,17.104960960586936,0.013190805467195975,0.0012201011825776445,,13.211045397234995,pivot_g2,0.05,552,15512fbe069fa4bf44ace82bc8a16213b8d907cd727c67101d65d84520cc962c,13.658306210591153,43,21,20,1,0.785398163397448,200,1,552,1,0.00817333,0.785398163397448,130,ThetaStar,275,f5ceb36db1b18d145d917d9089df9bbc4ebfc0adfc3cb3af3328be267e5a0e63,1,long_northeast_to_southwest,True,8.21507856010841,3.747410786187702,13.6604256383343,2,0.018978660000357195
0.003,5.1002111312387,4.440892098500626e-16,9.677360986340288e-17,,3.4349646960949354,raw,0.05,214,b44b951f1f0f1074e0aaa7cc3f66a29c15d57fed8b98fe1f14aefdc8d6bd7c20,12.085153966863464,,,,0,0.0,,,,,,0,,ThetaStar,243,b44b951f1f0f1074e0aaa7cc3f66a29c15d57fed8b98fe1f14aefdc8d6bd7c20,1,crossing_northwest_to_southeast,True,5.1002111312387,3.4349646960949354,12.085153966863464,1,0.006155021001177374
0.0,0.45547820703997566,0.015010734665652496,0.003636870670919907,,0.6708777790248245,simple,0.05,214,7b500bc3656cab94463541f697ef05e8806ac2eecd1d189a895c932543fe9090,12.070657687966037,,,,0,0.0,,,,,,0,,ThetaStar,243,b44b951f1f0f1074e0aaa7cc3f66a29c15d57fed8b98fe1f14aefdc8d6bd7c20,1,crossing_northwest_to_southeast,True,0.45547820703997566,0.6708777790248245,12.070657687966037,1,0.006199432000357774
0.0,1.3845109680217234,0.005211393706604708,0.0011629650496660733,,1.0931732620949273,savitzky_golay,0.05,214,35c72090d3d1cecea67d0e22d9ffd4972f12d76182a32f17a6c81b1937d15e6a,12.079880240350828,,,,0,0.0,,,,,,0,,ThetaStar,243,b44b951f1f0f1074e0aaa7cc3f66a29c15d57fed8b98fe1f14aefdc8d6bd7c20,1,crossing_northwest_to_southeast,True,1.3845109680217234,1.0931732620949273,12.079880240350828,1,0.005364921998989303
0.009000000000000001,0.6557588211011167,0.019133616608167796,0.005718666923033917,,0.8302609007902736,constrained,0.05,214,72c67787a32f4388790890c83bcf458d5caae0df99139e6c0a7384781b83734a,12.083892327539157,,,,0,0.0,,,,,,0,,ThetaStar,243,b44b951f1f0f1074e0aaa7cc3f66a29c15d57fed8b98fe1f14aefdc8d6bd7c20,1,crossing_northwest_to_southeast,True,0.6557588211011167,0.8302609007902736,12.083892327539157,1,0.013976856998851872
0.006,3.302763147542872,0.055709836274717026,0.017554458624060326,,1.8505512907373534,pivot_g2,0.05,430,9c9f6a1fb48f5b4ae702c584ac1999916254b3f158f6bad1fd21118d62846250,12.080805156345736,26,13,13,0,0.0,200,0.946154,430,0,0.00498069,0,88,ThetaStar,243,b44b951f1f0f1074e0aaa7cc3f66a29c15d57fed8b98fe1f14aefdc8d6bd7c20,1,crossing_northwest_to_southeast,True,3.302763147542872,1.8505512907373534,12.080805156345736,1,0.015349090999734472
0.0,10.393284616382514,2.220446049250313e-16,2.8328685509662797e-17,,10.645834363835602,raw,0.05,127,5589fb3e223a928f4fb9989c8e0410f5ce39bfe2cfe513957fa0c32ff5f7c8f6,6.844286294984423,,,,0,0.0,,,,,,0,,ThetaStar,138,5589fb3e223a928f4fb9989c8e0410f5ce39bfe2cfe513957fa0c32ff5f7c8f6,1,central_south_to_north,True,10.393284616382514,10.645834363835602,6.844286294984423,1,0.009241817000656738
0.0,0.7153701772419533,0.030800461798113438,0.005823686373111144,,1.448581680804423,simple,0.05,127,2e65fe2b2d006d28f2e180d4317112efca9b9223874925ad5f4cc5217328a4dc,6.821921027306835,,,,0,0.0,,,,,,0,,ThetaStar,138,5589fb3e223a928f4fb9989c8e0410f5ce39bfe2cfe513957fa0c32ff5f7c8f6,1,central_south_to_north,True,0.7153701772419533,1.448581680804423,6.821921027306835,1,0.004331553000156418
0.0,1.9025128333016252,0.010359212325773725,0.0015979460782152804,,2.8432617146292185,savitzky_golay,0.05,127,9a74cfafc4e5e6f521e9f9b8e4c658218c9fc2be8d33e7abe0fe7a7dd67290b8,6.83641272902456,,,,0,0.0,,,,,,0,,ThetaStar,138,5589fb3e223a928f4fb9989c8e0410f5ce39bfe2cfe513957fa0c32ff5f7c8f6,1,central_south_to_north,True,1.9025128333016252,2.8432617146292185,6.83641272902456,1,0.00416639100149041
0.009000000000000001,0.863662731443444,0.03274169056571484,0.012123617991480597,,1.220399151444222,constrained,0.05,127,33b631f1eafb153d9f36bafe7fcf6d88138eba931c2076b2bfc7e6576f17b199,6.845169797587614,,,,0,0.0,,,,,,0,,ThetaStar,138,5589fb3e223a928f4fb9989c8e0410f5ce39bfe2cfe513957fa0c32ff5f7c8f6,1,central_south_to_north,True,0.863662731443444,1.220399151444222,6.845169797587614,1,0.010607492000417551
0.003,5.090104165944354,0.03615092394707737,0.015858671949878216,,6.340573464917724,pivot_g2,0.05,194,2176e299856fb86a2afd8744f0d58b27e8e2b2c6f0270efd74b5ed03ec84d86c,6.833079713195753,10,5,3,2,0.321750554396642,200,0.956549,194,2,0.00169081,0.643501108793284,20,ThetaStar,138,5589fb3e223a928f4fb9989c8e0410f5ce39bfe2cfe513957fa0c32ff5f7c8f6,1,central_south_to_north,True,2.001408215679991,2.3013197116499606,6.833728242831412,3,0.006161901999803376
0.0,13.870986572076308,2.220446049250313e-16,4.7745371109350785e-17,,8.26565566327993,raw,0.05,127,5947e6176039f34fe93c4e279c1b28d548cf2c869d971f5bf1e3390372e035d4,6.5845954185214275,,,,0,0.0,,,,,,0,,ThetaStar,133,5947e6176039f34fe93c4e279c1b28d548cf2c869d971f5bf1e3390372e035d4,1,right_south_to_north,True,13.870986572076308,8.26565566327993,6.5845954185214275,1,0.003472747001069365
0.0,1.538616149658576,0.03178326842389366,0.007636422662908055,,1.9625011099809855,simple,0.05,127,c2e4cd1015d4fc857335871ba815db917e1630461b0d62990729393041dbb3e9,6.547103733462999,,,,0,0.0,,,,,,0,,ThetaStar,132,5947e6176039f34fe93c4e279c1b28d548cf2c869d971f5bf1e3390372e035d4,1,right_south_to_north,True,1.538616149658576,1.9625011099809855,6.547103733462999,1,0.004383133000374073
0.0,3.687074145297738,0.00922196030987555,0.0017622916932267696,,3.1943424772381164,savitzky_golay,0.05,127,ee6d1d0a7748ffd388f1c088d4b0fca95a3b20beb4e5c4972807022b0047e737,6.575339777001091,,,,0,0.0,,,,,,0,,ThetaStar,133,5947e6176039f34fe93c4e279c1b28d548cf2c869d971f5bf1e3390372e035d4,1,right_south_to_north,True,3.687074145297738,3.1943424772381164,6.575339777001091,1,0.004064187000039965
0.006,3.0570236052452784,0.019257996581353458,0.007448018018390045,,2.4887925827801127,constrained,0.05,127,1aa7d482f702a2a03ded53200d8db75c8587c843f34cd81367745ba90530f9c5,6.575784615356439,,,,0,0.0,,,,,,0,,ThetaStar,133,5947e6176039f34fe93c4e279c1b28d548cf2c869d971f5bf1e3390372e035d4,1,right_south_to_north,True,3.0570236052452784,2.4887925827801127,6.575784615356439,1,0.010488108000572538
0.003,5.544116484605846,0.006791028944331718,0.0012099926211660739,,3.7512582948085362,pivot_g2,0.05,259,9f3894240c4e382dd938512fc4b6c0bcefaa6b9cc8100c00dab8ab8e4460bf4a,6.5763812030226925,19,10,9,1,0.19739555984988089,200,1,259,1,0.00219276,0.19739555984988089,53,ThetaStar,133,5947e6176039f34fe93c4e279c1b28d548cf2c869d971f5bf1e3390372e035d4,1,right_south_to_north,True,5.082268733546871,3.7512582948085362,6.576622577950607,2,0.007428254999467754
0.0,0.0,0.0,0.0,,0.0,raw,0.05,57,8e8937e9c159df347bfeb35a8ef5ba9f07427b0a573b34c67b41c67bdab7e75a,2.8000000417232513,,,,0,0.0,,,,,,0,,ThetaStar,58,8e8937e9c159df347bfeb35a8ef5ba9f07427b0a573b34c67b41c67bdab7e75a,1,upper_open_short,True,0.0,0.0,2.8000000417232513,1,0.00191371900109516
0.0,0.0,0.0,0.0,,0.0,simple,0.05,57,8e8937e9c159df347bfeb35a8ef5ba9f07427b0a573b34c67b41c67bdab7e75a,2.8000000417232513,,,,0,0.0,,,,,,0,,ThetaStar,58,8e8937e9c159df347bfeb35a8ef5ba9f07427b0a573b34c67b41c67bdab7e75a,1,upper_open_short,True,0.0,0.0,2.8000000417232513,1,0.002825382998707937
0.0,0.0,0.0,0.0,,0.0,savitzky_golay,0.05,57,38d167a9cddc73aed4a5d9587122df47491cc11cac9552a7d4b00496f69a366a,2.8000000417232513,,,,0,0.0,,,,,,0,,ThetaStar,58,8e8937e9c159df347bfeb35a8ef5ba9f07427b0a573b34c67b41c67bdab7e75a,1,upper_open_short,True,0.0,0.0,2.8000000417232513,1,0.003169084000546718
0.0,0.0,0.0,0.0,,0.0,constrained,0.05,57,8e8937e9c159df347bfeb35a8ef5ba9f07427b0a573b34c67b41c67bdab7e75a,2.8000000417232513,,,,0,0.0,,,,,,0,,ThetaStar,58,8e8937e9c159df347bfeb35a8ef5ba9f07427b0a573b34c67b41c67bdab7e75a,1,upper_open_short,True,0.0,0.0,2.8000000417232513,1,0.00284584900146001
0.0,0.0,0.0,0.0,,0.0,pivot_g2,0.05,58,6de335806f6b7d59090c0852d3544939486942abfe4d5491ea76baf846d5e922,2.8000000417232513,,,,0,0.0,,,,,,0,,ThetaStar,58,8e8937e9c159df347bfeb35a8ef5ba9f07427b0a573b34c67b41c67bdab7e75a,1,upper_open_short,True,0.0,0.0,2.8000000417232513,1,0.0028866089996881783
0.0,11.731244161565762,4.440892098500626e-16,9.281655261541215e-17,,10.232760212518377,raw,0.05,89,42b1f0fd03008334d21d494ed2649ac602ab88fe3789d33c648d21eb54cd698d,4.587792072835886,,,,0,0.0,,,,,,0,,ThetaStar,93,42b1f0fd03008334d21d494ed2649ac602ab88fe3789d33c648d21eb54cd698d,1,lower_left_diagonal,True,11.731244161565762,10.232760212518377,4.587792072835886,1,0.0022064859986130614
0.0,1.9895443918302735,0.04055970453844827,0.009970167762020764,,2.257917080542051,simple,0.05,89,dba4c8f9c72cedc1766093c3f01c1f98356e7619e3f8290ab526d5ae885eddb5,4.546057263681913,,,,0,0.0,,,,,,0,,ThetaStar,92,42b1f0fd03008334d21d494ed2649ac602ab88fe3789d33c648d21eb54cd698d,1,lower_left_diagonal,True,1.9895443918302735,2.257917080542051,4.546057263681913,1,0.0036281829998188186
0.0,3.6019192891725313,0.00988207561919122,0.0021035877385813554,,3.8253216771046983,savitzky_golay,0.05,89,a2c674fdcd6b90ee21adf44b6431909bcc511cad75f097f16548c79b1461173d,4.578703164394632,,,,0,0.0,,,,,,0,,ThetaStar,93,42b1f0fd03008334d21d494ed2649ac602ab88fe3789d33c648d21eb54cd698d,1,lower_left_diagonal,True,3.6019192891725313,3.8253216771046983,4.578703164394632,1,0.00421594499857747
0.006,2.990202144142292,0.03416578270127867,0.013199355477602127,,2.2246556200988117,constrained,0.05,89,5b85d5c5e295343b39ee3a75679deed59e4e0f7cc696a55008833a9754d9f13f,4.590034187942842,,,,0,0.0,,,,,,0,,ThetaStar,93,42b1f0fd03008334d21d494ed2649ac602ab88fe3789d33c648d21eb54cd698d,1,lower_left_diagonal,True,2.990202144142292,2.2246556200988117,4.590034187942842,1,0.006983438999668579
0.003,4.607380771875682,0.014720792683984983,0.005512604402264009,,4.329440193879779,pivot_g2,0.05,130,57e27b36db67298e352efb556f4b50e20386ad0eafe5c507dbb0740c46139d82,4.573987866405792,10,4,3,1,0.3217505543966419,200,0.907282,130,1,0.00128903,0.3217505543966419,19,ThetaStar,93,42b1f0fd03008334d21d494ed2649ac602ab88fe3789d33c648d21eb54cd698d,1,lower_left_diagonal,True,3.393011225006411,3.3090092867626897,4.574633487367121,2,0.004834556999412598
